한글,French,Example Sentence,Translated Sentence,Explanation
1과,,,,
꾸중,a scolding,어머니에게 크게 꾸중을 들었어요.,J'ai reçu une grosse gronderie de ma mère.,Mot soutenu pour désigner une réprimande ou un reproche fait par un supérieur ou un aîné.
꾸중을 듣다,to be scolded,지각해서 선생님께 꾸중을 들었어요.,J'ai été grondé par le professeur pour mon retard.,꾸중 = gronderie + 듣다 = entendre. Expression figée très courante pour dire qu'on se fait réprimander.
데,a place,아픈 데는 없어요?,Vous n'avez mal nulle part ?,Mot dépendant signifiant "un endroit" ou "un point". Toujours précédé d'un adjectif ou d'un verbe.
안내소,information center,역 안내소에서 지도를 받았어요.,J'ai reçu une carte au bureau d'information.,안내 = information/guidage + 소 = bureau/lieu. Point de repère indispensable pour les touristes.
오해,misunderstanding,그건 단순한 오해였어요.,C'était un simple malentendu.,Fait de mal comprendre les intentions ou les paroles de quelqu'un.
오해를 받다,to be misunderstood,아무 이유 없이 오해를 받았어요.,J'ai été incompris sans aucune raison.,오해 = malentendu + 받다 = recevoir. Être victime d'une fausse interprétation de la part des autres.
차이,"a difference, dissimilarity",두 문화 사이에는 큰 차이가 있어요.,Il y a une grande différence entre les deux cultures.,Désigne l'écart ou la distinction entre deux choses personnes ou concepts.
밟다,"to step, to tread",잔디를 밟지 마세요.,Ne marchez pas sur la pelouse.,Verbe d'action consistant à poser le pied sur quelque chose.
발을 밟다,to step on one's foot,지하철에서 앞 사람의 발을 밟았어요.,J'ai marché sur le pied de la personne devant moi dans le métro.,발 = pied + 밟다 = marcher sur. Geste accidentel fréquent dans les transports en commun.
오해하다,to misunderstand,제 말을 오해하지 마세요.,Ne comprenez pas mal mes propos.,Verbe actif. Interpréter de travers une situation ou un discours.
당황하다,to get flustered,갑작스러운 질문에 당황했어요.,J'ai été décontenancé par la question soudaine.,Sentiment de panique légère et de confusion face à une situation inattendue.
버릇없다,to have no manners,어른에게 버릇없게 행동하면 안 돼요.,Il ne faut pas se comporter de manière impolie envers les adultes.,버릇 = habitude/manière + 없다 = ne pas avoir. Manquer de savoir-vivre ou d'éducation.
똑바로,straight,선을 똑바로 그으세요.,Tracez la ligne bien droite.,Adverbe indiquant une ligne droite physique ou une attitude franche et directe.
똑바로 쳐다보다,to look someone straight in the eye,장난치지 말고 제 눈을 똑바로 쳐다보세요.,Ne plaisante pas et regarde-moi droit dans les yeux.,똑바로 = droit + 쳐다보다 = fixer du regard. En Corée fixer un aîné dans les yeux peut être perçu comme impoli.
버럭 화를 내다,to suddenly become cross,친구가 갑자기 버럭 화를 내서 놀랐어요.,J'ai été surpris car mon ami s'est soudainement mis en colère.,버럭 = onomatopée pour un éclat soudain + 화를 내다 = se fâcher. Piquer une crise de colère spontanée.
각자,"individually, respectively",메뉴는 각자 고릅시다.,Que chacun choisisse son menu.,Terme désignant chaque individu d'un groupe pris séparément.
마찬가지,sameness,저도 당신 생각과 마찬가지예요.,Je suis du même avis que vous.,Exprime l'idée que deux situations choses ou états sont identiques.
계산하다,to pay the bill,제가 밥값을 계산할게요.,Je vais payer l'addition du repas.,Action de payer ou de régler une somme, souvent à la caisse.
돈을 내다,"to pay, to give money",이번에는 제가 돈을 낼게요.,Cette fois-ci c'est moi qui paie.,돈 = argent + 내다 = sortir. Expression plus courante et directe que 계산하다.
부담스럽다,to be burdensome,너무 비싼 선물은 조금 부담스러워요.,Un cadeau trop cher me met un peu mal à l'aise.,Sentiment d'inconfort lié à une pression financière psychologique ou sociale.
경우,"an occasion, a circumstance",비가 올 경우에는 행사가 취소됩니다.,En cas de pluie l'événement sera annulé.,Désigne une situation un cas de figure ou des circonstances particulières.
긍정적으로 생각하다,to think positively about something,힘든 상황에서도 긍정적으로 생각하세요.,Même dans une situation difficile pensez positivement.,긍정적 = positif + 으로 = de manière + 생각하다 = penser. Attitude mentale valorisée en Corée.
기본적이다,"to be fundamental, to be basic",이것은 아주 기본적인 규칙입니다.,C'est une règle très basique.,Ce qui constitue la base ou le fondement d'une chose.
남녀,"male and female, men and women",이 화장실은 남녀 공용이에요.,Ces toilettes sont mixtes (hommes et femmes).,Contraction de 남자 (homme) et 여자 (femme). Souvent utilisé dans des contextes formels.
미혼 남녀,unmarried men and women,최근 미혼 남녀의 비율이 늘고 있어요.,Récemment la proportion d'hommes et de femmes célibataires augmente.,미혼 = célibataire/non marié + 남녀 = hommes et femmes. Cible démographique très étudiée en Corée.
넷째,the fourth,그는 넷째 아들이에요.,Il est le quatrième fils.,Quatrième élément d'une série. S'utilise pour compter les enfants ou les étapes.
둘째,the second,우리 집 둘째는 딸이에요.,Notre deuxième enfant est une fille.,Deuxième élément d'une série. Souvent utilisé pour désigner le second enfant de la fratrie.
부부,husband and wife,두 분은 참 보기 좋은 부부예요.,Vous formez un très beau couple marié.,부 = mari + 부 = femme. Terme désignant un couple légalement marié.
서로,"mutually, reciprocally",서로 돕고 살아야 해요.,Nous devons vivre en nous entraidant.,Exprime une action réciproque entre deux ou plusieurs personnes.
성형 수술,"plastic surgery, cosmetic surgery",한국에서 성형 수술을 하는 사람들이 많아요.,Il y a beaucoup de gens qui font de la chirurgie esthétique en Corée.,성형 = modelage/chirurgie plastique + 수술 = opération. Pratique courante et acceptée en Corée.
연애,"romance, going out with someone",지금 연애 중이에요?,Êtes-vous en couple en ce moment ?,Relation amoureuse entre deux personnes. Se distingue de 사랑 (amour).
연애 결혼,a marriage initiated by love,요즘은 중매보다 연애 결혼을 많이 해요.,De nos jours on fait plus de mariages d'amour que de mariages arrangés.,연애 = romance + 결혼 = mariage. Mariage basé sur un choix personnel et l'amour.
재산,one's estate (net worth),그분은 재산이 아주 많으세요.,Cette personne a beaucoup de biens.,Ensemble des biens de l'argent et du patrimoine possédés par une personne.
조건,"a qualification, a stipulation",결혼 상대의 조건이 까다로워요.,Ses critères pour un conjoint sont stricts.,Exigences ou critères prérequis pour accomplir quelque chose.
조건이 비슷하다,to have similar conditions (stipulations),두 회사의 근무 조건이 비슷해요.,Les conditions de travail des deux entreprises sont similaires.,조건 = conditions/critères + 비슷하다 = être similaire. C'est souvent important dans les mariages arrangés.
종교,religion,당신의 종교는 무엇입니까?,Quelle est votre religion ?,Système de croyances. En Corée chrétiens bouddhistes et non-croyants cohabitent pacifiquement.
중매,matchmaking,친척의 중매로 남편을 만났어요.,J'ai rencontré mon mari par l'entremise d'un parent.,Action de présenter deux personnes en vue d'un mariage. Encore pratiqué en Corée par des intermédiaires ou agences.
중매 결혼,a marriage arranged by a matchmaker,옛날에는 중매 결혼이 흔했어요.,Autrefois les mariages arrangés étaient courants.,Mariage arrangé via un entremetteur souvent basé sur les conditions familiales et sociales.
중반,the middle (phase),경기가 중반에 접어들었어요.,Le match est entré dans sa phase intermédiaire.,Milieu d'une période de temps d'une époque ou d'une tranche d'âge.
30대 중반,mid 30's,그는 30대 중반입니다.,Il a la mi-trentaine.,30대 = tranche des 30-39 ans + 중반 = milieu. Désigne l'âge de 34 à 36 ans environ.
지위,one's position,그는 회사에서 높은 지위를 차지하고 있어요.,Il occupe un rang élevé dans l'entreprise.,Rang ou position occupée dans une hiérarchie sociale ou professionnelle.
사회적 지위,"one's social position, one's status in society",결혼할 때 상대방의 사회적 지위를 고려하기도 해요.,Lors d'un mariage on prend parfois en compte le statut social de l'autre.,사회적 = social + 지위 = statut. Le statut social joue un rôle important dans la société coréenne.
취직,employment,졸업 후 바로 취직했어요.,J'ai trouvé un emploi juste après mon diplôme.,Action d'obtenir un emploi et de s'insérer dans le monde professionnel.
학력,one's scholastic achievements,이력서에 학력을 기재하세요.,Veuillez inscrire votre niveau d'études sur votre CV.,学력 = niveau d'instruction/diplômes. Critère décisif dans le recrutement et les mariages en Corée.
찬성하다,to approve of,그 의견에 찬성합니다.,Je suis d'accord avec cette opinion.,Action d'exprimer son accord ou son soutien à une proposition. Contraire de 반대하다 (s'opposer).
마음대로,(to do) as one pleases,마음대로 하세요.,Faites comme bon vous semble.,마음 = esprit/cœur + 대로 = comme/selon. Agir selon sa propre volonté sans contrainte.
자기 마음대로,(to do) as one pleases,자기 마음대로 결정을 내렸어요.,Il a pris la décision de son propre chef.,자기 = soi-même + 마음대로 = à sa guise. Exprime parfois un côté égoïste ou autoritaire.
개,a dog,공원에서 개를 산책시키고 있어요.,Je promène mon chien dans le parc.,Le chien. Terme générique. Souvent utilisé en Corée pour les chiens de garde par opposition à 강아지 (chiot/chien de compagnie).
개고기,dog meat,요즘은 개고기를 먹는 사람이 많이 줄었어요.,De nos jours le nombre de personnes mangeant de la viande de chien a beaucoup diminué.,개 = chien + 고기 = viande. Pratique devenue rare et très marginalisée en Corée moderne.
농사,farming,농사를 지어서 채소를 수확해요.,Je cultive et je récolte des légumes.,Ensemble des travaux liés à l'agriculture et à la culture des terres.
농사를 짓다,to farm,할아버지는 시골에서 농사를 지으십니다.,Mon grand-père cultive la terre à la campagne.,농사 = agriculture + 짓다 = faire/bâtir. Construction verbale spécifique pour l'acte d'exploiter la terre.
동물,an animal,동물원에 가서 사자를 봤어요.,Je suis allé au zoo et j'ai vu un lion.,Être vivant doué de mouvement (animaux). Animaux de compagnie se dit 반려동물.
방청객,an audience,방청객들의 웃음소리가 들렸어요.,On entendait les rires du public du studio.,Public qui assiste à une émission de télévision ou de radio un procès etc.
사회자,a master of ceremonies,오늘 행사의 사회자는 누구인가요?,Qui est l'animateur de l'événement d'aujourd'hui ?,Personne qui dirige et anime une émission un événement ou un débat.
소고기,beef,저녁으로 소고기를 구워 먹었어요.,On a grillé et mangé du bœuf pour le dîner.,소 = bœuf/vache + 고기 = viande. Le bœuf coréen (한우) est réputé et coûteux.
심리적,psychologically,스트레스는 심리적인 영향을 미칩니다.,Le stress a un impact psychologique.,Qui a rapport à la psychologie ou à l'état mental.
심리적으로 가깝다,to be psychologically similar,우리는 심리적으로 가깝게 느껴져요.,On se sent psychologiquement proches.,심리적 = psychologique + 으로 = de manière + 가깝다 = proche. Sensation d'affinité mentale.
영양가,nutritional value,이 음식은 영양가가 높아요.,Ce plat a une grande valeur nutritionnelle.,영양 = nutrition/nutriments + 가 = valeur. Qualité nutritive d'un aliment.
영양가가 많다,to be high in nutrition,시금치는 영양가가 많아요.,Les épinards sont riches en nutriments.,영양가 = valeur nutritionnelle + 많다 = être nombreux/abondant. Avoir une forte teneur en vitamines et minéraux.
상상하다,to imagine,미래의 내 모습을 상상해 보았어요.,J'ai imaginé à quoi je ressemblerai dans le futur.,Se représenter mentalement quelque chose qui n'est pas présent ou qui n'existe pas.
모든,"all, whole",모든 사람이 그 의견에 동의했어요.,Tout le monde a accepté cette opinion.,Déterminant désignant l'intégralité d'un groupe ou d'un ensemble sans exception.
꼭 그렇지는 않습니다.,It's not exactly like that.,돈이 많다고 꼭 행복한 건 아니에요. 꼭 그렇지는 않습니다.,Avoir beaucoup d'argent ne rend pas forcément heureux. Ce n'est pas tout à fait comme ça.,Expression figée. 꼭 = nécessairement + 그렇다 = être ainsi + 지 않다 = négation. Nuance un propos avec politesse.
개인적으로,privately,개인적으로 저는 이 영화가 좋았어요.,Personnellement j'ai bien aimé ce film.,개인적 = personnel + 으로 = de manière. S'utilise pour exprimer sa propre opinion de façon détendue.
관계,relations,두 나라 사이의 관계가 좋아졌어요.,Les relations entre les deux pays se sont améliorées.,Lien ou rapport existant entre deux personnes groupes ou choses.
단결,"unity, solidarity",팀원들의 단결이 우승의 비결입니다.,La solidarité des membres de l'équipe est le secret de la victoire.,Fait de s'unir étroitement vers un but commun. Très important dans la culture d'entreprise coréenne.
불만,dissatisfaction,서비스에 대한 불만이 많아요.,Il y a beaucoup de mécontentement concernant le service.,État de ne pas être satisfait ou sentiment d'insatisfaction.
불만을 말하다,to express one's dissatisfaction,고객이 제품에 대해 불만을 말했어요.,Le client a exprimé son mécontentement à propos du produit.,불만 = mécontentement + 말하다 = dire/exprimer. Faire une réclamation ou se plaindre ouvertement.
심리,"psychology, mentally",소비자의 심리를 분석하는 것이 중요해요.,Il est important d'analyser la psychologie des consommateurs.,État mental ou processus mentaux d'une personne vis-à-vis d'une situation.
이하,equal to or less than,10세 이하 어린이는 무료입니다.,Les enfants de 10 ans ou moins sont gratuits.,Désigne une quantité ou un niveau inférieur ou égal à une limite donnée. Opposé de 이상.
인간,a human being,인간은 생각하는 동물이다.,L'humain est un animal pensant.,L'être humain en tant qu'espèce ou entité sociale.
인간 관계,human relations,그는 인간 관계가 아주 넓어요.,Il a d'excellentes relations humaines.,인간 = humain + 관계 = relations. Les interactions et réseaux sociaux essentiels en Corée.
주,a week,다음 주에 회의가 있습니다.,Il y a une réunion la semaine prochaine.,Unité de temps de sept jours (semaine). Souvent rattaché à un chiffre (ex: 일주일).
주5일제,5 day work week,우리 회사는 주5일제를 실시하고 있어요.,Notre entreprise applique la semaine de 5 jours de travail.,주 = semaine + 5일 = 5 jours + 제 = système. Système de travail de 5 jours instauré légalement en Corée dans les années 2000.
평소,"ordinary times, as usual",평소에는 버스를 타고 출근해요.,D'habitude je prends le bus pour aller au travail.,Le temps ordinaire ou la routine habituelle hors événements spéciaux.
한국인,a Korean,한국인은 매운 음식을 잘 먹는 편이에요.,Les Coréens ont tendance à bien manger la nourriture épicée.,한국 = Corée + 인 = personne. Citoyen de Corée ou personne d'ethnie coréenne.
회식,"a business dinner, company social event",오늘 부서 회식이 있어요.,Il y a un dîner d'entreprise pour le département aujourd'hui.,회 = se réunir + 식 = manger. Repas d'entreprise très codifié pour renforcer la cohésion d'équipe (단결).
권하다,to offer a person something,친구가 저에게 책을 권했어요.,Mon ami m'a recommandé un livre.,Suggérer recommander ou offrir poliment quelque chose à quelqu'un.
술(을) 권하다,to offer a drink to someone,회식 자리에서 부장님이 술을 권하셨어요.,Le directeur m'a offert un verre d'alcool lors du dîner d'entreprise.,술 = alcool + 권하다 = offrir/recommander. Geste social fort en Corée lors des 회식 pour montrer de la considération.
늘다,to increase,요즘 한국어를 배우는 사람이 늘고 있어요.,Ces jours-ci le nombre de personnes apprenant le coréen augmente.,Verbe signifiant augmenter en quantité ou s'améliorer en compétence.
줄어들다,"to decrease, to lessen",운동을 하니 체중이 줄어들었어요.,En faisant de l'exercice mon poids a diminué.,줄다 (diminuer) + 들다 (entrer). Verbe décrivant une diminution progressive en taille ou en nombre.
실제로,"actually, really",그 이야기는 실제로 있었던 일이에요.,Cette histoire s'est réellement produite.,실제 = réalité + 로 = en. Pour indiquer qu'un fait est vrai ou s'est déroulé dans la réalité.
자연히,naturally,시간이 지나면 자연히 잊혀질 거예요.,Avec le temps cela s'oubliera naturellement.,자연 = nature + 히 = suffixe adverbial. De manière naturelle sans intervention extérieure.
언제 술이나 한잔 하자.,Let's have a drink sometime.,바쁘겠지만 언제 술이나 한잔 하자.,Tu dois être occupé mais allons prendre un verre un de ces jours.,Expression de salutation très courante en Corée. Plus une formule de politesse amicale qu'une vraie invitation formelle.
,,,,
2과,,,,
속담,"proverb, old saying",한국어에는 재미있는 속담이 많아요.,Il y a beaucoup de proverbes intéressants en coréen.,Phrase courte exprimant une vérité générale ou un conseil souvent issu de la tradition populaire.
뺨,cheek,추워서 뺨이 빨개졌어요.,Mes joues ont rougi à cause du froid.,La partie charnue du visage située de chaque côté sous les yeux.
뺨을 맞다,to be slapped,말대구하다가 뺨을 맞았어요.,J'ai été giflé pour avoir répondu de façon insolente.,뺨 = joue + 맞다 = être frappé. Recevoir une gifle.
화풀이 하다,"to vent one's anger, to take something out on someone else",저에게 화풀이 하지 마세요.,Ne passez pas vos nerfs sur moi.,화 = colère + 풀이 = dénouement + 하다. Décharger sa colère sur une personne innocente.
기획부,planning department,저는 기획부에서 일하고 있어요.,Je travaille dans le département de planification.,기획 = planification/projet + 부 = département. Le service qui conçoit de nouveaux projets dans une entreprise.
영업부,sales department,영업부 직원들은 항상 바빠요.,Les employés du département des ventes sont toujours occupés.,영업 = vente/commerce + 부 = département. Le service chargé de vendre les produits ou services.
중얼거리다,"to mutter, to mumble, to grumble",혼자서 뭐라고 중얼거리는 거예요?,Qu'est-ce que tu marmonnes tout seul ?,Parler à voix très basse et indistincte souvent pour se plaindre ou réfléchir.
부서,department (in a company or organization),어느 부서에서 근무하십니까?,Dans quel département travaillez-vous ?,Terme générique pour désigner une division ou un service au sein d'une organisation.
부장(님),department head (a high position in Korean office hierarchy),부장님께서 회의를 소집하셨습니다.,Le chef de département a convoqué une réunion.,부장 = chef de département. Position hiérarchique très respectée. Toujours ajouter -님 en s'adressant à lui.
혼나다,"to be scolded, to get in trouble",숙제를 안 해서 선생님께 혼났어요.,J'ai été grondé par le professeur car je n'avais pas fait mes devoirs.,혼 = esprit/âme + 나다 = sortir. Se faire réprimander sévèrement (littéralement "perdre son âme de peur").
발 없는 말이 천 리를 간다,Rumors travel far and fast,발 없는 말이 천 리를 간다더니 그 소문이 벌써 퍼졌네.,Comme on dit « les rumeurs vont vite » ce bruit a déjà fait le tour.,Proverbe. 발 = pied + 말 = parole + 천 리 = 400km. Une parole même sans pieds voyage très loin. Fait attention à ce que tu dis.
무시하다,"to ignore, to disregard, to look down on",남의 의견을 무시하면 안 돼요.,Il ne faut pas ignorer l'opinion des autres.,무 = ne pas + 시 = voir. Ignorer quelqu'un ou quelque chose souvent avec mépris.
한번쯤 ...지 않은 사람이 어디 있어요 ?,Who hasn't ... at least once?,실수 한번쯤 하지 않은 사람이 어디 있어요?,Qui n'a pas fait d'erreur au moins une fois ?,Expression rhétorique pour déculpabiliser ou relativiser une erreur ou une action commune.
얘기하자면 길어요.,It's a long story.,그 일에 대해서는 얘기하자면 길어요.,C'est une longue histoire en ce qui concerne cette affaire.,얘기하다 = parler/raconter + 며 = si on + 길다 = être long. Utilisé pour éluder une question ou préparer à un long récit.
과장(님),section chief (lower than a 부장 in rank),과장님께 결재를 받아야 해요.,Je dois obtenir l'approbation du chef de section.,과장 = chef de section. Supérieur direct souvent en charge de l'équipe au quotidien. Sous le 부장.
막,"violently, carelessly",방을 막 어지럽히지 마세요.,Ne mettez pas la chambre en désordre n'importe comment.,Adverbe familier. Faire quelque chose de manière non réfléchie brusque ou excessive.
종로에서 뺨 맞고 한강에서 화풀이 한다,to take one's frustrations out on someone else,왜 나한테 그래? 종로에서 뺨 맞고 한강에서 화풀이 하는 거야?,Pourquoi tu t'en prends à moi ? Tu te fais gifler à Jongno et tu passes tes nerfs sur le fleuve Han ?,Proverbe. Subir une injustice par un fort et se venger sur un plus faible (ou innocent) ailleurs.
소곤거리다,"to whisper, to talk under one's breath",도서관에서는 소곤거려야 해요.,Il faut murmurer dans la bibliothèque.,Parler à voix très basse (chuchoter) souvent pour ne pas être entendu ou échanger un secret.
으이구 (=어이구),an exclamation used to criticize or ridicule someone's behavior,으이구 또 실수했어?,Oh là là tu as encore fait une erreur ?,Interjection exprimant l'exaspération la pitié ou une légère moquerie affectueuse.
호랑이도 제 말 하면 온다,Speak of the devil,호랑이도 제 말 하면 온다더니 마침 친구가 왔네.,Quand on parle du loup... justement mon ami vient d'arriver.,Proverbe. 호랑이 = tigre. La personne dont on est en train de parler apparaît brusquement.
산 넘어 산,"We're not out of the woods yet, Literally, """"Mountains beyond mountains.""",이번 문제를 해결해도 산 넘어 산이에요.,Même si on résout ce problème ce n'est pas fini : une montagne après l'autre.,Proverbe. 산 = montagne. Les difficultés s'enchaînent on surmonte un obstacle pour en trouver un autre.
길고 짧은 것은 대봐야 안다,"There's only one way to find out. You'll never know until you try. Literally, ""You won't know which is shorter and which is longer until you put them next to each other.""",누가 이길지 길고 짧은 것은 대봐야 안다.,Pour savoir qui va gagner il faut comparer : on ne sait jamais avant d'avoir essayé.,Proverbe. 대보다 = mesurer/comparer. Ne pas juger ou tirer de conclusion avant d'avoir vu le résultat final.
세월이 약,"Time heals all wounds. Literally, ""Time is medicine.""",너무 슬퍼하지 마. 세월이 약이야.,Ne sois pas trop triste. Le temps guérit tout.,Proverbe. 세월 = le temps qui passe + 약 = médicament. La douleur s'estompe avec le temps.
무소식이 희소식,No news is good news. (This proverb is the same in Korean and English.),연락이 없어도 걱정 마. 무소식이 희소식이잖아.,Ne t'inquiète pas s'il n'y a pas de nouvelles. Pas de nouvelles bonnes nouvelles.,Proverbe emprunté. 무 = sans + 소식 = nouvelle + 희 = joie. Si tout allait mal on aurait été prévenu.
짜증,"irritation, annoyance",날씨가 더워서 짜증이 나요.,Je suis irrité parce qu'il fait chaud.,Sentiment d'agacement d'irritation ou d'humeur massacrante face à un désagrément.
짜증을 내다,to get annoyed at (someone),아무 이유 없이 짜증을 내지 마세요.,Ne vous énervez pas sans raison.,짜증 = irritation + 내다 = exprimer/sortir. Extérioriser son agacement souvent sur les autres.
기운이 없다,to have no strength or energy,감기에 걸려서 기운이 없어요.,Je n'ai pas d'énergie à cause de mon rhume.,기운 = énergie/force + 없다 = ne pas avoir. État de fatigue physique ou de manque de motivation (le moral à plat).
남의 떡이 더 커 보인다,"The grass is always greener on the other side of the fence. Literally, ""Other people's rice cakes look bigger.""",원래 남의 떡이 더 커 보이는 법이야.,C'est toujours comme ça l'herbe est toujours plus verte chez le voisin.,Proverbe. 남 = les autres + 떡 = gâteau de riz. On a tendance à envier la situation des autres en la croyant meilleure que la sienne.
번역하다,to translate (from one language to another),이 소설을 한국어로 번역했어요.,J'ai traduit ce roman en coréen.,Transposer un texte écrit d'une langue à une autre. Différent de 통역하다 (interpréter à l'oral).
잔디,"grass, a lawn (not wild grass but grass that is trimmed and tended)",잔디밭에 앉아서 쉬었어요.,Je me suis assis sur la pelouse pour me reposer.,Herbe coupée et entretenue souvent dans un parc ou un jardin.
표현하다,to express (a thought or idea),감정을 솔직하게 표현하세요.,Exprimez vos sentiments avec franchise.,Mettre en mots ou en gestes ce que l'on ressent ou pense.
고진감래,"No pain, no gain. Literally, ""Sweet comes after bitter.""",고진감래라고 고생 끝에 좋은 결과가 있었어요.,Après l'effort le réconfort : mes difficultés ont mené à un bon résultat.,Expression idiomatique à 4 caractères (사자성어). Les choses douces (joie) succèdent aux choses amères (peine).
서두르다,"to rush, to hurry",시간이 없으니 서두릅시다.,Dépêchons-nous car nous n'avons pas le temps.,Faire quelque chose avec précipitation ou se dépêcher pour accomplir une action.
망치다,"to ruin, to mess up",긴장해서 시험을 망쳤어요.,J'ai raté l'examen parce que j'étais nerveux.,Gâcher ruiner ou faire échouer quelque chose (un travail un plan un examen).
능력,"power, ability, competence",그는 업무 능력이 뛰어납니다.,Ses compétences professionnelles sont exceptionnelles.,Capacité à faire quelque chose souvent évaluée dans un cadre professionnel ou académique.
고귀하다,"to be noble, to be honorable",생명은 고귀한 것입니다.,La vie est une chose noble et précieuse.,Qualifie ce qui a une valeur morale spirituelle ou vitale élevée. Rarement utilisé au quotidien.
금강산도 식후경,"Eating takes priority over any other activity. Literally, ""Even at Geumgang Mountain, one eats before sightseeing.""",금강산도 식후경이라는데 밥부터 먹고 합시다.,Comme on dit « même le mont Geumgang se visite après le repas » mangeons d'abord.,Proverbe. Qu'importent les beautés du monde il faut d'abord manger pour en profiter.
고생 끝에 낙이 온다,"No pain, no gain. Literally, ""Pleasure comes after difficulty.""",포기하지 마세요. 고생 끝에 낙이 온다고 하잖아요.,N'abandonnez pas. Comme le dit le proverbe le bonheur vient après la peine.,Proverbe. Version purement coréenne de l'expression "고진감래".
가는 말이 고와야 오는 말이 곱다,"What goes around comes around. Literally, ""To hear something beautiful, one must say something beautiful.""",가는 말이 고와야 오는 말이 곱다고 먼저 친절하게 말해보세요.,Pour qu'on te parle bien il faut bien parler : essaie de parler gentiment en premier.,Proverbe. Il faut traiter les autres avec respect si l'on veut être respecté en retour.
원숭이도 나무에서 떨어진다,"Everyone make mistakes sometimes. Literally, ""Even monkeys fall out of trees.""",원숭이도 나무에서 떨어진다는데 너무 실망하지 마.,Même les singes tombent des arbres ne sois pas trop déçu.,Proverbe. Même les experts font parfois des erreurs dans leur domaine de prédilection.
세 살 버릇 여든까지 간다,"Old habits die hard. Literally, ""Habits at three years of age will last until eighty.""",세 살 버릇 여든까지 간다고 어릴 때 예절 교육이 중요해.,Les habitudes de 3 ans vont jusqu'à 80 ans : l'éducation aux bonnes manières est importante dès l'enfance.,Proverbe. Il est très difficile de corriger une mauvaise habitude acquise jeune.
그 아버지에 그 아들,"Like father, like son, Literally, ""the son is in the father,""",둘이 고집 센 걸 보면 그 아버지에 그 아들이야.,En voyant comme ils sont têtus tous les deux tel père tel fils.,Proverbe. S'utilise souvent avec une nuance légèrement péjorative pour pointer un défaut hérité.
하나를 보면 열을 안다,"You can judge someone's character from their behavior, ""If you see one, you know ten.""",하나를 보면 열을 안다고 그 사람의 태도만 봐도 성격을 알겠어.,Si on en voit un on en connaît dix : rien qu'en regardant son attitude je connais sa personnalité.,Proverbe. Un petit détail ou une action permet de déduire le reste du comportement de quelqu'un.
매도 먼저 맞는 게 낫다,"If you have to do something unpleasant, its better to get it out of the way as soon aS possible. Literally, ""Even with a beating, it's better to go first.""",매도 먼저 맞는 게 낫다고 어려운 일부터 끝내자.,Mieux vaut recevoir les coups en premier : finissons le travail difficile d'abord.,Proverbe. Mieux vaut affronter une épreuve difficile immédiatement plutôt que de la repousser.
지저분하다,"to be dirty, to be messy",방이 너무 지저분해서 청소했어요.,J'ai fait le ménage car ma chambre était trop en désordre.,État de désordre de saleté ou d'encombrement qui n'est pas propre.
알아맞히다,"to guess correctly, to figure out",제가 산 선물이 뭔지 알아맞혀 보세요.,Essayez de deviner ce qu'est le cadeau que j'ai acheté.,Trouver la bonne réponse à une devinette ou deviner quelque chose de caché.
점수를 얻다,to earn a point,퀴즈에서 정답을 맞춰 점수를 얻었어요.,J'ai gagné des points en répondant correctement au quiz.,점수 = point/note + 얻다 = obtenir. Obtenir un bon résultat lors d'une évaluation ou compétition.
시,"рoetry, poem",저는 시 읽는 것을 좋아해요.,J'aime lire de la poésie.,Œuvre littéraire rédigée en vers ou expression poétique.
외우다,to memorize,이 번호를 외워 두세요.,Mémorisez ce numéro s'il vous plaît.,Apprendre par cœur pour garder en mémoire (des mots un numéro un poème).
불러주다,to call (someone's name),제 이름을 불러주셔서 감사합니다.,Merci d'avoir appelé mon nom.,Appeler quelqu'un ou dicter quelque chose à voix haute pour quelqu'un.
몸짓,"gesture, motion",그의 몸짓에는 뭔가 의미가 있어요.,Il y a un sens dans ses gestes.,Mouvement du corps utilisé pour communiquer sans paroles.
-에 지나지 않다,"to be only, to be no more than",그것은 변명에 지나지 않아.,Ce n'est rien d'autre qu'une excuse.,Construction grammaticale signifiant que quelque chose n'est "rien de plus que" ou "n'est autre que".
빛깔,color,낙엽의 빛깔이 아주 아름다워요.,Les couleurs des feuilles d'automne sont très belles.,Mot poétique ou descriptif pour désigner une teinte ou une couleur à la fois visuelle et atmosphérique.
향기,"scent, aroma",꽃에서 좋은 향기가 나요.,Cette fleur dégage un doux parfum.,La bonne odeur qui se dégage des fleurs des fruits ou de choses agréables.
잊혀지다,to be forgotten,그 노래는 사람들에게 점차 잊혀졌어요.,Cette chanson a été progressivement oubliée par les gens.,Passif de 잊다. Fait de disparaître de la mémoire des autres au fil du temps.
시인,poet,유명한 시인의 시집을 샀어요.,J'ai acheté le recueil d'un poète célèbre.,시 = poésie + 인 = personne. Personne qui écrit de la poésie.
존재,existence,가족은 내게 가장 소중한 존재예요.,Ma famille est la présence la plus précieuse pour moi.,Le fait d'exister ou un être qui a de la valeur pour quelqu'un.
그늘,shade (of a tree),나무 그늘에서 잠깐 쉬었어요.,Je me suis reposé un instant à l'ombre de l'arbre.,Zone sombre protégée du soleil naturel (différent de 그림자 qui est l'ombre projetée d'une forme).
그루,counting word for tree,마당에 사과나무 두 그루를 심었어요.,J'ai planté deux pommiers dans le jardin.,Classificateur (compteur) coréen utilisé spécifiquement pour les arbres et les plantes.
나무 한 그루,one tree,언덕 위에 나무 한 그루가 있어요.,Il y a un arbre sur la colline.,나무 = arbre + 한 = un + 그루 = classificateur. Structure typique de comptage en coréen.
눈이 부시다,there is a glare,햇빛이 너무 강해서 눈이 부셔요.,Le soleil est si fort que ça m'éblouit.,눈 = œil + 부시다 = éblouir. Être ébloui par une lumière physique ou figurativement par la beauté.
햇살,"sunlight, sunshine",따뜻한 햇살이 창문으로 들어와요.,Les chauds rayons du soleil entrent par la fenêtre.,Lumière ou rayons du soleil sentis souvent comme agréables et chaleureux.
세상,world,세상에는 다양한 사람들이 살고 있어요.,Diverses personnes vivent dans le monde.,Le monde la société humaine ou l'univers dans lequel on vit.
방울,drop (of liquid),비가 한 방울씩 떨어지기 시작했어요.,La pluie a commencé à tomber goutte à goutte.,Une petite goutte de liquide (eau sueur larme).
한 방울 눈물,one tear,그녀의 눈에서 큰 눈물 한 방울이 흘렀어요.,Une grosse larme a coulé de ses yeux.,한 = une + 방울 = goutte + 눈물 = larme. Expression souvent utilisée dans la poésie ou les chansons dramatiques.
고요하다,"to be silent, to be calm",호수가 바람 없이 고요해요.,Le lac est paisible sans aucun vent.,Être calme silencieux et tranquille sans agitation visuelle ni sonore.
고통,"pain, suffering",수술 후에 큰 고통을 겪었어요.,J'ai enduré de grandes douleurs après l'opération.,Douleur intense physique ou souffrance émotionnelle/psychologique profonde.
해당하다,"to correspond to, to apply to",당신은 이 조건에 해당하지 않아요.,Vous ne correspondez pas à ces critères.,Être applicable à une catégorie équivaloir à ou relever de quelque chose.
시행,line of poetry,이 시의 마지막 시행이 가장 감동적이에요.,Le dernier vers de ce poème est le plus touchant.,시 = poème + 행 = ligne. Une ligne d'un texte poétique (un vers).
극복하다,"to overcome, to get over",두려움을 극복하고 도전에 성공했어요.,J'ai surmonté ma peur et réussi le défi.,Vaincre une difficulté une peine ou une maladie par ses propres efforts.
진정한 기쁨,true joy,나눔을 통해 진정한 기쁨을 느꼈어요.,J'ai ressenti une joie véritable en partageant.,진정 = vrai/authentique + 한 + 기쁨 = joie. Un bonheur profond et sincère non superficiel.
슬픔을 나누다,to share (someone's) sorrow,친구들과 슬픔을 나누며 서로 위로했어요.,Nous avons partagé notre chagrin et nous sommes réconfortés entre amis.,슬픔 = tristesse + 나누다 = partager. Alléger la peine en en parlant avec d'autres.
낭독하다,"to read aloud (a poem, for example)",결혼식에서 친구가 축시를 낭독했어요.,Mon ami a lu un poème de félicitations à haute voix lors du mariage.,낭 = clair/sonore + 독 = lire. Lire un texte ou un poème à haute voix devant un public.
서커스,circus,어릴 때 가족과 함께 서커스 구경을 갔어요.,Quand j'étais petit je suis allé voir le cirque en famille.,Emprunt direct de l'anglais "circus".
악마,demon,그 영화의 주인공은 악마와 계약을 맺었어요.,Le héros de ce film a fait un pacte avec un démon.,악 = mal + 마 = esprit/démon. Entité maléfique être diabolique dans les contes ou les mythes.
앱,smartphone application,새로운 외국어 학습 앱을 다운받았어요.,J'ai téléchargé une nouvelle application pour apprendre les langues étrangères.,Raccourci de 애플리케이션 (application). Logiciel sur smartphone.
존재,being,외계인의 존재를 믿으십니까?,Croyez-vous en l'existence des extraterrestres ?,(Deuxième occurrence). Le fait d'exister la réalité d'un être.
평화롭다,peaceful,시골 마을의 풍경이 아주 평화로워요.,Le paysage du village de campagne est très paisible.,평화 = paix + 롭다 = adjectivateur. Qualifie une situation ou un lieu calme et sans conflit.
신비롭다,mysterious,우주의 탄생은 참 신비로워요.,La naissance de l'univers est vraiment mystérieuse.,신비 = mystère + 롭다. Décrit quelque chose de fascinant mystique qu'on ne peut pas expliquer logiquement.
공격적이다,aggressive,그 개는 낯선 사람에게 아주 공격적입니다.,Ce chien est très agressif envers les inconnus.,공격 = attaque + 적이다. Avoir une attitude menaçante ostile ou prête à l'offensive.
위엄,dignity,왕은 위엄 있는 모습으로 나타났어요.,Le roi est apparu avec une apparence digne.,위 = majesté + 엄 = sévérité/rigueur. Dignité qui impose le respect.
재주,talent,그는 사람들을 웃기는 재주가 있어요.,Il a le talent de faire rire les gens.,Aptitude naturelle ou compétence particulière pour effectuer une tâche (souvent artistique ou manuelle).
가만히 있다,stay still,다칠 수 있으니 무리하지 말고 가만히 계세요.,Puisque vous pourriez vous blesser ne forcez pas et restez tranquille.,가만히 = sans bouger/doucement + 있다 = rester. Rester immobile ou ne pas intervenir dans une situation.
순하다,"gentle, mild",동생은 성격이 정말 순해요.,Mon petit frère a un caractère vraiment doux.,Qualifie un tempérament docile obéissant (pour une personne ou un animal) ou un goût léger (pour la nourriture).
배신하다,to betray,가장 친한 믿었던 친구에게 배신당했어요.,J'ai été trahi par l'ami en qui j'avais le plus confiance.,Tromper la confiance de quelqu'un ou se retourner contre lui.
,,,,
,,,,
3과,,,,
정신이 맑아지다,"l'esprit s'éclaircit, se sentir rafraîchi",산책을 하면 정신이 맑아져요.,L'esprit s'éclaircit quand on fait une promenade.,정신 = esprit + 맑아지다 = devenir clair. Se sentir mentalement frais et éveillé après une pause ou au grand air.
왠지,pour une raison quelconque,오늘은 왠지 우울한 날이에요.,Pour une raison quelconque je suis triste aujourd'hui.,Adverbe. Contraction de '왜인지' signifiant qu'on éprouve un sentiment sans en connaître la cause exacte.
쓸쓸하다,"être solitaire, mélancolique, morose",가을이 되면 마음이 쓸쓸해요.,Quand l'automne arrive je me sens mélancolique.,Sentiment de vide de solitude et d'abandon souvent associé au temps frais ou à l'automne.
생활하기 좋다,la vie est facile / agréable,이 도시는 공원이 많아서 생활하기 좋아요.,Cette ville est agréable à vivre car elle a de nombreux parcs.,생활하다 = vivre/mener une vie + 기 좋다 = être bon pour. Décrit un environnement confortable.
의욕이 생기다,être motivé (à faire quelque chose),새로운 프로젝트를 맡으니 의욕이 생겼어요.,Je suis motivé après avoir été chargé du nouveau projet.,의욕 = désir/motivation + 생기다 = naître/apparaître. Avoir soudainement l'envie ou l'énergie d'accomplir une tâche.
입맛이 없다,ne pas avoir d'appétit,여름에는 더워서 입맛이 없어요.,En été je n'ai pas d'appétit à cause de la chaleur.,입맛 = goût/appétit + 없다 = ne pas avoir. État très fréquent pendant les fortes chaleurs coréennes.
일기예보,"météo, bulletin météorologique",외출하기 전에 일기예보를 확인하세요.,Vérifiez les prévisions météorologiques avant de sortir.,일기 = temps/climat + 예보 = prévision. Les nouvelles sur la météo à la télévision ou sur le téléphone.
구름 한 점,"un nuage, un seul nuage",하늘에 구름 한 점 없어요.,Il n'y a pas un seul nuage dans le ciel.,구름 = nuage + 한 = un + 점 = point (compteur). S'utilise presque toujours avec 없다 pour décrire un ciel dégagé.
(하늘이) 푸르다,(le ciel) est bleu (peut aussi signifier « vert »),가을 하늘이 참 높고 푸르네요.,Le ciel d'automne est vraiment haut et bleu.,푸르다 = être bleu/vert. Adjectif traditionnel utilisé pour le ciel limpide ou la nature verdoyante.
선선하다,"frais, rafraîchissant (pour la météo)",가을 바람이 선선해요.,La brise d'automne est agréablement fraîche.,Qualifie une température fraîche et agréable qui ne fait pas grelotter. Typique du début de l'automne.
단풍이 들다,"les feuilles changent de couleur, les couleurs d'automne apparaissent",산에 단풍이 들기 시작했어요.,Les feuilles ont commencé à prendre leurs couleurs d'automne sur la montagne.,단풍 = érable/couleur d'automne + 들다 = s'installer. Phénomène naturel très apprécié par les randonneurs en Corée.
낙엽이 지다,les feuilles d'automne tombent,길가에 낙엽이 지고 있어요.,Les feuilles d'automne tombent le long de la rue.,낙엽 = feuilles mortes + 지다 = tomber/décliner. L'acte des feuilles se détachant des branches.
일이 손에 안 잡히다,avoir du mal à se concentrer sur son travail,걱정이 많아서 일이 손에 안 잡혀요.,Je n'arrive pas à me concentrer sur mon travail car j'ai trop d'inquiétudes.,일 = travail + 손 = main + 에 안 잡히다 = ne pas être attrapé par. Ne pas réussir à travailler par distraction ou émotion.
의욕이 없다,manquer de volonté ou de motivation,피곤해서 아무것도 할 의욕이 없어요.,Je suis fatigué et je manque de motivation pour faire quoi que ce soit.,의욕 = motivation/envie + 없다 = ne pas avoir. Manquer d'enthousiasme pour accomplir une action.
가을을 타다,être nostalgique / sentimental en automne,저는 매년 가을을 타는 편이에요.,J'ai tendance à être sensible à l'ambiance de l'automne chaque année.,가을 = automne + 타다 = subir l'influence de. Devenir émotionnel ou solitaire avec l'arrivée de l'automne.
기분 전환이 되다,changer d'humeur (pour le mieux),음악을 들으니 기분 전환이 되었어요.,D'écouter de la musique m'a changé les idées.,기분 = humeur + 전환 = changement/se rafraîchir. Se débarrasser de son stress par une activité plaisante.
사계절,quatre saisons,한국은 사계절이 뚜렷해요.,La Corée a quatre saisons bien distinctes.,사 = quatre + 계절 = saison. Fierté culturelle souvent mentionnée pour décrire le climat coréen.
배터리가 떨어지다,la batterie est faible,휴대폰 배터리가 떨어져서 연락을 못 했어요.,La batterie de mon portable était épuisée donc je n'ai pas pu vous contacter.,배터리 = batterie + 떨어지다 = chuter/s'épuiser. Expression très courante pour dire qu'on n'a plus de batterie.
버스를 놓치다,rater un bus,뛰어갔지만 버스를 놓치고 말았어요.,J'ai couru mais j'ai quand même raté le bus.,버스 = bus + 놓치다 = laisser échapper. Manquer un transport en commun.
벚꽃이 피다,les cerisiers fleurissent,봄이 와서 벚꽃이 활짝 피었어요.,Le printemps est arrivé et les cerisiers ont éclos pleinement.,벚꽃 = fleur de cerisier + 피다 = fleurir. Symbole majeur du printemps en Corée (avril).
봄을 타다,avoir la fièvre du printemps,봄을 타는지 요즘 자꾸 졸려요.,Je dois subir la fièvre du printemps car je suis tout le temps somnolent ces jours-ci.,봄 = printemps + 타다 = subir. Ressentir fatigue manque d'appétit ou nostalgie au changement de saison printanier.
화창하다,"(le temps) est beau, (le ciel) est dégagé",화창한 주말에 소풍을 갔어요.,Nous sommes allés pique-niquer par ce beau week-end ensoleillé.,Qualifie un ciel bleu dégagé sans nuage ni pluie avec un beau soleil.
건조하다,être sec (pas d'humidité dans l'air),겨울에는 공기가 너무 건조해요.,L'air est trop sec en hiver.,État d'un environnement ou d'une peau manquant d'humidité. Contraire de 습하다.
황사가 심하다,il y a beaucoup de poussière jaune dans l'air,봄에는 중국에서 오는 황사가 심해요.,Au printemps la poussière jaune venant de Chine est très forte.,황사 = sable jaune + 심하다 = être sévère. Phénomène météorologique polluant très fréquent au printemps.
꽃샘 추위,coup de froid printanier (litt. « froid jaloux des fleurs »),따뜻하다가 হঠাৎ 꽃샘 추위가 왔어요.,Il faisait chaud et puis soudain le coup de froid printanier est arrivé.,꽃 = fleur + 샘 = jalousie + 추위 = froid. Baisse brutale des températures qui survient au printemps.
태풍이 오다,il y a un typhon,여름마다 큰 태풍이 옵니다.,Un gros typhon arrive chaque été.,태풍 = typhon (Ouragan d'Asie de l'Est) + 오다 = venir. Saison des typhons généralement en août/septembre en Corée.
무덥다,"être étouffant, chaud et humide",오늘 날씨가 정말 무덥네요.,Le temps est vraiment lourd et étouffant aujourd'hui.,Qualifie une chaleur très forte et très humide typique de l'été coréen.
소나기가 내리다,il y a une averse soudaine,오후에 갑자기 소나기가 내렸어요.,Une averse est tombée soudainement l'après-midi.,소나기 = grosse averse ponctuelle. Pluie forte et brève souvent en été.
장마가 시작되다,la saison des pluies commence,7월이 되면 장마가 시작됩니다.,La saison de la mousson commence en juillet.,장마 = saison des pluies en Corée (juillet/aout). Période de pluies continues pendant plusieurs semaines.
더위를 타다,être sensible à la chaleur,남편은 더위를 많이 타서 에어컨을 달고 살아요.,Mon mari est très sensible à la chaleur et vit accroché au climatiseur.,더위 = chaleur + 타다 = subir l'influence de. Avoir du mal à supporter les températures élevées.
습하다,être humide,비가 와서 방이 너무 습해요.,La chambre est très humide à cause de la pluie.,Avoir un taux d'humidité élevé. Contraire de 건조하다.
열대야가 시작되다,les nuits tropicales commencent,밤에도 25도 이상인 열대야가 시작됐어요.,Les nuits tropicales à plus de 25 degrés la nuit ont commencé.,열대야 = nuit tropicale. Nuit d'été où la température ne descend pas en dessous de 25°C.
폭우,pluie torrentielle,어제 폭우로 인해 피해가 컸어요.,Il y a eu de gros dégâts à cause des pluies torrentielles hier.,폭 = violent + 우 = pluie. Chute de pluie très abondante et dangereuse.
폭염,vague de chaleur,폭염 주의보가 발령되었습니다.,Une alerte à la canicule a été émise.,폭 = violent + 염 = chaleur. Canicule ou vague de chaleur extrême insupportable.
일교차가 크다,grand écart de température entre le jour et la nuit,가을에는 일교차가 크니까 감기 조심하세요.,Comme l'écart de température journalier est grand en automne faites attention aux rhumes.,일 = jour + 교차 = croisement/écart + 크다. La différence entre les températures matin/soir et l'après-midi.
완연한 가을,le cœur de l'automne (l'automne est pleinement installé),공원의 나무들을 보니 완연한 가을이네요.,En regardant les arbres du parc c'est clairement le plein automne.,완연 = évident/clair. Période où les caractéristiques d'une saison (souvent le printemps ou l'automne) sont maximales.
기온이 뚝 떨어지다,la température chute brutalement,밤이 되니 기온이 뚝 떨어졌어요.,La température a chuté brutalement avec la nuit.,기온 = température + 뚝 (onomatopée d'une chute soudaine) + 떨어지다 = chuter.
추위를 타다,être sensible au froid,추위를 많이 타서 겨울이 너무 싫어요.,Je suis très sensible au froid donc je déteste l'hiver.,추위 = froid + 타다 = subir l'influence de. Avoir du mal à supporter les températures basses.
귀가 시리다,avoir les oreilles qui gèlent,바람이 불어서 귀가 시려요.,J'ai les oreilles engourdies de froid à cause du vent.,귀 = oreille + 시리다 = être engourdi/glacé de froid. Sensation douloureuse due au froid sur une partie du corps.
손/발이 꽁꽁 얼다,avoir les mains/pieds complètement gelés (litt. « gelés solide »),밖에 오래 있었더니 손발이 꽁꽁 얼었어요.,Mes mains et mes pieds sont complètement gelés après être resté si longtemps dehors.,꽁꽁 = onomatopée signifiant « dur comme de la glace » + 얼다 = geler.
폭설,"forte chute de neige, tempête de neige",어젯밤에 폭설이 내려서 길이 막혔어요.,La route est bloquée à cause des fortes chutes de neige d'hier soir.,폭 = violent + 설 = neige. Chute de neige très abondante causant des désagréments.
최고 기온,température maximale,내일의 최고 기온은 30도입니다.,La température maximale de demain est de 30 degrés.,최고 = le plus haut + 기온 = température. Température la plus élevée prévue dans la journée.
최저 기온,température minimale,아침 최저 기온이 영하 10도까지 떨어졌어요.,La température minimale du matin a chuté à -10 degrés.,최저 = le plus bas + 기온 = température. Température la plus basse prévue dans la journée.
체감 온도,"température ressentie, indice de refroidissement éolien",바람 때문에 체감 온도가 더 낮아요.,La température ressentie est plus basse à cause du vent.,체감 = sensation corporelle + 온도 = température. La température réelle ressentie par le corps humain.
추위가 절정에 달하다,le froid est à son maximum,1월 말이 되니 추위가 절정에 달했어요.,Le froid a atteint son maximum fin janvier.,추위 = froid + 절정 = sommet/apogée + 에 달하다 = atteindre. Le moment le plus froid de la saison.
추위가 풀리다,le froid se dissipe (litt. « le froid se dénoue »),다음 주부터는 추위가 풀릴 거래요.,On dit que le froid va se dissiper à partir de la semaine prochaine.,추위 = froid + 풀리다 = se délier/se dissiper. Le froid s'adoucit annonçant souvent la fin de l'hiver.
꼼짝도 안 하다,"ne pas bouger du tout, rester immobile",너무 추워서 주말 내내 집에만 꼼짝도 안 했어요.,Il faisait si froid que je suis resté à la maison sans bouger du tout tout le week-end.,꼼짝 = petit mouvement + 도 = même + 안 하다 = ne pas faire. Rester cloué sur place refusant de bouger.
(눈이) 녹다,"(la neige) fond, dégèle",봄이 오면서 눈이 녹기 시작했어요.,La neige a commencé à fondre avec l'arrivée du printemps.,녹다 = fondre. Changement de l'état solide à liquide (neige glace).
미끄럽다,être glissant,비가 와서 길이 미끄러우니 조심하세요.,Faites attention car la route est glissante à cause de la pluie.,Surface lisse ou mouillée sur laquelle on risque de glisser.
나들이 가다,faire une sortie ou une excursion d'une journée,주말에 가족들과 함께 나들이를 갔어요.,Je suis allé en excursion avec ma famille pour le week-end.,나들이 = sortie + 가다 = aller. Petite sortie d'une journée pour se promener ou pique-niquer.
중부,le centre (du pays),내일 중부 지방에 비가 오겠습니다.,Il pleuvra dans la région centrale demain.,중 = centre + 부 = région. Désigne souvent la région de la capitale (Séoul) et ses environs en Corée.
남부,le sud (du pays),남부 지방은 이미 벚꽃이 피었어요.,Les cerisiers ont déjà fleuri dans la région sud.,남 = sud + 부 = région. Désigne souvent les régions de Busan Gwangju et Jeju.
전국,"dans tout le pays, à l'échelle nationale",내일은 전국이 맑겠습니다.,Demain le ciel sera dégagé dans tout le pays.,전 = tout + 국 = pays. S'applique à l'ensemble du territoire national.
냉방병,affection causée par une surexposition à la climatisation,여름에 에어컨을 너무 틀어서 냉방병에 걸렸어요.,J'ai attrapé la maladie de la clim en été car j'ai trop laissé l'air conditionné allumé.,냉방 = refroidissement + 병 = maladie. Symptômes (rhume fatigue) causés par le choc thermique et l'air sec de la climatisation.
기상청,Service météorologique national de Corée,기상청에 따르면 내일 큰 눈이 온대요.,Selon l'Agence Météorologique il y aura d'importantes chutes de neige demain.,기상 = météorologie + 청 = agence gouvernementale. L'équivalent de Météo France en Corée.
영하,en dessous de zéro,오늘 아침은 영하 5도예요.,Il fait moins 5 degrés ce matin.,영 = zéro + 하 = en dessous. S'utilise pour indiquer une température négative.
소식을 전하다,transmettre ou communiquer des nouvelles,고향에 있는 가족에게 안부 소식을 전했어요.,J'ai transmis des nouvelles à ma famille dans ma ville natale.,소식 = nouvelle + 전하다 = transmettre. Donner des informations récentes sur quelqu'un ou quelque chose.
카카오톡,KakaoTalk (application de messagerie),친구들과 카카오톡으로 자주 연락해요.,Je contacte souvent mes amis par KakaoTalk.,Application de messagerie instantanée coréenne indispensable pour communiquer.
트위터,Twitter (réseau social),요즘은 뉴스를 트위터에서 확인해요.,Ces jours-ci je vérifie les infos sur Twitter.,Réseau social (aujourd'hui X) populaire pour les informations rapides en Corée.
페이스북,Facebook (réseau social),페이스북에 여행 사진을 올렸어요.,J'ai posté des photos de mon voyage sur Facebook.,Réseau social.
메일을 쓰다,écrire un e-mail,업무 관련해서 거래처에 메일을 썼어요.,J'ai écrit un e-mail à un partenaire commercial concernant le travail.,메일 = email + 쓰다 = écrire. Terme générique pour l'envoi de courriers électroniques professionnels ou personnels.
안부,"demander comment quelqu'un va, s'informer de sa santé",부모님께 안부 전화를 드렸어요.,J'ai appelé mes parents pour prendre de leurs nouvelles.,Demander ou transmettre des nouvelles concernants la santé ou la vie de quelqu'un.
용건,la raison pour laquelle on contacte quelqu'un,용건만 간단히 말씀해 주세요.,S'il vous plaît veuillez en venir brièvement au but.,용건 = affaire/raison. Le but ou la raison principale d'une visite ou d'un appel.
메일을 드리다,envoyer un e-mail (forme honorifique),교수님께 질문이 있어서 메일을 드렸습니다.,J'ai envoyé un e-mail au professeur parce que j'avais une question.,메일 = email + 드리다 (forme honorifique de 주다). Formule polie pour dire qu'on a écrit un e-mail à un supérieur.
다름이 아니라,expression de transition pour expliquer pourquoi on appelle ou écrit,다름이 아니라 부탁할 일이 있어서 연락했어요.,Je vous contacte car pour rien d'autre que le fait que j'ai une faveur à vous demander.,Expression de politesse introduisant le véritable but (용건) du message ou de l'appel.
찾아뵙다,rendre visite (à quelqu'un de plus âgé ou de rang supérieur),다음 주에 인사드리러 한번 찾아뵙겠습니다.,Je vous rendrai visite la semaine prochaine pour vous saluer.,찾아다 (chercher/visiter) + 뵙다 (forme honorifique de voir/rencontrer). Visiter respectueusement un aîné ou un supérieur.
진로,"voie professionnelle, chemin de vie",졸업 후 진로에 대해 고민이 많아요.,Je m'inquiète beaucoup de ma voie professionnelle après l'obtention de mon diplôme.,진 = avancer + 로 = chemin. Le choix de carrière ou la direction que prend la vie d'une personne.
-에 진학하다,passer au niveau d'éducation suivant,올해 대학교에 진학할 예정입니다.,Je prévois d'entrer à l'université cette année.,진 = avancer + 학 = études + 하다. Poursuivre ses études à un niveau supérieur (lycée université etc).
지도 교수님,"directeur de thèse, conseiller académique",지도 교수님께서 논문 준비를 많이 도와주셨어요.,Le directeur de thèse m'a beaucoup aidé dans la préparation de mon mémoire.,지도 = direction/guidage + 교수님 = professeur. Le professeur assigné pour guider un étudiant dans ses recherches.
추천서,lettre de recommandation,유학을 가려면 교수님의 추천서가 필요해요.,Il faut une lettre de recommandation d'un professeur pour étudier à l'étranger.,추천 = recommandation + 서 = document. Document très important pour les études et recherches d'emploi en Corée.
큰 힘이 되다,être d'une grande aide,힘들 때 가족의 응원이 큰 힘이 되었어요.,Les encouragements de ma famille m'ont été d'une grande aide quand j'avais des difficultés.,큰 = grand + 힘 = force + 이 되다 = devenir. Donner ou recevoir un soutien moral ou pratique important.
조만간,"bientôt, sous peu",우리 조만간 한 번 만나서 밥 먹자.,Retrouvons-nous sous peu pour manger ensemble.,조 = tôt + 만간 = tard/dans les deux cas temps. Dans un avenir proche bientôt.
환절기,période de transition entre deux saisons,환절기에는 감기 걸리기 쉬우니 옷을 따뜻하게 입으세요.,Il est facile d'attraper un rhume pendant les changements de saison alors habillez-vous chaudement.,환 = changer + 절 = saison + 기 = période. L'intersaison (comme le passage au printemps ou à l'automne).
첨부하다,joindre (un fichier à un e-mail),이력서와 포트폴리오를 파일로 첨부했습니다.,J'ai joint mon CV et mon portfolio au fichier.,Joindre un document souvent numérique à la suite d'un courrier ou e-mail.
정신 없이 지내다,être très occupé,요즘 시험 준비로 정신 없이 지내고 있어요.,Je suis très occupé ces jours-ci avec la préparation des examens.,정신 = esprit + 없이 = sans + 지내다 = passer le temps. Être tellement occupé qu'on en perd la tête.
(시간을) 잡다,"décider d'un moment pour se retrouver, fixer une heure",우리 언제 한 번 밥 먹게 시간을 잡아 봐요.,Fixons un moment pour manger ensemble un de ces jours.,시간 = temps + 잡다 = attraper/fixer. Se mettre d'accord sur une date et une heure pour un rendez-vous.
언제 시간이 괜찮으세요?,Quand êtes-vous disponible ?,다음 주 수요일에 언제 시간이 괜찮으세요?,Quand êtes-vous disponible mercredi de la semaine prochaine ?,Formule polie standard pour demander les disponibilités de quelqu'un.
시간에 맞춰서,"à l'heure, en s'adaptant à l'heure convenue",시간에 맞춰서 도착하도록 일찍 출발했어요.,Je suis parti tôt pour arriver à l'heure convenue.,시간 = heure + 에 맞춰서 = en s'adaptant à. Respecter l'heure d'un rendez-vous.
직함,titre de poste,명함에 직함이 적혀 있어요.,Le titre du poste est écrit sur la carte de visite.,Titre officiel indiquant la position hiérarchique ou la profession (ex: 사장 부장).
이모티콘,émoticône (utilisé dans les chats en ligne),문자에 귀여운 이모티콘을 넣었어요.,J'ai inséré un émoticône mignon dans mon message.,Emprunt de l'anglais "emoticon". Très populaire en Corée sur KakaoTalk.
재직하다,"être employé, occuper un poste",그는 이 회사에서 10년째 재직 중입니다.,Il occupe un poste dans cette entreprise depuis 10 ans.,재 = être à + 직 = emploi + 하다. Mot formel pour dire qu'on occupe un poste dans une organisation.
번역가,traducteur,제 꿈은 전문 번역가가 되는 거예요.,Mon rêve est de devenir traducteur professionnel.,번역 = traduction + 가 = spécialiste. Professionnel qui traduit des textes écrits.
수필가,essayiste,유명한 수필가의 강연을 들었어요.,J'ai écouté la conférence d'un essayiste célèbre.,수필 = essai littéraire + 가 = spécialiste. Auteur spécialisé dans les essais.
장애,"handicap, invalidité",시각 장애를 극복하고 피아니스트가 되었어요.,Il a surmonté son handicap visuel et est devenu pianiste.,Déficience physique ou mentale. Se dit 장애인 pour une personne en situation de handicap.
암 투병,combat contre le cancer,할머니는 오랜 암 투병 끝에 돌아가셨습니다.,Ma grand-mère est décédée après un long combat contre le cancer.,암 = cancer + 투 = combat + 병 = maladie. Lutter médicalement et personnellement contre le cancer.
긍정적이다,être positif,그녀는 항상 긍정적인 태도를 가지고 있어요.,Elle a toujours une attitude positive.,긍정 = affirmation/positif + 적이다. Avoir un état d'esprit optimiste.
용기를 주다,"donner du courage, remonter le moral",친구의 위로가 제게 큰 용기를 주었어요.,Le réconfort de mon ami m'a donné beaucoup de courage.,용기 = courage + 주다 = donner. Encourager et remonter le moral de quelqu'un.
칼럼니스트,chroniqueur,그는 신문의 유명한 칼럼니스트입니다.,Il est un chroniqueur célèbre pour le journal.,Emprunt direct de l'anglais "columnist". Personne qui rédige des tribunes ou chroniques.
운명 자루,« sac du destin »,세상은 우리에게 각자의 운명 자루를 주었습니다.,Le monde nous a donné à chacun un sac du destin.,운명 = destin + 자루 = grand sac/baluchon. Métaphore utilisée dans les contes pour le fardeau de la vie.
메다,"porter (un sac, par exemple)",무거운 가방을 어깨에 메고 학교에 가요.,Je vais à l'école en portant un sac lourd sur l'épaule.,메다 = porter sur l'épaule ou le dos (sac à dos valise). Verbe d'action physique pour supporter un poids.
검은 돌,pierre noire,운명 자루 속에 검은 돌은 인생의 슬픔을 의미합니다.,La pierre noire dans le sac du destin symbolise les peines de la vie.,검은 = noir (adjectif) + 돌 = pierre. Métaphore des malheurs dans le conte du sac du destin.
흰 돌,pierre blanche,반대로 흰 돌은 행복한 순간을 뜻해요.,A l'inverse la pierre blanche représente les moments de bonheur.,흰 = blanc (adjectif) + 돌 = pierre. Métaphore des joies opposée à 검은 돌.
불운,"malchance, mauvaise fortune",시험날 불운하게도 지하철이 고장 났어요.,Le jour de l'examen par malchance le métro est tombé en panne.,불 = négation (pas de) + 운 = chance/destin. L'absence de chance ou de fortune.
-을 뜻하다,"faire référence à, signifier",이 표시는 출입 금지를 뜻합니다.,Ce panneau signifie que l'entrée est interdite.,뜻 = sens/signification + 하다. Donner le sens ou la définition de quelque chose.
살아가다,vivre sa vie,우리 모두는 각자의 방식으로 살아가고 있어요.,Nous vivons tous notre vie à notre propre manière.,살다 = vivre + 아 가다 = continuer d'avancer. Vivre sa vie jour après jour en avançant.
꺼내다,"sortir, extraire",가방에서 책을 꺼냈어요.,J'ai sorti un livre de mon sac.,Action de retirer ou d'extraire un objet d'un contenant (sac poche tiroir).
불행해지다,devenir malheureux,검은 돌만 자꾸 꺼내면 불행해질 수 있어요.,Si on ne sort que des pierres noires on peut devenir malheureux.,불행 = malheur + 해지다 = devenir. Passer d'un état normal à un état malheureux.
뒷모습,la vue de dos,떠나는 친구의 뒷모습이 참 쓸쓸해 보였어요.,La silhouette vue de dos de mon ami qui partait semblait si mélancolique.,뒤 = derrière + 모습 = apparence/silhouette. L'image de quelqu'un qui s'éloigne vu de dos.
자꾸,"constamment, sans cesse",자꾸 그 노래가 머릿속에 맴돌아요.,Cette chanson me tourne constamment dans la tête.,Adverbe natif coréen indiquant la répétition involontaire ou obsédante d'une action.
펑펑 울다,"pleurer à chaudes larmes, sangloter",감동적인 영화를 보고 펑펑 울었어요.,J'ai sangloté en regardant ce film émouvant.,펑펑 = onomatopée de pleurs intenses + 울다 = pleurer. Pleurer sans retenue de façon spectaculaire.
제자,"disciple, élève",유명한 바이올리니스트에게는 전 세계에 훌륭한 제자가 많아요.,Le célèbre violoniste a de nombreux excellents élèves dans le monde entier.,제 = former/éduquer + 자 = personne. Élève formé directement par un maître.
어디선가,de quelque part,어디선가 아름다운 피아노 소리가 들려왔어요.,Un beau son de piano est parvenu de quelque part.,어디 = où + 선가 = de quelque. Provenance inconnue ou mystérieuse.
세계적으로,"mondialement, dans le monde entier",이 한국 음악가는 세계적으로 유명합니다.,Ce musicien coréen est mondialement connu.,세계 = le monde + 적으로 = de manière. À l'échelle du monde entier.
소리를 내다,faire un son,작은 바이올린에서 아름다운 소리를 내기 위해 매일 연습했어요.,Il s'est exercé chaque jour pour tirer un beau son de son petit violon.,소리 = son/bruit + 내다 = produire/faire sortir. Produire un son avec sa voix ou un instrument.
명품,"chef-d'œuvre, produit de luxe",그 연주는 세계적인 명품 공연이었어요.,Cette interprétation était un chef-d'œuvre de spectacle mondial.,명 = renommé/célèbre + 품 = article/objet. Désigne un produit d'excellence ou de luxe (aussi les marques de mode).
무릎 꿇다,"s'agenouiller, se mettre à genoux",감동을 받은 관객이 연주가 앞에 무릎을 꿇었어요.,Le spectateur ému s'est agenouillé devant le musicien.,무릎 = genou + 꿇다 = s'agenouiller. Geste de respect profond ou de supplication.
로키 산맥,les montagnes Rocheuses,로키 산맥의 겨울은 매우 춥고 매섭습니다.,L'hiver dans les montagnes Rocheuses est très froid et mordant.,로키 = Rocky (anglais) + 산맥 = chaîne de montagnes. Grande chaîne de montagnes d'Amérique du Nord.
매섭다,"être féroce, être mordant",올겨울 바람이 정말 매섭게 불어요.,Le vent de cet hiver souffle de façon vraiment mordante.,Qualifie un froid intense et pénétrant ou un regard/ton dur et sévère.
어쩌면,"peut-être, possiblement",어쩌면 그것이 최선의 선택이었을지도 몰라요.,C'était peut-être le meilleur choix possible.,Adverbe exprimant la possibilité ou la probabilité d'un événement.
연주하다,jouer (d'un instrument),그녀는 무대에서 바이올린을 아름답게 연주했어요.,Elle a joué du violon magnifiquement sur scène.,연주 = interprétation musicale + 하다. Jouer d'un instrument de musique (pas d'un sport ni d'un rôle).
더욱더,"de plus en plus, encore davantage",연습할수록 실력이 더욱더 좋아졌어요.,Plus il pratiquait plus ses compétences s'amélioraient encore davantage.,더욱 = davantage + 더 = plus. Renforcement de 더 pour exprimer une intensification croissante.
,,,,
,,,,
4과,,,,
예능,émission de variétés,주말에는 가족들과 함께 재미있는 예능 프로그램을 즐겨 봐요.,Le week-end je regarde avec plaisir des émissions de variétés en famille.,예 = art + 능 = talent. Désigne les shows TV divertissants coréens (Running Man 나 혼자 산다 etc).
그대,"vous, tu (poétique/chanson)",그대 없는 하루는 너무 길어요.,Une journée sans toi est si longue.,Pronom personnel poétique et romantique utilisé dans les chansons et poèmes. Ni 너 ni 당신.
애기가 안 통하다,avoir du mal à communiquer,세대 차이가 있어서 부모님과 애기가 안 통할 때가 있어요.,Il y a des moments où la communication ne passe pas avec mes parents à cause du fossé générationnel.,얘기 (=이야기) = conversation + 안 통하다 = ne pas passer. Quand le dialogue ne fonctionne pas.
지구,la Terre,지구를 지키기 위해 환경을 보호해야 합니다.,Il faut protéger l'environnement pour sauver la Terre.,지 = terre/sol + 구 = sphère. La planète Terre.
최고,le meilleur,이 드라마는 올해 최고의 작품입니다.,Ce drama est la meilleure œuvre de l'année.,최 = le plus + 고 = haut. Le sommet absolu dans une catégorie.
인기,popularité,그 가수는 전 세계에서 큰 인기를 얻고 있어요.,Ce chanteur gagne une grande popularité dans le monde entier.,인 = personne + 기 = énergie/souffle. Le fait d'être aimé et suivi par beaucoup de gens.
여배우,actrice,그 여배우는 연기력이 정말 뛰어나요.,Cette actrice a un jeu d'acteur vraiment exceptionnel.,여 = femme + 배우 = acteur. Actrice de cinéma ou de télévision.
벌어지다,"se produire, se dérouler",갑자기 무서운 일이 벌어졌어요.,Quelque chose d'effrayant s'est soudainement produit.,Verbe décrivant un événement qui survient ou se déroule (souvent inattendu ou dramatique).
만화,"dessin animé, bande dessinée",어릴 때 일본 만화를 많이 봤어요.,J'ai beaucoup lu de mangas japonais quand j'étais petit.,만 = plein + 화 = dessin. BD ou dessin animé (manga webtoon).
판타지적 요소,éléments fantastiques,이 드라마에는 판타지적 요소가 많이 들어가 있어요.,Ce drama contient beaucoup d'éléments fantastiques.,판타지 = fantasy (anglais) + 적 = de type + 요소 = élément. Composants surnaturels ou magiques d'une œuvre.
흥미진진하다,"être passionnant, être captivant",이번 미스터리 드라마는 정말 흥미진진해요.,Ce drama policier est vraiment captivant.,흥미 = intérêt + 진진 = redoublement pour intensifier. Tellement intéressant qu'on ne peut pas s'arrêter.
대세,"tendance, mode",요즘 K-드라마가 세계적으로 대세입니다.,Ces temps-ci les K-dramas sont la grande tendance mondiale.,대 = grand + 세 = courant/force. Le courant dominant ou la mode incontournable du moment.
상대 배우,"l'autre acteur, partenaire de jeu",그 상대 배우와의 호흡이 정말 좋았어요.,L'alchimie avec son partenaire de jeu était vraiment excellente.,상대 = partenaire/en face + 배우 = acteur. L'acteur qui joue en face dans les scènes (souvent le couple du drama).
왜 이랬다 저랬다 해?,Pourquoi tu changes tout le temps d'avis ?,아까는 좋다더니 왜 이랬다 저랬다 해?,Tu disais que c'était bien tout à l'heure alors pourquoi tu changes tout le temps d'avis ?,이랬다 저랬다 = tantôt comme ci tantôt comme ça. Expression de reproche pour l'inconstance de quelqu'un.
무슨 소리야.,De quoi tu parles ?,내가 거짓말했다고? 무슨 소리야!,Tu dis que j'ai menti ? De quoi tu parles !,무슨 = quel + 소리 = bruit/parole. Expression familière pour rejeter ce que l'autre vient de dire.
생중계,diffusion en direct,월드컵 결승전이 전 세계에 생중계 되었어요.,La finale de la coupe du monde a été diffusée en direct dans le monde entier.,생 = vivant/cru + 중계 = relais/diffusion. Programme diffusé en direct (Live).
긴장감을 느끼다,ressentir du suspense,영화의 마지막 장면에서 큰 긴장감을 느꼈어요.,J'ai ressenti un fort suspense dans la dernière scène du film.,긴장 = tension + 감 = sentiment + 을 느끼다 = ressentir.
따라다니다,suivre (quelqu'un) partout,강아지가 주인을 졸졸 따라다녀요.,Le petit chien suit son maître partout à la trace.,따라 = en suivant + 다니다 = aller et venir. Suivre quelqu'un de façon continue (pour un fan un animal etc).
모르는 소리 좀 하지 마.,Ne parle pas de choses que tu ne connais pas.,그 친구 진짜 착해. 모르는 소리 좀 하지 마.,Cet ami est vraiment gentil. Ne parle pas sans savoir.,모르는 = qui ne sait pas + 소리 = parole. Demander à quelqu'un d'arrêter de dire des bêtises ou de juger sans savoir.
(화면이) 끊기다,(l'image) se coupe,인터넷 연결이 안 좋아서 화면이 자꾸 끊겨요.,L'image se coupe sans arrêt car la connexion internet est mauvaise.,화면 = écran/image + 이 끊기다 = être coupé/interrompu.
잠이 들다,s'endormir,책을 읽다가 나도 모르게 잠이 들었어요.,Je me suis endormi sans m'en rendre compte en lisant un livre.,잠 = sommeil + 들다 = s'installer/entrer. L'action de tomber de sommeil.
(영화) 영상이 아름답다,le film est beau visuellement,이 영화는 스토리는 별로지만 영상이 아름다워.,Ce film n'a pas une grande histoire mais il est beau visuellement.,영상 = image/vidéo. Féliciter la cinématographie ou l'esthétique d'une œuvre vidéo.
OST,bande originale (OST = original soundtrack),그 드라마의 OST는 항상 음원 차트 1위예요.,L'OST de ce drama est toujours numéro 1 des classements musicaux.,Acronyme anglais très utilisé en Corée pour désigner les musiques de Dramas (qui sont très populaires).
오싹하다,"avoir des frissons, être effrayé (pour un film d'horreur par ex.)",귀신 이야기를 들으니 등골이 오싹했어요.,J'ai eu des frissons dans le dos en entendant l'histoire de fantôme.,Sensation de froid due à la peur. Souvent associé aux films d'horreur.
지루하다,"être ennuyeux, être monotone",강의가 너무 지루해서 하품이 났어요.,Le cours était si ennuyeux que j'ai bâillé.,État d'ennui provoqué par la longueur la répétition ou le manque d'intérêt d'une chose.
잔인하다,"être cruel, être brutal",이 범죄 영화는 장면이 너무 잔인합니다.,Les scènes de ce film policier sont trop cruelles.,잔 = cruel + 인 = tolérer/endurer. Caractérise une violence de sang-froid insupportable.
징그럽다,"être dégoûtant, être répugnant",거미를 보면 징그러워서 소리를 질러요.,Quand je vois des araignées c'est si répugnant que je crie.,Ressentir du dégoût physique ou une aversion face à un aspect répulsif (insectes sang comportement trop doucereux).
참신하다,"être original, être frais",이번 광고 아이디어는 아주 참신하네요.,L'idée de cette publicité est vraiment très originale.,참 = vrai/nouveau + 신 = nouveau. Une approche inattendue fraîche et créative (jamais vue avant).
감동적이다,"être émouvant, être touchant",두 사람의 재회 장면이 너무 감동적이었어요.,La scène de leurs retrouvailles était si touchante.,감 = ressentir/bouger + 동 = mouvement. Qui touche profondément le cœur et fait parfois pleurer.
감독,réalisateur (d'un film),봉준호 감독의 새 영화가 개봉했어요.,Le nouveau film du réalisateur Bong Joon-ho est sorti.,감 = superviser + 독 = diriger. Personne qui dirige la réalisation d'un film.
팬,fan (d'un chanteur par exemple),저는 그 가수의 오랜 열성 팬입니다.,Je suis un fan enthousiaste de longue date de ce chanteur.,Emprunt de l'anglais "fan". Désigne les admirateurs d'une célébrité.
다섯 손가락 안에 들다,être parmi les meilleurs (litt. « être dans les cinq doigts »),그의 실력은 전국에서 다섯 손가락 안에 들어요.,Ses compétences sont parmi les cinq meilleures du pays.,Expression signifiant faire partie du Top 5.
로맨틱 코미디,comédie romantique,주말에는 가벼운 로맨틱 코미디를 보는 게 좋아요.,C'est agréable de regarder une comédie romantique légère le week-end.,Emprunt de l'anglais "Romantic Comedy" (souvent raccourci en '로코'). Genre très populaire des k-dramas.
스턴트 우먼,cascadeuse,액션 영화에서 스턴트 우먼이 멋진 연기를 보여주었다.,La cascadeuse a montré une performance incroyable dans le film d'action.,Emprunt direct à l'anglais. Le Drama 'Secret Garden' a rendu l'expression populaire en Corée.
마법,magie,해리포터는 유명한 마법 학교 이야기입니다.,Harry Potter est l'histoire d'une célèbre école de magie.,마 = démon/surnaturel + 법 = loi/art. Illusions ou sorts magiques.
영혼,"esprit, âme",몸은 죽어도 영혼은 살아있다고 믿는 사람들이 있다.,Certaines personnes croient que même si le corps meurt l'âme continue de vivre.,영 = esprit + 혼 = âme. L'entité immatérielle d'une personne souvent thème récurrent des dramas fantastiques (échanges d'âmes etc).
주인공,personnage principal (d'un drama ou d'un film),이 드라마의 주인공은 의사입니다.,Le personnage principal de ce drama est un médecin.,주 = maître/principal + 인 = personne + 공 = titre honorifique. Le héros ou l'héroïne de l'histoire.
연기하다,jouer (sur scène ou à l'écran),배우들이 그 긴 대본을 모두 외워서 무대에서 완벽하게 연기했어요.,Les acteurs ont mémorisé tout ce long scénario et ont joué parfaitement sur scène.,연기 = jeu d'acteur + 하다. Jouer un rôle incarner un personnage.
배꼽이 빠지는 줄 알았어요.,Je n'arrêtais pas de rire (litt. « je croyais que mon nombril allait tomber »),개그콘서트가 너무 웃겨서 배꼽이 빠지는 줄 알았어요.,Le Gag Concert était tellement drôle que j'ai cru que mon nombril allait tomber.,배꼽 = nombril + 빠지다 = tomber/s'échapper. Expression très courante pour dire qu'on a ri aux éclats.
전용 도로,voie réservée (pour vélos ou bus par exemple),자전거 전용 도로가 있어서 타기 편해요.,C'est pratique de faire du vélo car il y a une piste cyclable.,전용 = usage exclusif/réservé + 도로 = route. S'applique beaucoup aux bus (버스 전용 도로) en Corée.
뿌듯하다,ressentir de la satisfaction (en accomplissant quelque chose),시험에 합격해서 마음이 정말 뿌듯해요.,Je me sens vraiment satisfait et fier d'avoir réussi l'examen.,Fierté ou satisfaction qu'on ressent après avoir surmonté une difficulté ou fait une bonne action.
등산객,"randonneur, alpiniste",주말에는 산에 등산객들이 가득합니다.,La montagne est remplie de randonneurs le week-end.,등산 = escalade/randonnée + 객 = visiteur.
목록,une liste,사야 할 물건들의 목록을 적었어요.,J'ai noté la liste des choses à acheter.,Une liste d'articles de choses à faire ou d'ouvrages (souvent pour s'organiser).
(관람) 후기,critique / avis (d'un spectacle),공연을 보기 전에 다른 사람들의 후기를 찾아봤어요.,J'ai cherché les avis d'autres personnes avant de voir le spectacle.,관람 = visionnage + 후 = après + 기 = note. Bilan ou critique qu'on laisse en ligne après avoir testé/vu quelque chose.
의상,"vêtements, costume",연극 배우들의 무대 의상이 화려했어요.,Les costumes de scène des acteurs de théâtre étaient splendides.,Vêtements portés pour une occasion spéciale une époque historique ou une représentation.
무대,scène (peut aussi désigner le spectacle en général),가수가 무대 위에서 멋진 노래를 불렀어요.,Le chanteur a chanté une superbe chanson sur scène.,L'estrade où se produisent les artistes ou la représentation elle-même.
가슴이 떨리다,"être plein d'émotion, être fébrile",무대에 오르기 전에 너무 긴장돼서 가슴이 떨렸어요.,J'étais tellement nerveux avant de monter sur scène que mon cœur battait la chamade.,가슴 = poitrine/cœur + 떨리다 = trembler. Ressentir de la nervosité de l'excitation ou de la peur.
압권이다,"être le clou du spectacle, être la meilleure partie",마지막 단체 춤이 그 공연의 압권이었어요.,La danse de groupe à la fin était le clou du spectacle.,압 = presser/écraser + 권 = livre. Désigne la partie la plus impressionnante ou le sommet d'une œuvre (qui "écrase" tout le reste).
공양미,riz offert en offrande à un temple bouddhiste,심청은 아버지를 위해 공양미 삼백 석을 구하려 했다.,Simcheong a essayé de trouver trois cents sacs de riz d'offrande pour son père.,공양 = offrande bouddhiste + 미 = riz. Terme spécifique au conte traditionnel de Shimcheong.
삼백 석,trois cents sacs,심청전에서 공양미 삼백 석은 아주 중요한 의미를 가집니다.,Dans l'histoire de Simcheong les trois cents sacs de riz d'offrande ont une signification très importante.,삼백 = 300 + 석 = ancienne unité de mesure pour les grains (environ 144 kg par sac).
바치다,"offrir, sacrifier (à un dieu par exemple)",신에게 가장 소중한 것을 바쳤습니다.,Il a offert la chose la plus précieuse au dieu.,Verbe solennel désignant le fait de donner respectueusement son temps sa vie ou un objet à une entité supérieure.
평이 좋다,"avoir de bonnes critiques, être bien reçu",새로 개봉한 그 영화는 평이 아주 좋아요.,Le film récemment sorti a de très bonnes critiques.,평 = critique/évaluation + 좋다 = être bon.
별 기대 없이,"sans trop attendre, sans grandes expectations",별 기대 없이 식당에 갔는데 맛이 훌륭했어요.,Je suis allé au restaurant sans trop d'attentes mais le goût était fantastique.,별 = pas particulièrement (avec négation implicite) + 기대 없이 = sans attente.
눈을 뜨다,ouvrir les yeux,아침 일찍 눈을 뜨자마자 물을 마셔요.,Je bois de l'eau dès que j'ouvre les yeux tôt le matin.,눈 = œil + 뜨다 = ouvrir. (Dans Simcheong c'est miraculeux pour recouvrir la vue). Contraire de 눈을 감다.
효녀,"fille dévouée, fille pieuse",아버지를 지극정성으로 모시는 효녀입니다.,C'est une fille dévouée qui s'occupe de son père avec la plus grande dévotion.,효 = piété filiale + 녀 = fille. Terme très important dans le confucianisme désignant une fille respectueuse envers ses parents.
낯설다,"être peu familier, être inhabituel",새로운 동네로 이사 와서 아직 모든 것이 낯설어요.,J'ai déménagé dans un nouveau quartier et tout m'est encore peu familier.,낯 = visage/présence + 설다 = ne pas être habitué. Sensation d'inconfort face à une nouveauté.
빠져들다,"se laisser emporter, être absorbé par",그 소설의 매력에 푹 빠져들었어요.,Je me suis complètement laissé absorber par le charme de ce roman.,빠지다 = tomber + 들다 = entrer. Devenir captivé ou fasciné (par un livre un spectacle ou une personne).
화려하다,"être fantaisiste, être splendide",아이돌의 무대 퍼포먼스가 무척 화려했습니다.,La performance sur scène de l'idole était très splendide.,Qualifie ce qui est brillant luxueux coloré ou tape-à-l'œil (vêtements scène lumière).
눈을 뗄 수 없다,ne pas pouvoir détacher les yeux,경기가 너무 재밌어서 눈을 뗄 수 없었어요.,Le match était si intéressant que je ne pouvais pas en détacher mes yeux.,눈 = œil + 떼다 = détacher. Être tellement captivé qu'on ne cligne même plus des yeux.
-이 어우러지다,"être en harmonie, aller bien ensemble",자연과 현대 건축이 아름답게 어우러져 있어요.,La nature et l'architecture moderne s'harmonisent magnifiquement.,Plusieurs éléments qui se mélangent de façon naturelle et harmonieuse (musique et voix couleurs etc).
이벤트,"événement, promotion spéciale (un cadeau par ex.)",백화점에서 크리스마스 이벤트를 하고 있어요.,Le grand magasin organise un événement promotionnel pour Noël.,Emprunt de l'anglais "event". Souvent utilisé en Corée pour des distributions de cadeaux loteries ou surprises événementielles.
이벤트에 당첨되다,être choisi lors d'une promotion,아이스크림 이벤트에 당첨되어 무료 쿠폰을 받았어요.,J'ai gagné à un événement promotionnel pour des glaces et reçu un bon gratuit.,당첨되다 = être tiré au sort/gagner. Fait de remporter un prix ou un tirage au sort.
발레,ballet,주말에 차이코프스키의 발레 공연을 봤어요.,J'ai regardé un spectacle de ballet de Tchaïkovski le week-end.,Emprunt direct au français "ballet".
기대 이상이다,au-delà de ses attentes,맛이 없을 줄 알았는데 기대 이상이었어요.,Je pensais que ce ne serait pas bon mais c'était au-delà de mes attentes.,기대 = attente + 이상 = au-dessus de / plus que.
군무,danse de groupe,아이돌 그룹의 칼같은 군무가 인상 깊었습니다.,La danse de groupe synchronisée à la perfection du groupe d'idoles était très impressionnante.,군 = groupe/armée + 무 = danse. Danse synchronisée impliquant plusieurs danseurs (typique de la k-pop).
역동적이다,être dynamique,스포츠 경기 영상은 언제나 역동적이에요.,Les vidéos de rencontres sportives sont toujours dynamiques.,역 = force/énergie + 동 = mouvement. Plein de vitalité d'énergie en mouvement ou d'intensité physique.
영상,"vidéo, image",여행 중에 찍은 영상을 친구에게 보여주었어요.,J'ai montré la vidéo prise pendant le voyage à un ami.,Peut désigner une vidéo sur une plateforme (Youtube) un extrait visuel ou l'imagerie d'un film.
실감나다,être réaliste,그 영화는 CG가 좋아서 우주 전쟁이 실감났어요.,Le film avait de bons effets spéciaux donc la guerre spatiale était réaliste.,실감 = sensation réelle + 나다. Décrit quelque chose de si bien fait qu'il semble réel.
인상적이다,"être impressionnant, être mémorable",그녀의 열정적인 연설이 매우 인상적이었어요.,Son discours passionné était très mémorable.,인상 = impression (mentale) + 적이다. Qui laisse une trace profonde dans l'esprit.
성공적이다,"être réussi, être couronné de succès",이번 프로젝트는 모두의 노력 덕분에 성공적이었어요.,Ce projet a été couronné de succès grâce aux efforts de tous.,성공 = succès + 적이다 = être. Dont l'issue est positive.
DMZ,zone démilitarisée séparant la Corée du Nord et du Sud,외국인 관광객들이 한국에 오면 DMZ에 많이 갑니다.,Beaucoup de touristes étrangers visitent la DMZ quand ils viennent en Corée.,Demilitarized Zone (비무장지대). Une bande de terre de 4km de large séparant les deux Corées.
한국 전쟁,la guerre de Corée,한국 전쟁은 1950년에 일어났습니다.,La guerre de Corée a éclaté en 1950.,Guerre de 1950 à 1953 ayant scindé la péninsule en deux. Souvent appelée "6·25 전쟁" (Guerre du 25 juin) en Corée du Sud.
민족 분단,la division d'un peuple ou d'une nation,민족 분단의 아픔을 우리는 결코 잊을 수 없습니다.,Nous ne pourrons jamais oublier la douleur de la division de notre nation.,민족 = ethnie/peuple + 분단 = division. Fait référence à la séparation idéologique et géographique des deux Corées.
상징적이다,être symbolique,이 기념비는 평화를 위한 상징적인 의미를 가집니다.,Ce monument a une signification symbolique pour la paix.,상징 = symbole + 적이다. Qui représente une idée un concept ou une valeur plus large que le simple objet physique.
차례를 지내다,accomplir le charye (cérémonie en l'honneur des ancêtres),명절 아침에는 온 가족이 모여 차례를 지냅니다.,Le matin des fêtes toute la famille se réunit pour accomplir le rite de 차례.,Cérémonie rituelle (offrandes nourriture inclinaisons) effectuée le matin de Seollal ou Chuseok en hommage aux ancêtres.
실향민,"les déplacés, personnes ne pouvant pas retourner chez elles",추석이 되면 실향민들은 북쪽을 보며 고향을 그리워합니다.,Pendant Chuseok les déplacés regardent vers le Nord et regrettent leur ville natale.,실 = perdre + 향 = ville natale + 민 = personne. Les réfugiés de Corée du Nord qui ne peuvent plus retourner chez eux suite à la guerre.
포로,prisonnier de guerre (POW),전쟁 당시 많은 군인들이 포로로 잡혔습니다.,Beaucoup de soldats ont été capturés en tant que prisonniers pendant la guerre.,Soldat ou civil capturé par les forces ennemies pendant un conflit.
땅굴,"grotte, tunnel souterrain",북한이 파놓은 땅굴을 관광객들이 방문할 수 있습니다.,Les touristes peuvent visiter les tunnels souterrains creusés par la Corée du Nord.,땅 = sol/terre + 굴 = grotte/tunnel. En particulier les tunnels d'incursion découverts le long de la DMZ.
터널,tunnel,산 아래로 긴 터널을 뚫고 지나갔어요.,Nous sommes passés en traversant un long tunnel sous la montagne.,Emprunt à l'anglais "tunnel". Tunnel routier ferroviaire ou autre.
방해,"entrave, obstruction",소음 때문에 공부에 방해가 됩니다.,Le bruit est une entrave à mes études.,Action de gêner de bloquer ou d'interrompre le cours naturel d'une activité.
근교,"banlieue, périphérie",주말에는 서울 근교로 드라이브를 가곤 해요.,Les week-ends je conduis souvent en périphérie de Séoul.,근 = près + 교 = banlieue. Les zones situées immédiatement à l'extérieur ou aux abords d'une grande ville.
망원경,télescope,전망대에서 망원경으로 북한 땅을 보았어요.,J'ai regardé la terre nord-coréenne avec le télescope depuis l'observatoire.,Appareil optique permettant de voir des objets lointains (jumelles télescope astronomique).
가까이,"près, à proximité",불이 뜨거우니 난로 가까이 가지 마세요.,Le feu est chaud alors ne vous approchez pas trop près du poêle.,Adverbe indiquant une faible distance physique ou temporelle.
안타깝다,"être dommage, être regrettable",실력은 좋은데 운이 나빠서 떨어지다니 안타깝네요.,C'est dommage qu'il ait échoué par malchance alors qu'il a du talent.,Ressentir de la tristesse du regret ou de l'empathie face à une situation malheureuse qu'on ne peut changer.
마음이 무겁다,"avoir le cœur lourd, se sentir abattu",불합격 소식을 듣고 하루 종일 마음이 무거웠습니다.,J'ai eu le cœur lourd toute la journée après avoir entendu la nouvelle de mon échec.,마음 = cœur/esprit + 이 + 무겁다 = lourd. État de tristesse et de désolation psychologique intense.
(가슴이) 뭉클하다,"être ému, être touché",아들이 처음 걸음마를 하는 걸 보고 가슴이 뭉클했어요.,J'ai été très ému en voyant mon fils faire ses premiers pas.,가슴 = cœur + 뭉클하다. Avoir le cœur serré ou gonflé par une émotion soudaine très forte et touchante.
한산하다,"être calme, tranquille, peu fréquenté",명절 연휴라서 그런지 거리가 꽤 한산하네요.,Sûrement parce que ce sont les vacances la rue est assez peu fréquentée.,Où il y a très peu de personnes de mouvement ou de bruit contrairement à la normale (souvent pour une rue ou un magasin).
통일,réunification (de la Corée du Nord et du Sud),우리의 가장 큰 소원은 평화 통일입니다.,Notre plus grand souhait est la réunification pacifique.,통 = unifier + 일 = un. L'unification ou la réunification d'un pays divisé.
휴전협정,"trêve, cessez-le-feu",한국 전쟁은 아직 끝난 것이 아니라 휴전협정 상태입니다.,La guerre de Corée n'est pas encore terminée mais est dans un état de cessez-le-feu.,휴전 = arrêt des combats/trêve + 협정 = accord. Accord signé en 1953 (Armistice).
감독하다,"superviser, surveiller",선생님께서 시험을 엄격하게 감독하셨어요.,Le professeur a supervisé l'examen de manière très stricte.,감 = regarder attentivement + 독 = inspecter. Diriger ou surveiller un groupe lors d'une activité.
공동경비구역,JSA (zone de sécurité commune),JSA 공동경비구역은 남북 군인들이 마주 보는 곳입니다.,La JSA (Joint Security Area) est un lieu où les soldats du nord et du sud se font face.,공동 = commun + 경비 = sécurité/garde + 구역 = zone. La célèbre zone de Panmunjom au sein de la DMZ.
엄격하다,être strict,기숙사 규칙이 매우 엄격해서 외출하기 힘들어요.,Les règles du dortoir sont très strictes donc c'est difficile de sortir.,엄 = sévère + 격 = règle. Qui applique des règles ou une discipline sans indulgence.
통제하다,"restreindre, contrôler",경찰이 사고 현장의 교통을 통제하고 있습니다.,La police contrôle la circulation sur les lieux de l'accident.,통제 = contrôle. Action de limiter réduire ou gérer le mouvement des personnes ou des choses.
분위기가 살벌하다,l'atmosphère est tendue,그들이 크게 싸운 뒤 회의실 분위기가 살벌했어요.,Après qu'ils se soient violemment disputés l'atmosphère de la salle de réunion était tendue.,분위기 = atmosphère + 살벌하다 = sanguinaire/effrayant. Atmosphère glaciale et très tendue (on peut couper l'air avec un couteau).
,,,,
5과,,,,
느리다,être lent,할아버지의 걸음걸이는 매우 느려요.,La démarche de mon grand-père est très lente.,Caractérise un mouvement un processus ou un rythme qui manque de vitesse. Contraire de 빠르다.
늘,toujours,그녀는 늘 웃는 얼굴로 사람들을 대해요.,Elle traite toujours les gens avec un visage souriant.,Adverbe signifiant en permanence sans interruption (synonyme de 항상).
시간이 흐르다,le temps passe,시간이 흐르면서 많은 것이 변했습니다.,Avec le temps qui passe beaucoup de choses ont changé.,시간 = temps + 이 흐르다 = couler. Le temps s'écoule inexorablement comme un fleuve.
마음을 졸이다,"être anxieux, être nerveux",합격 발표를 기다리며 하루 종일 마음을 졸였어요.,J'ai été si anxieux toute la journée en attendant l'annonce des résultats.,마음 = cœur/esprit + 졸이다 = faire bouillir/réduire un liquide. Être « rongé » par l'inquiétude et l'impatience.
부둥켜안다,"serrer dans ses bras, enlacer",오랜만에 만난 가족을 꽉 부둥켜안았어요.,J'ai enlacé fermement ma famille que je n'avais pas vue depuis longtemps.,부둥키다 = s'accrocher fortement + 안다 = enlacer. S'étreindre avec intensité souvent par émotion.
만만치 않다,"ne pas être facile, être difficile à gérer",이번 상대 팀은 실력이 만만치 않아요.,L'équipe adverse cette fois n'est pas facile à battre.,만만하다 = mou/docile + 지 않다. S'applique à une tâche ou un adversaire qu'il ne faut pas sous-estimer.
철없이,"de manière immature, de manière irresponsable",어릴 때는 철없이 부모님 속을 많이 썩였어요.,Quand j'étais petit je rendais mes parents inquiets de manière immature.,철 = la saison/l'âge de raison + 없이 = sans. Agir sans maturité de façon puérile ou insouciante.
쓰리다,"avoir mal, être douloureux",매운 음식을 너무 많이 먹었더니 속이 쓰려요.,J'ai mal à l'estomac après avoir mangé trop de nourriture épicée.,Douleur brûlante ressentie à l'estomac (속이 쓰리다) ou douleur psychologique après une épreuve (가슴이 쓰리다).
안줏거리,"encas accompagnant l'alcool, sujet de discussion",친구들과의 옛날이야기는 좋은 술 안줏거리입니다.,Les vieilles histoires entre amis sont un bon sujet de conversation autour d'un verre.,안주 = encas servi avec l'alcool + 거리 = matière/thème. Désigne la nourriture ou le parfait sujet de commérage.
딴에는,"de son propre point de vue, comme il le voit",자기 딴에는 잘한다고 한 일인데 오히려 망쳤다.,De son point de vue il a voulu bien faire mais il a tout gâché en fait.,딴 = sa propre vision + 에 = dans + 는. Souvent utilisé pour excuser quelqu'un qui fait une erreur en croyant bien faire.
무너지다,"s'effondrer, tomber en morceaux",지진으로 건물 여러 채가 한꺼번에 무너졌어요.,Plusieurs bâtiments se sont effondrés d'un coup à cause du séisme.,Tomber s'écrouler de tout son poids physiquement (bâtiment) ou psychologiquement (espoir cœur).
옛말,un vieux dicton,옛말에 틀린 것 하나도 없어요.,Il n'y a rien de faux dans ce vieux dicton.,옛 = ancien/vieux + 말 = parole. Formules de sagesse ou proverbes transmis de génération en génération.
밤새우다,rester debout toute la nuit,시험공부 때문에 며칠 동안 밤새웠어요.,J'ai passé des nuits blanches pendant plusieurs jours pour étudier pour l'examen.,밤 = nuit + 새우다 (causatif de 새다 = l'aube se lève). Rester éveillé du soir jusqu'au matin volontairement.
뒤척이다,se retourner dans son lit (en essayant de dormir),열대야 때문에 잠을 못 자고 밤새 뒤척였어요.,J'ai passé la nuit à me retourner sans pouvoir dormir à cause de la nuit tropicale.,Tourner et retourner son corps d'un côté et de l'autre de manière agitée pour chercher le sommeil.
잠이 들다,s'endormir,조용한 음악을 듣다가 금방 잠이 들었어요.,Je me suis endormi rapidement en écoutant de la musique douce.,잠 = le sommeil + 들다 = s'installer/entrer. L'action naturelle de sombrer dans le sommeil.
술잔을 나누다,partager un verre avec quelqu'un,오랜 친구와 만나 밤늦게까지 술잔을 나누었어요.,Nous avons partagé un verre avec un vieil ami jusqu'à tard dans la nuit.,술잔 = verre d'alcool + 을 나누다 = partager. Prendre le temps de boire ensemble de manière conviviale.
고등학교,lycée,내년에 남동생이 고등학교에 입학합니다.,Mon petit frère entre au lycée l'année prochaine.,고등 = secondaire/supérieur + 학교 = école. École de 3 ans précédant l'université en Corée (15-18 ans).
초등학생,élève de primaire,공원에서 초등학생들이 축구를 하고 있어요.,Des élèves de primaire jouent au football dans le parc.,초등 = initial/primaire + 학생 = élève. Les enfants fréquentant l'école élémentaire (6 à 12 ans environ).
대통령,président (d'un pays),대통령이 새로운 경제 정책을 발표했습니다.,Le Président a annoncé une nouvelle politique économique.,대 = grand + 통 = unifier/gouverner + 령 = chef. Le chef de l'État dans une république démocratique.
부자,personne riche,그는 열심히 일해서 마침내 큰 부자가 되었어요.,Il a travaillé dur et a enfin fini par devenir très riche.,부 = richesse + 자 = personne. Quelqu'un qui possède beaucoup de biens d'argent ou de possessions.
완성하다,"compléter, remplir (un blanc par exemple)",한 달 만에 드디어 블록 장난감을 완성했어요.,J'ai enfin complété le jouet de construction en un mois.,완성 = accomplissement complet + 하다. Mettre la dernière touche terminer entièrement la création de quelque chose.
취업 준비,recherche d'emploi,대학 4학년 때는 보통 취업 준비를 하느라 바빠요.,En 4ème année d'université on est généralement très occupé à se préparer à l'emploi.,취업 = obtenir un emploi + 준비 = préparation. Période stressante de préparation de CV et d'entretiens.
-에 만족하다,être satisfait de,현재의 생활에 매우 만족하며 살고 있어요.,Je vis en étant très satisfait de ma vie actuelle.,만족 = plénitude/satisfaction + 하다. Être comblé sans rien désirer de plus par rapport à une situation.
현실,réalité,영화와 달리 현실은 생각보다 냉정합니다.,Contrairement aux films la réalité est plus cruelle qu'on ne le pense.,현 = présent/actuel + 실 = fruit/vérité. Ce qui existe réellement à l'opposé du rêve ou de l'illusion.
꿈이 현실이 되다,"un rêve devient réalité, un rêve se réalise",오랜 노력 끝에 올림픽 금메달이라는 꿈이 현실이 되었어요.,Après de longs efforts le rêve de la médaille d'or olympique est devenu réalité.,꿈 = rêve + 현실 = réalité + 이 되다 = devenir. L'aboutissement ultime des vœux de quelqu'un.
-으로 꾸미다,"décorer, embellir quelque chose",방을 크리스마스 장식으로 예쁘게 꾸몄어요.,J'ai joliment décoré la chambre avec des décorations de Noël.,Apprêter de façon esthétique à l'aide d'accessoires (une pièce un vêtement soi-même).
책장,"bibliothèque, étagère à livres",최근에 책장을 새로 사서 방에 놓았어요.,Récemment j'ai acheté une nouvelle bibliothèque et je l'ai mise dans ma chambre.,책 = livre + 장 = meuble de rangement. Meuble ouvert avec des étagères.
구체적이다,"être concret, être détaillé",문제를 해결하려면 좀 더 구체적인 계획이 필요해요.,Il nous faut un plan plus concret pour résoudre le problème.,구체 = un corps spécifique/réel + 적이다. Qui est clair précis et qui n'est ni abstrait ni vague.
소꿉 놀이,jeu de la dînette (jeu d'enfants),어릴 때 소꿉 놀이를 하며 어머니 흉내를 냈어요.,Quand j'étais petite je jouais à la dînette en imitant ma mère.,소꿉 = petits ustensiles en jouet + 놀이 = jeu. Jeu infantile de rôles où l'on mime les activités ménagères.
인형 놀이,jouer à la poupée,아이들이 방에서 인형 놀이에 푹 빠져 있어요.,Les enfants sont complètement plongés dans leur jeu de poupée dans la chambre.,인형 = poupée + 놀이 = jeu. L'activité de s'amuser avec des figurines.
전자 오락,jeu vidéo,초등학생 때 전자 오락을 하곤 했어요.,Pendant l'école primaire je jouais souvent aux jeux vidéo.,전자 = électronique + 오락 = divertissement. S'utilise pour les jeux sur bornes d'arcade ou consoles.
보드 게임,jeu de société,비 오는 날 가족들과 보드 게임을 해요.,Les jours de pluie je joue aux jeux de société avec ma famille.,Emprunt direct de l'anglais "board game". Populaire pour les soirées au 보드게임 카페.
딱지치기,ttakji chigi (jeu avec des morceaux de papier pliés),쉬는 시간에 운동장에서 딱지치기를 했어요.,À la récréation j'ai joué au ttakji chigi dans la cour.,딱지 = carte en papier plié + 치기 = acte de frapper. Jeu où l'on retourne la carte de l'adversaire en la frappant.
공기놀이,gonggi (jeu similaire aux osselets avec des pièces en plastique),점심시간에 친구들과 공기놀이를 했어요.,A la pause déjeuner j'ai joué au gonggi avec mes amis.,공기 = petits cailloux + 놀이 = jeu. Jeu traditionnel coréen avec cinq cailloux/pions où l'on jongle.
얼음땡,freeze tag (jeu d'enfants),동네 친구들과 얼음땡을 하며 뛰어놀았어요.,Je courais en jouant à freeze tag avec les amis du quartier.,얼음 = glace + 땡 = onomatopée pour le dégel. Jeu infantile du gendarme et du voleur (où l'on s'immobilise en criant 'Glace').
무척,"énormément, vraiment beaucoup",오늘 날씨가 무척 더우니까 물을 많이 마시세요.,Le temps est énormément chaud aujourd'hui alors buvez beaucoup d'eau.,Adverbe formel indiquant une forte intensité ou un haut degré (similaire à 매우 ou 아주).
시간 가는 줄 모르다,ne pas voir le temps passer,재미있는 영화를 보다가 시간 가는 줄 몰랐어요.,Je n'ai pas vu le temps passer en regardant ce film amusant.,시간 = temps + 가다 = passer/aller + 줄 모르다 = ne pas s'en rendre compte.
공기,pièces/cailloux utilisés dans le jeu gonggi,새 공기를 샀는데 손에 착 감겨요.,J'ai acheté de nouveaux pions de gonggi et ils tiennent bien en main.,Désigne le petit matériel utilisé pour le jeu de 공기놀이 (souvent en plastique coloré ou avec des petits poids à l'intérieur).
집다,"ramasser, saisir",떨어진 연필을 제가 집을게요.,Je vais ramasser le crayon tombé.,Prendre un petit objet entre les doigts (comme avec une pince) très utilisé lors du 공기놀이.
던지다,"lancer, jeter",공원에 가서 강아지에게 공을 던졌어요.,Je suis allé au parc et j'ai lancé une balle à mon chien.,Propulser un objet dans les airs avec élan (ex: lancer les 공기).
손바닥,la paume de la main,추워서 양 손바닥을 비볐어요.,J'ai frotté la paume de mes deux mains car il faisait froid.,손 = main + 바닥 = sol/surface intérieure. La face intérieure de la main.
꺾기,le dernier mouvement du gonggi (attraper les cinq pièces),공기놀이에서 꺾기를 잘해야 높은 점수를 얻어요.,Au jeu de gonggi il faut bien réussir le « kkeokgi » pour gagner beaucoup de points.,Mouvement final en lancant puis rattrapant sur le dos de la main et dans la paume (de 꺾다 = plier).
재빨리,rapidement,비가 와서 재빨리 우산을 폈습니다.,Il s'est mis à pleuvoir donc j'ai rapidement ouvert le parapluie.,재 = préfixe d'accentuation + 빨리 = vite. De façon très véloce agile ou instinctive.
손등,le dos de la main,모기가 손등을 물고 갔어요.,Le moustique m'a piqué sur le dos de la main en partant.,손 = main + 등 = dos. La face extérieure de la main sur laquelle on réceptionne les pièces au gonggi.
점수,"score, points",시험에서 아주 높은 점수를 받았습니다.,J'ai reçu un très bon score à l'examen.,Le résultat chiffré qui permet de départager des joueurs (aux jeux d'arcade aux examens etc.).
딱지,le morceau de papier plié utilisé dans le ttakji chigi,신문지로 접은 딱지가 가장 잘 넘어가요.,Les ttakjis pliés en papier journal se retournent le mieux.,Un disque carré plat façonné de deux morceaux de papier pliés l'un dans l'autre (utilisé pour 딱지치기).
접다,plier,색종이를 반으로 접으세요.,Pliez le papier coloré en deux.,Action de replier de faire des plis ou un origami sur un papier ou un objet.
가위바위보,pierre-feuille-ciseaux,가위바위보로 순서를 정합시다.,Déterminons l'ordre des tours à pierre-feuille-ciseaux.,가위 = ciseaux + 바위 = pierre + 보 = tissu/feuille. Méthode universelle pour départager les joueurs.
순서를 정하다,déterminer l'ordre ou les tours,게임을 하기 전에 가위바위보로 순서를 정했어요.,Avant de jouer nous avons fixé l'ordre des tours à pierre-feuille-ciseaux.,순서 = l'ordre/le tour de chacun + 를 정하다 = décider/fixer.
지다,perdre,우리 팀이 경기에서 지고 말았어요.,Notre équipe a fini par perdre le match.,Fait de subir une défaite lors d'une compétition d'une confrontation sportive ou d'un jeu.
이기다,gagner,어려운 경기였지만 결국 우리가 이겼어요.,C'était un match difficile mais on a finalement gagné.,Fait de remporter la victoire d'être le vainqueur. Contraire de 지다.
-이 뒤집히다,"(quelque chose) se retourne, se renverse",바람이 너무 불어서 우산이 뒤집혔어요.,Il y a eu trop de vent et le parapluie s'est retourné.,뒤집다 = retourner (quelque chose) + 히다 = forme passive. La face d'une chose s'inverse entièrement (ex: si le 딱지 se retourne on perd).
따다,gagner (quelque chose dans un jeu),어제 게임에서 점수를 많이 땄어요.,J'ai gagné beaucoup de points dans le jeu hier.,S'emploie pour signifier qu'on récolte ou cueille un point un prix au jeu ou une médaille (메달을 따다).
튼튼하다,"être solide, être robuste",이 의자는 매우 튼튼해서 오래 쓸 수 있어요.,Cette chaise est très solide et on peut l'utiliser longtemps.,Qui ne casse pas facilement. Un bon '딱지' doit être 튼튼하다 pour ne pas se retourner.
술래,« it » (la personne qui doit attraper les autres dans un jeu de tag),술래잡기에서 제가 첫 번째 술래가 되었어요.,Dans le jeu de cache-cache je suis devenu le premier 'loup'.,Désigne la personne (le loup ou le chercheur) qui compte et doit attraper ou chercher les autres joueurs dans un jeu infantile.
세다,compter,숨바꼭질을 시작하기 전에 1부터 10까지 셌어요.,Avant de commencer à jouer à cache-cache j'ai compté de 1 à 10.,Action d'énumérer des nombres (ex: le 술래 compte les secondes avant de chercher).
-이 잡히다,"être attrapé, être taggé",뛰어다니다가 결국 술래에게 잡혔어요.,En courant dans tous les sens j'ai fini par être attrapé par le loup.,잡다 (attraper) + 히다 (suffixe passif). L'action de se faire attraper ou toucher par l'adversaire.
잡다,"attraper, taguer",술래가 친구들을 모두 잡았어요.,Le 'loup' a attrapé tous ses amis.,Saisir quelqu'un avec ses mains. Le but ultime dans un jeu de cache-cache ou de chat.
해내다,"réussir, accomplir",포기하지 않고 계속 노력해서 마침내 해냈어요.,Je n'ai pas abandonné j'ai fait des efforts continus et j'ai fini par réussir.,하다 = faire + 내다 = exprimer/sortir (suffixe marquant un achèvement ou un succès difficile).
극복하다,"surmonter, venir à bout de",그는 큰 시련을 극복하고 다시 일어섰다.,Il a surmonté une grande épreuve et s'est relevé.,극 = vaincre + 복 = se plier/se soumettre. Vaincre une difficulté un handicap ou un échec.
용기를 잃다,"perdre courage, se décourager",실패하더라도 용기를 잃지 마세요.,Même si vous échouez ne perdez pas courage.,용기 = courage + 잃다 = perdre. Abandonner mentalement face à l'adversité.
현명하다,"être sage, être sensé",어려운 상황일수록 현명한 판단이 필요합니다.,C'est dans les situations difficiles qu'un jugement sage est nécessaire.,현 = sage + 명 = brillant/clair. Capacité de juger et d'agir intelligemment avec grand discernement.
고집이 세다,"être têtu, être obstiné",그는 고집이 세서 남의 말을 잘 안 들어요.,Il est tellement têtu qu'il n'écoute pas vraiment ce que disent les autres.,고집 = obstination + 세다 = fort. Qui maintient fermement son opinion ou son attitude refusant de céder.
방송,émission (radio ou TV),어젯밤에 아주 흥미로운 방송을 보았습니다.,Hier soir j'ai regardé une télévision/émission très intéressante.,방 = relâcher/diffuser + 송 = envoyer. Contenu diffusé sur les ondes à la télévision ou à la radio.
대상,grand prix,그 배우는 뛰어난 연기로 연기 대상을 받았습니다.,Cet acteur a reçu le Grand Prix d'interprétation pour son jeu remarquable.,대 = grand + 상 = prix/récompense. La distinction suprême remise lors d'une cérémonie de remises de prix.
유능하다,"être talentueux, être capable",우리 팀에는 유능한 개발자가 많아요.,Il y a beaucoup de développeurs très compétents dans notre équipe.,유 = avoir + 능 = capacité. Personne qui possède de grandes compétences professionnelles et qui réussit ce qu'elle entreprend.
앵커,présentateur (d'un journal télévisé),9시 뉴스 앵커가 뉴스를 진행하고 있습니다.,Le présentateur du journal de 21h présente les informations.,Emprunt direct de l'anglais "anchor". Journaliste de renom qui lit et coordonne le journal télévisé en plateau.
목표를 정하다,se fixer un objectif,새해가 되면 항상 새로운 목표를 정해요.,Quand vient la nouvelle année je fixe toujours de nouveaux objectifs.,목표 = objectif/but + 를 정하다 = décider/déterminer.
눈높이,son niveau (litt. « niveau des yeux »),선생님은 아이들의 눈높이에 맞게 설명해 주십니다.,Le professeur explique en se mettant au niveau (de compréhension) des enfants.,눈 = œil + 높이 = hauteur. Métaphore : s'adapter intellectuellement au niveau ou à la vue de son interlocuteur.
잘해 주다,"être bon envers, bien traiter quelqu'un",선배님이 저에게 항상 잘해 주십니다.,Mon aîné a toujours été très gentil envers moi.,잘 = bien + 하다 = faire + 주다 (auxiliaire d'offrande de l'action). Traiter autrui avec prévenance et gentillesse.
다수,"la majorité, la plupart des gens",다수의 의견을 존중하는 것이 민주주의입니다.,Respecter l'opinion de la majorité c'est la démocratie.,다 = beaucoup/nombreux + 수 = nombre. La plus grande part ou portion d'un groupe.
소수,"une minorité, un petit groupe",소수의 의견도 무시해서는 안 됩니다.,On ne doit pas non plus ignorer l'opinion d'une minorité.,소 = petit/peu + 수 = nombre. Les personnes marginales ou peu nombreuses dans une décision.
희망,espoir,우리는 미래에 대한 희망을 품고 살아야 해요.,Nous devons vivre en nourrissant de l'espoir pour l'avenir.,희 = espérer/attendre + 망 = regarder au loin. Sentiment ou disposition optimiste sur le futur.
미소를 짓다,sourire,그녀는 항상 환한 미소를 지으며 인사합니다.,Elle salue toujours les gens en arborant un sourire éclatant.,미소 = simple sourire muet + 짓다 = fabriquer (une expression du visage). Par opposition à un grand fou rire sonore.
배우자,conjoint(e),평생을 함께할 좋은 배우자를 만나고 싶어요.,Je veux rencontrer un bon conjoint avec qui partager toute ma vie.,배 = accompagner + 우 = ami + 자 = personne. Son époux ou son épouse.
조건,"condition, critère (pour un conjoint)",결혼 배우자를 고를 때 가장 중요한 조건은 무엇입니까?,Quel est le critère le plus important lorsqu'on choisit un conjoint ?,조 = clause + 건 = affaire. Atouts exigés d'une personne (caractère finances santé) ou règles d'un contrat.
부모,parents,부모는 자식 걱정을 평생 합니다.,Les parents s'inquiètent pour leurs enfants toute leur vie.,부 = père + 모 = mère. Le père et la mère considérés comme une seule et même figure de protection.
,,,,
6과,,,,
음성 안내,message préenregistré,고객센터에 전화하면 안내의 음성 안내가 나옵니다.,Quand on appelle le service client un message vocal préenregistré retentit.,음성 = voix + 안내 = guide/information. Message automatique qui guide l'utilisateur sur une ligne téléphonique (ARS).
배송,"livraison, expédition",어제 주문한 물건이 오늘 배송되었어요.,L'article commandé hier a été livré aujourd'hui.,배 = distribuer + 송 = envoyer. Utilisé de manière très répandue pour les colis le courrier ou les courses en ligne (택배).
조회,vérification (de quelque chose),택배 배송 조회를 해 보니 내일 도착한대요.,En vérifiant le statut de l'expédition on m'a dit que ça arriverait demain.,조 = examiner + 회 = réunir. Action de consulter sa banque l'état d'une livraison un dossier ou un compte informatisé.
비회원,non-membre,비회원도 온라인 쇼핑몰에서 물건을 살 수 있어요.,Même les non-membres peuvent acheter des articles sur la plateforme de e-commerce.,비 = non/pas (préfixe négatif) + 회원 = membre. Désigne quelqu'un qui n'a pas créé de compte ou n'est pas insrit.
별표,astérisque,비밀번호를 누른 후 별표를 눌러 주세요.,Appuyez sur la touche astérisque après avoir tapé le mot de passe.,별 = étoile + 표 = marque. Le petit signe (*) sur le clavier ou le pavé numérique. Souvent indiqué lors des instructions des serveurs vocaux.
구매,achat,인터넷 인터넷으로 책을 대량으로 구매했습니다.,J'ai acheté des livres en grande quantité sur Internet.,구 = chercher/acquérir + 매 = acheter. Terme légèrement plus formel que 사다 généralement utilisé dans le commerce ou l'administration.
결제,"règlement, paiement",신용카드로 안전하게 결제하시겠습니까?,Souhaitez-vous régler de manière sécurisée par carte de crédit ?,결 = conclure + 제 = régler. L'action pure de terminer ou clore la transaction financière (sur terminal sur internet).
문의,"renseignement, demande d'information",제품 교환에 대한 문의는 이메일로 해 주세요.,Veuillez formuler vos demandes concernant le remplacement du produit par e-mail.,문 = demander + 의 = discuter. Solliciter des informations à un service après-vente ou à l'accueil pour être épaulé.
취소,annulation,비가 크게 와서 비행기 예약이 취소되었어요.,La réservation du vol a été annulée à cause de la forte pluie.,취 = prendre + 소 = effacer. L'action d'annuler un vol un achat un service ou un événement pré-établi.
기타,"divers, et cetera",기타 문의 사항은 번호 0을 누르거나 상담원에게 연락하세요.,Pour toutes autres demandes veuillez appuyer sur la touche 0 ou contacter un conseiller.,기 = autre + 타 = autre chose. Les autres requêtes qui n'entrent pas dans le menu principal proposé.
샵 버튼,touche dièse,메뉴로 돌아가려면 우측 하단의 샵 버튼을 누르세요.,Pour retourner au menu appuyez sur la touche dièse en bas à droite.,샵 = emprunt phonétique à l'anglais 'sharp' (#) + 버튼 = bouton. Le symbole carré sur le clavier de saisie téléphonique.
얼룩이 묻어 있다,être taché,새 셔츠에 작은 커피 얼룩이 묻어 있어서 교환했어요.,Mon nouveau chemisier était taché par un peu de café alors je l'ai échangé.,얼룩 = une tache + 묻다 = être collé/déposé. S'emploie physiquement (taches sur des vêtements liquides sur un tissu).
-이 구겨져 있다,(quelque chose) est froissé ou chiffonné,포장 상자 안의 옷이 다 구겨져서 배달되었어요.,Les vêtements dans la boîte d'emballage sont arrivés tous froissés.,구기다 = froisser + -아/어 있다 = être dans un état qui perdure. L'aspect plissé écrasé et non repassé d'un tissu.
바느질,"couture, broderie",할머니의 옷은 바느질이 꼼꼼해서 아주 튼튼해요.,Les vêtements de grand-mère ont une couture si méticuleuse qu'ils sont très solides.,바늘 = aiguille + 질 = suffixe pour l'action l'usage ou le métier. Lier des tissus à la main ou à la machine.
엉망이다,"être en désordre, être un désastre",강한 태풍이 지나간 후 거리가 완전히 엉망이 되었습니다.,Après le passage du puissant typhon la rue est devenue un complet désastre.,État pitoyable chaotique ou fâcheux (pour un lieu une chambre une journée ou même un système).
반품하다,retourner un produit,원래 입던 사이즈와 안 맞아서 바지를 반품했습니다.,Je n'aimais pas la taille par rapport à ce que je mets d'habitude alors j'ai fait un retour produit du pantalon.,반 = renvoyer/inverser + 품 = article. Faire l'action de renvoyer l'article acheté au vendeur (souvent par colis ou magasin) pour obtenir un remboursement.
베이지 색,beige,화사한 봄에는 부드러운 베이지 색 코트가 잘 어울려요.,Au printemps lumineux les manteaux beiges et doux vont bien au teint.,베이지 = transcription du mot 'beige' + 색 = couleur. Couleur phare pour les "trench coats" (트렌치코트) coréens d'automne/printemps.
실제로 보다,voir en vrai,인터넷 사진보다 그 귀걸이를 실제로 보는 것이 훨씬 예뻐요.,C'est beaucoup plus joli de voir ces boucles d'oreilles en vrai plutôt que sur une photo internet.,실제 = réalité / vrai + 로 = au moyen de + 보다 = voir. Souligne la différence avec un rendu écran ou magazine.
제품,"produit, marchandise",우리 회사의 새로운 소형 신제품이 곧 출시됩니다.,Le nouveau petit produit de notre entreprise va bientôt être mis sur le marché.,제 = fabriquer + 품 = article. Désigne un article manufacturé sorti de l'usine un bien mis en vente dans le commerce.
상자,boîte,생일 상자 안에 달콤한 선물이 가득 들어 있어요.,La boîte d'anniversaire est remplie de doux cadeaux.,Un récipient une caisse usuellement en carton plastique ou bois. (ex: 택배 상자 = le célèbre carton de livraison en Corée).
-이 적혀 있다,être écrit (un numéro de téléphone ou une note par ex.),쪽지에 부장님의 개인 전화번호가 적혀 있었어요.,Le numéro de téléphone personnel du directeur était marqué sur le post-it.,적다 = écrire/noter + 히다 (suffixe passif) + -아/어 있다 = reflète un état achevé. Ce qui est laissé sous forme écrite pour qu'on le lise.
부담하다,"prendre en charge, assumer la responsabilité",단순 변심으로 인한 반품 배송비는 고객이 직접 부담해야 합니다.,Les frais de port pour un retour produit sur simple changement d'avis doivent être assumés par le client en personne.,부 = charger sur le dos + 담 = porter. Prendre en charge une "lourdeur" comme un coût financier énorme ou une inquiétude.
모니터,moniteur (d'ordinateur),연속으로 작업하다가 컴퓨터 모니터 화면이 갑자기 꺼졌어요.,L'écran du moniteur de l'ordinateur s'est soudainement éteint après y avoir travaillé non-stop.,Emprunt direct à l'anglais "monitor".
문의 사항,"question, chose à demander",불편하신 점 및 다른 문의 사항이 있으시면 언제든지 연락 주세요.,Si vous rencontrez le moindre inconvénient et avez d'autres choses à demander n'hésitez pas à nous contacter à tout moment.,문의 = demande / requête d'information + 사항 = articles/sujets à traiter. Très courant dans les emails de service à la clientèle (CS).
제조 업체,fabricant,이 훌륭한 전자제품의 공식 제조 업체는 어디입니까?,Où se trouve le fabricant officiel de cet excellent produit électronique ?,제조 = la fabrication/prodution + 업체 = l'entreprise/firme. La compagnie qui procède à la production concrète ou à l'assemblage manuel/industriel.
불편을 드리다,causer un désagrément (à quelqu'un),배송 관련 서비스 문제로 고객님께 불편을 드려 정말 죄송합니다.,Nous sommes sincèrement désolés de vous avoir causé des désagréments à cause de ce problème de service lié à l'expédition.,불편 = inconvénient/inconfort + 을 드리다 = donner très respectueusement. Phrase de rigueur absolue et formule typique de l'accueil commercial et administratif en Corée.
용돈,argent de poche,저는 어릴 때 한 달에 한 번씩 부모님께 용돈을 받아서 썼어요.,Quand j'étais petit je recevais de l'argent de poche de mes parents une fois par mois pour le dépenser.,용 = l'usage quotidien/utiliser + 돈 = argent. Somme octroyée souvent aux enfants étudiants (ou même à ses parents âgés pour les aider via l'enveloppe de fin d'année).
교통 신호,signal de circulation,운전할 때는 아무리 급해도 반드시 교통 신호를 지켜야 합니다.,En conduisant on doit impérativement respecter les signaux de circulation même si l'on est pressé.,교통 = le trafic/circulation + 신호 = le signal/le signe. Le feu rouge feu vert passage piéton intersection etc.
벌금을 내다,payer une amende,아버지는 시내에서 속도 위반으로 무거운 벌금을 냈습니다.,Mon père a dû s'acquitter d'une lourde amende pour excès de vitesse en centre-ville.,벌 = punition/peine + 금 = or/argent de valeur + 내다 = payer. Devoir de l'argent car on a rompu une règle ou loi.
수업이 폐강되다,un cours est annulé,최소 등록 학생 수가 모자라서 그 특강 수업이 결국 폐강되었어요.,Comme il manquait le quota d'étudiants inscrits requis ce cours spécial a fini par ne pas ouvrir.,수업 = cours + 폐 = fermer administrativement + 강 = cours/conférence + 되다 = subir (voix passive). Uniquement pour les écoles universités instituts qui annulent faute d'effectifs pour l'année/semestre entier.
개강,début d'un cours universitaire ou d'une série de cours,다음 주부터 드디어 새 학기 개강입니다.,Le semestre commence enfin à partir de la semaine prochaine.,개 = ouvrir + 강 = conférence/cours. Le premier jour où les cours débutent officiellement.
최소한,"au moins, un minimum",이 일을 완전히 끝내려면 최소한 3일은 걸려요.,Il faut au moins 3 jours pour terminer ce travail complètement.,최 = le plus + 소 = petit + 한 = limite. La quantité la plus petite ou la durée minimale.
옷을 맡기다,déposer des vêtements (chez le pressing),세탁소에 더러워진 겨울 옷을 맡겼어요.,J'ai déposé mes vêtements d'hiver sales au pressing.,맡기다 = confier/déposer la responsabilité. Laisser ses affaires à un service (pressing consigne etc.).
리본,ruban,머리에 예쁜 핑크색 리본을 달았어요.,J'ai mis un joli ruban rose dans mes cheveux.,Emprunt direct à l'anglais "ribbon". Élément de décoration.
수선비,frais de retouche (pour vêtements),바지 길이를 줄이느라 수선비가 만 원 들었어요.,J'ai dû payer 10 000 wons de frais de retouche pour raccourcir mon pantalon.,수선 = retouche/réparation + 비 = frais. Coût pour modifier un vêtement (ourlet taille trous).
저희 쪽,"notre côté, notre entreprise",이 문제는 저희 쪽에서 실수한 것 같습니다.,Il semble que ce problème soit une erreur de notre part.,저희 = notre (humble) + 쪽 = côté. Formule très utilisée au service client pour désigner sa propre entreprise ou son équipe.
택배,service de livraison de colis,선물을 택배로 보냈으니 내일 안전하게 도착할 거예요.,J'ai envoyé le cadeau par colis postal donc il arrivera demain de manière sûre.,택 = maison/domicile + 배 = distribuer. Le service de livraison rapide ultra-répandu en Corée du Sud.
요청하다,"demander, solliciter",호텔 프론트에 추가 수건을 요청했어요.,J'ai demandé des serviettes supplémentaires à la réception de l'hôtel.,요 = demander/nécessiter + 청 = inviter/prier. Demander officiellement ou poliment un service à autrui.
숙박시설,"hébergement, lieu de séjour",여행 전에 미리 예약 사이트에서 좋은 숙박시설을 찾으세요.,Trouvez à l'avance un bon hébergement sur un site de réservation avant votre voyage.,숙박 = logement/nuitée + 시설 = installation. Terme générique englobant hôtels auberges pensions motels etc.
펜션,"chambre d'hôtes, petit hôtel",주말에 대학 친구들과 바닷가 펜션에 놀러 갔어요.,Ce week-end je suis allé m'amuser avec mes amis d'université dans une pension au bord de la mer.,Emprunt au français/anglais "pension". Ce sont de belles maisons louées pour des groupes (souvent avec un espace barbecue).
콘도,appartement en copropriété,가족 여행으로 설악산 근처 콘도를 빌렸어요.,Pour notre voyage en famille nous avons loué un condo près du mont Seorak.,Emprunt à l'anglais "condominium". Grand complexe hôtelier incluant une cuisine intégrée très prisé des familles.
게스트 하우스,maison d'hôtes,게스트 하우스에서 외국인 배낭 여행객들을 만났어요.,J'ai rencontré des routards étrangers à la maison d'hôtes.,Emprunt à l'anglais "guest house". Hébergement bon marché (souvent avec chambres en dortoir).
민박,chambre ou cottage loué aux voyageurs,시골 할머니 댁 같은 민박에서 며칠 푹 쉬었습니다.,Je me suis reposé complètement quelques jours dans un minbak qui ressemblait à la maison d'une grand-mère à la campagne.,민 = peuple + 박 = nuit/logement. Location d'une chambre chez l'habitant plus rurale et modeste.
배낭 여행객,"routard, voyageur avec sac à dos",제주도에는 저렴한 숙소를 찾는 젊은 배낭 여행객이 많아요.,Il y a beaucoup de jeunes routards qui cherchent des logements bon marché sur l'île de Jeju.,배낭 = sac à dos + 여행객 = voyageur. Personne qui voyage léger à petit budget à travers le pays.
길가,bord de route,길가에 예쁜 코스모스가 활짝 피어 있었어요.,De jolis cosmos étaient grandement éclos sur le bord de la route.,길 = route/chemin + 가 = bord/marge. Le trottoir l'accotement de terre ou le côté d'un chemin.
소음,"bruit, son désagréable",공사장 소음 때문에 도저히 낮잠을 잘 수가 없어요.,Je n'arrive absolument pas à faire la sieste à cause du bruit du chantier.,소 = bruyant + 음 = son. Nuisance sonore (trafic travaux voisins musique forte).
심하다,"être grave, être sérieux",오늘은 미세먼지가 너무 심해서 꼭 마스크를 써야 해.,Aujourd'hui les poussières fines sont si extrêmes qu'il faut absolument porter un masque.,S'emploie pour décrire une situation difficile ou douloureuse dont le degré d'intensité est trop élevé.
(손님이) 차다,"il n'y a plus de chambres, pas de disponibilité",연휴라서 관광지 주변 호텔 방이 벌써 다 찼어요.,Comme c'est un long week-end de vacances les chambres d'hôtel près de la zone touristique sont déjà toutes pleines.,차다 = être rempli. Signifie qu'il n'y a plus aucune place libre.
(방이) 비다,(une chambre) est vide ou disponible,혹시 오늘 밤에 당장 묵을 수 있는 빈 방 있습니까?,Auriez-vous par hasard une chambre de libre pour y séjourner dès ce soir ?,비다 = être vide. Contraire de 차다. Une place, une chambre ou un emploi du temps libre de toutes contraintes.
체크 아웃을 하다,faire le check-out (d'une chambre),내일 아침 11시까지는 프론트에서 체크 아웃을 해야 합니다.,Il faut faire le check-out à la réception d'ici 11h demain matin.,Emprunt direct à l'anglais "check-out". Rendre sa clé et quitter l'hôtel après y avoir séjourné.
요금,"prix, tarif",비행기 요금이 작년보다 조금 올랐어요.,Le tarif des vols a légèrement augmenté par rapport à l'année dernière.,요 = réclamer + 금 = argent. Le prix à payer pour jouir d'un service (taxi téléphone électricité).
문화센터,centre culturel,어머니는 주말마다 문화센터에서 요가와 요리를 배우고 계세요.,Ma mère apprend le yoga et la cuisine au centre culturel chaque week-end.,문화 = culture + 센터 = centre. Lieu municipal ou dépendant de grands magasins (백화점) proposant des cours de loisirs.
주민센터,mairie de quartier (litt. « centre des résidents »),이사한 후에 가장 먼저 주민센터에 가서 전입신고를 했어요.,Après avoir déménagé je suis allé en premier à la mairie de quartier pour déclarer mon changement d'adresse.,주민 = résident + 센터. Bâtiment administratif local où l'on gère ses papiers officiels (anciennement 동사무소).
인원,nombre de personnes,이번 회사 체육대회 참석 인원은 총 백 명입니다.,L'effectif total participant à la journée sportive de l'entreprise est de 100 personnes.,인 = personne + 원 = membre. Employé pour dénombrer des participants la capacité d'une salle ou l'effectif d'un groupe.
모집,recrutement,우리 봉사 동아리에서 함께할 신입 회원을 모집하고 있습니다.,Notre club de bénévolat recrute de nouveaux membres pour faire partie du groupe.,모 = rassembler + 집 = réunir. Fait d'attirer et d'enregistrer des personnes pour une offre (cours club essai clinique etc.).
헛걸음하다,"faire un voyage pour rien, se déplacer en vain",가게 문이 이미 닫혀 있어서 헛걸음만 하고 집으로 돌아왔어요.,Comme la porte du magasin était déjà fermée j'ai fait le déplacement pour rien et je suis rentré à la maison.,헛 = en vain/faux/inutile + 걸음 = pas/démarche + 하다. Se fatiguer à physiquement y aller sans obtenir le résultat voulu.
싸구려,quelque chose de très bon marché,길에서 파는 싸구려 우산은 바람이 불면 금방 망가져요.,Les parapluies de mauvaise qualité vendus dans la rue s'abîment rapidement quand il y a du vent.,Mot souvent péjoratif désignant un article de basse qualité dû à son aspect ou son bas prix (싸다).
담당자,la personne responsable de quelque chose,이 프로젝트의 세부 일정은 부서 예약 담당자에게 물어보세요.,Veuillez demander le calendrier détaillé de ce projet à la personne en charge des réservations du département.,담 = porter sur le dos + 당 = assumer + 자 = personne. La personne responsable ou contact privilégié dans une tâche.
제대로,"correctement, comme il se doit",기초를 제대로 배우지 않으면 나중에 큰 실력을 쌓기 어려워요.,Si on n'apprend pas les bases correctement il est difficile d'acquérir de grandes compétences plus tard.,Adverbe indiquant qu'on fait les choses dans les règles de l'art selon la norme définie ou sans erreur.
작동이 안 되다,ne pas fonctionner,세탁기 작동이 안 돼서 아침에 서비스 센터에 수리를 맡겼어요.,La machine à laver ne fonctionnait pas alors j'ai appelé le centre de service ce matin pour réparation.,작 = faire + 동 = bouger. Expression typique pour signaler qu'un mécanisme ou une machine électrique est en panne.
판매점,"magasin, boutique",이 신형 스마트폰은 공식 판매점에서만 직접 살 수 있습니다.,Ce nouveau smartphone ne peut être acheté que directement dans les boutiques officielles.,판매 = vente (action de vendre pécuniairement) + 점 = point de vente/magasin. Lieu de commerce de détail.
보상을 받다,"être indemnisé, recevoir une compensation",비행기가 크게 지연되어서 항공사로부터 보상을 받았어요.,Comme le vol a été grandement retardé j'ai reçu une indemnisation de la compagnie aérienne.,보상 = indemnisation/dédommagement + 을 받다 = recevoir. S'emploie pour obtenir un dédommagement matériel ou financier.
감정적으로,émotionnellement,화가 난다고 상황을 감정적으로 대처하면 안 됩니다.,Il ne faut pas réagir à la situation émotionnellement sous prétexte qu'on est en colère.,감정 = émotion + 적 = suffixe attributif + 으로 = vers/avec. De manière impulsive ou guidée uniquement par ses sentiments.
억양,"intonation, ton",외국어를 자연스럽게 구사하려면 억양도 매우 중요해요.,Lorsqu'on veut parler une langue étrangère naturellement l'intonation est aussi très importante.,억 = presser + 양 = lever. La mélodie de la phrase la montée ou la descente naturelle de la voix.
논리적으로,logiquement,팀원들과 모여서 이 문제를 논리적으로 다시 분석해 봅시다.,Rassemblons-nous avec les membres de l'équipe et analysons ce problème logiquement.,논리 = logique (raisonnement humain) + 적 = suffixe + 으로 = avec. Basé sur la raison de façon structurée et carrée.
불만 사항,"raison de se plaindre, motif d'insatisfaction",제품 불량에 대한 불만 사항을 고객 소리 게시판에 남겼습니다.,J'ai laissé mes motifs d'insatisfaction sur le forum client concernant le défaut du produit.,불만 = mécontentement + 사항 = article/sujet. L'ensemble des choses qu'on reproche légitimement à un produit.
불량,"mauvaise qualité, camelote",산 지 하루 만에 고장나다니 이 부품은 완전 불량인 것 같아요.,Que ça tombe en panne un jour après l'achat on dirait que cette pièce est de la mauvaise qualité totale.,불 = non/pas + 량 = bon. Produit qui ne respecte pas les normes de contrôle usine. On parle souvent de 불량품.
색상,couleur (d'un produit),이 여름 원피스는 파란색과 하얀색 두 가지 색상으로 나옵니다.,Cette robe d'été est disponible en deux couleurs (coloris) : bleu et blanc.,색 = couleur + 상 = aspect/forme. Terme très commercial et poli pour désigner les "coloris" au lieu de juste utiliser 색.
귀사,votre entreprise (forme respectueuse en correspondance commerciale),귀사의 무궁한 발전과 번영을 진심으로 기원합니다.,Je préconise de tout cœur un développement et une prospérité sans fin à votre entreprise.,귀 = noble/précieux + 사 = firme. Terme uniquement utilisé dans un email ou courrier B2B formel en s'adressant au partenaire en face.
소비자,consommateur,유명한 기업은 항상 소비자의 작은 의견에 귀를 기울여야 합니다.,Les entreprises célèbres doivent toujours prêter l'oreille aux moindres opinions des consommateurs.,소비 = consommation + 자 = personne. L'acteur final en économie qui emploie son argent pour le produit fini.
더 이상,"plus, désormais",아무리 맛있어도 배가 너무 불러서 더 이상은 못 먹겠어요.,Même si c'est délicieux j'ai l'estomac tellement plein que je n'en pourrai pas manger plus.,더 = plus (de quantité) + 이상 = au-delà. S'utilise conjointement à une particule négative pour signifier "ne plus pouvoir...".
-을 실망시키다,décevoir (quelqu'un),이번 시험에서 기대에 부응하지 못하고 부모님을 크게 실망시켰습니다.,Je n'ai pas pu répondre aux attentes lors de cet examen et j'ai grandement déçu mes parents.,실 = perdre + 망 = espoir + 시키다 = faire faire (voix causative). Provoquer soi-même la perte de l'espoir chez quelqu'un d'autre.
한 사이즈 작다/크다,une taille en dessous/au-dessus,신발 발볼이 너무 꽉 껴서 한 사이즈 큰 것으로 교환해 주세요.,Comme la largeur de la chaussure me serre trop veuillez me l'échanger pour une taille au-dessus.,사이즈 = emprunt direct à l'anglais 'size'. Toujours précéder du chiffre coréen "한 / 두 ..." pour le nombre de taille.
상품 평을 남기다,laisser un avis sur un produit,저는 인터넷 쇼핑에서 물건을 산 후에 항상 꼼꼼하게 상품 평을 남깁니다.,Après avoir acheté un article par shopping sur internet je laisse toujours méticuleusement un avis produit.,상품 = marchandise + 평 = l'évaluation / dire son mot + 을 남기다 = laisser une trace.
일일이,"un par un, chacun",오늘 저녁 파티에 초대할 사람들의 번호로 일일이 전화를 걸었어요.,J'ai appelé une à une chaque personne sur leur numéro pour les convier à la fête de ce soir.,일일 = un un / chaque un + 이 (adverbe). Faire une action individuellement de façon besogneuse sans en sauter aucun.
체크하다,"vérifier, examiner",집에 불이 날까 봐 외출하기 전에 가스 밸브를 철저히 체크했어요.,De peur que la maison prenne feu j'ai vérifié méticuleusement la valve de gaz avant de sortir.,Emprunt direct à l'anglais "check". Intégré à la langue quotidienne pour dire "inspecter visuellement ou point par point".
게다가,"de plus, en outre",배가 아픈데 게다가 갑자기 열까지 나기 시작했어요.,J'avais mal au ventre et en plus de ça j'ai soudainement commencé à faire de la fièvre.,Adverbe connecteur lourd pour ajouter une information supplémentaire qui renforce une situation complexe.
비용,"coût, frais",다음 달 친동생의 결혼식을 준비하는 데 비용이 꽤 많이 들었어요.,La préparation du mariage de mon petit frère le mois prochain a réclamé pas mal de frais.,비 = dépenser du blé + 용 = utiliser/se servir. Argent pragmatiquement nécessaire à l'accomplissement d'un long projet (ex: 치료 비용 = frais de soin).
답변,réponse,고객님이 문의하신 내용에 대해 24시간 내에 이메일로 친절한 답변을 보내드립니다.,Concernant la requête que vous avez demandée nous vous enverrons une réponse chaleureuse par email sous 24h.,답 = la réponse/répliquer + 변 = la parole/la langue. Souvent utilisé pour les réponses professionnelles asynchrones au SAV.
불편 사항,"désagrément, chose que l'on trouve gênante",여행 중 건의 및 기타 불편 사항이 생기면 언제든 안내 카운터로 알려주세요.,S'il vous vient des requêtes ou des motifs de gêne pendant votre séjour n'hésitez pas à en prévenir le poste d'accueil.,불편 = l'inconfort total + 사항 = sujet/point. Mots de tous les jours dans l'industrie hôtelière pour inviter le client à se plaindre au personnel.
한국관광공사,Organisation du tourisme de Corée,최근 한국관광공사에서 외국인을 위한 유용한 새 가이드북 앱을 전면 출판했어요.,Récemment l'Office du Tourisme de Corée a entièrement mis en ligne une toute nouvelle application guide très utile pour les étrangers.,한국 = Corée + 관광 = le tourisme + 공사 = très grande entreprise publique. L'organisme clé (nommé KTO en anglais).
-을 대상으로 조사하다,mener une enquête auprès de,서울에 사는 대학생 오백 명을 대상으로 스마트폰 사용 시간을 철저하게 조사했어요.,Nous avons mené une enquête scrupuleuse sur le temps d'utilisation des smartphones auprès d'une cible de 500 étudiants à Séoul.,대상 = l'objet visé / la cible + 으로 = via/en tant que + 조사하다 = enquêter. Le format de base pour parler d'un sondage social.
중복 응답,réponses multiples,설문지 마지막 문항에서 제일 좋아하는 과일 색깔을 자유롭게 중복 응답할 수 있습니다.,A la dernière question du questionnaire on peut répondre librement et de manière multiple ses couleurs de fruits préférés.,중 = double + 복 = répéter + 응답 = dire la réponse. Lors d'un QCM ou sondage signale qu'on coche plus d'une option possible.
단위,unité (de mesure),국내 무역 수출액은 기본적으로 수십억 달러 단위를 기준으로 언론에 발표됩니다.,Les chiffres d'exportation liés au commerce domestique sont fondamentalement annoncés à la presse dans l'unité du milliard de dollars.,단 = couper une section + 위 = le rang/la position. Peut être l'unité monétaire physique géographique ou temporelle.
언어 소통,communication verbale,유럽 배낭 여행 중에 가장 크고 막막했던 한계점은 현지인과의 언어 소통이었습니다.,Le plus gros point de blocage perçu lors d'un voyage routard en Europe était la difficulté de communication verbale avec les locaux.,언어 = langage/la langue + 소통 = faire circuler sans blocages. La stricte capacité d'échanger des mots fluidement.
바가지 요금,"surfacturation, prix excessif",여름 휴가철 관광지 상점들의 터무니없는 바가지 요금이 매년 큰 사회 문제로 지적됩니다.,La surfacturation aberrante des magasins en zones touristiques l'été est pointée chaque année du doigt comme un problème de société massif.,바가지 = grande louche pour puiser de l'eau + 요금 = tarif. Image de "se faire vider les poches" qui résonne avec "se faire plumer (arnaquer)".
실태 조사,"enquête de terrain, état des lieux",정부는 최근 심각해진 청년 실업에 대한 대대적이고 심층적인 실태 조사를 시작했어요.,Le gouvernement vient de lancer une enquête de terrain de grande envergure et en profondeur sur le chômage des jeunes devenu alarmant.,실 = vrai/réel + 태 = forme/l'état des choses + 조사 = enquête. Investigation officielle pour remonter un problème à la source.
만족도를 높이다,augmenter le degré de satisfaction,우리 식당은 모든 고객의 만족도를 높이기 위해 더 깨끗하고 친절하게 서비스하겠습니다.,Notre restaurant fera le service plus proprement et plus aimablement afin d'augmenter le degré de satisfaction de nos clients.,만족 = sentiment comblé/fier + 도 = chiffre du degré + 를 높이다 = élever en haut. Indispensable pour parler satisfaction client.
개선하다,améliorer,낡은 복지 제도를 빨리 21세기 현대에 맞게 개선해야 국민들이 편해집니다.,Il faut rapidement améliorer le vieux système de protection sociale pour le moderniser afin de soulager les citoyens.,개 = retoucher/changer + 선 = vers le très bien/bon. Corriger activement ou légalement des trucs obsolètes.
증가하다,augmenter,현대인들의 모바일 게임 사용 시간이 매년 쉬지 않고 꾸준히 증가하고 있어요.,Le temps passé par les gens modernes sur les jeux mobiles continue d'augmenter patiemment sans s'arrêter chaque année.,증 = accumuler/rajouter + 가 = rajouter encore (un +). Mathématiquement la masse ou la taille s'accroit inéluctablement. S'oppose à 감소하다 (décroitre).
영향,"influence, effet",부모님의 올바른 생활 습관은 성장하는 어린 자녀에게 무척이나 큰 긍정적인 영향을 미칩니다.,Les bonnes habitudes de vie des parents ont une influence colossale et positive sur les jeunes enfants en grandissant.,영 = ombre fine + 향 = écho du son lointain. Répercussion d'actes ou d'une chose immatérielle sur une autre (nature psychisme).
(한국 방문의 해)를 맞아 즐겨 찾다,visiter fréquemment à l'occasion de l'Année de la visite en Corée,올해 한국 방문의 해를 맞아 명동을 즐겨 찾는 외국인이 많아졌습니다.,A l'occasion de l'Année de la visite en Corée (cette année) les étrangers qui visitent fréquemment Myeongdong sont devenus nombreux.,맞다 = accueillir (une date) + 즐기다 = prendre plaisir + 찾다 = visiter/chercher.
-을 벗어나다,sortir de (un endroit),복잡한 도시를 벗어나 조용한 시골에서 여유롭게 살고 싶어요.,Je veux m'extirper de la ville complexe et vivre détendu dans une campagne calme.,벗다 = enlever (un vêtement/un poids) + 나다 = sortir. S'échapper d'une zone géographique ou d'une situation difficile.
표지판,panneau de signalisation,외국인 관광객들이 길을 잃지 않도록 영어 거리 표지판을 많이 세웠어요.,On a monté beaucoup de panneaux de rue en anglais pour que les touristes étrangers ne se perdent pas.,표지 = marque/signe + 판 = planche/panneau. Panneaux de signalisation sur la route de vitesse ou de localisation en ville.
제대로 된 번역,"une traduction correcte, une bonne traduction",음식점 메뉴판에 제대로 된 번역이 없어서 외국인들이 메뉴를 고르기 힘들어요.,Les étrangers ont du mal à choisir au menu car il n'y a pas de bonne traduction sur la carte du restaurant.,제대로 되다 = être fait dans les règles + 번역 = traduction. C'est-à-dire pas une traduction au rabais ou fautive.
바람,"souhait, désir, espoir",나의 앞으로의 작은 바람은 온 가족이 매일 건강하게 사는 것입니다.,Mon petit souhait pour l'avenir est que toute la famille vive en bonne santé tous les jours.,바라다 = souhaiter + ㅁ (suffixe de nominalisation). Ne pas confondre avec le vent (바람) même si l'orthographe est identique.
바가지를 쓰다,"se faire arnaquer, se faire surfacturer",관광지 기념품 상점에서 외국인이라고 바가지를 써서 기분이 아주 안 좋았어요.,Je me suis fait arnaquer parce que j'étais étranger dans une boutique de souvenirs de la zone touristique donc je n'étais pas de bonne humeur.,바가지 = grande louche + 쓰다 = porter sur la tête. Image forte pour désigner l'action de subir une escroquerie sur le prix.
겪다,"subir, vivre (quelque chose de désagréable)",이번 엄청난 홍수로 우리 동네 주민들은 심각한 피해를 겪고 있습니다.,À cause de cette inondation monstrueuse les habitants de notre quartier subissent de sérieux dommages.,Vivre ou traverser une expérience le plus souvent lourde rude et désagréable (comme la guerre une crise l'injustice).
종종,"de temps en temps, parfois",저는 휴일이나 주말에 밥하기 싫을 때 종종 라면을 끓여 먹어요.,De temps en temps quand je n'ai pas envie de cuisiner les week-ends ou jours fériés je me fais des rāmen.,Adverbe indiquant à une fréquence espacée mais régulière (souvent prononcé 쫑쫑 à l'oral).
불쾌하다,"être désagréable, être offensant",에어컨에서 나는 이상한 냄새 때문에 무척 불쾌해서 화가 났어요.,J'ai été vraiment indisposé à cause de la mauvaise odeur venant de la climatisation donc j'étais en colère.,불 = non + 쾌 = plaisant. Sentiment d'humeur massacrante ou dérangeante face à un comportement ou l'environnement.
따지다,"contester, insister sur",계산서에 결제 금액이 전혀 안 맞길래 식당 직원에게 화를 내며 따졌습니다.,Comme le montant à régler sur l'addition n'était pas du tout bon j'ai contesté avec colère auprès de l'employé du restaurant.,Demander des comptes de manière stricte argumenter fortement sur les détails pour réclamer son dû.
정부,le 정부 (le gouvernement),정부는 심각한 구직 위기를 극복하기 위해 새로운 일자리 정책을 발표했습니다.,Le gouvernement a annoncé une nouvelle politique pour l'emploi afin de surmonter la sévère crise de la recherche d'emploi.,정 = politique + 부 = département/bureau. L'organe gouvernemental qui dirige le cabinet exécutif d'un pays (l'État).
단속하다,"sévir contre, faire respecter (une loi)",경찰이 출퇴근 시간에 좁은 시내에서 불법 주차를 강력하게 단속하고 있습니다.,La police sévit fermement contre le stationnement illégal dans les centres-villes étroits aux heures de pointe.,단 = couper + 속 = lier. Réguler surveiller ou réprimer des actions illégales pour maintenir le bon ordre.
대규모,à grande échelle,서울 중심부에서 대규모 도로 개발 공사가 곧 본격적으로 시작될 예정입니다.,Des travaux de développement routier à grande échelle vont bientôt commencer à part entière au centre de Séoul.,대 = grand + 규모 = échelle/envergure. Terme pour décrire la taille monumentale d'un projet de travaux ou d'une catastrophe.
(행사를) 유치하다,accueillir (un événement),우리 도시는 치열한 경쟁 끝에 동계 올림픽을 성공적으로 유치했습니다.,Notre ville a accueilli avec succès les Jeux Olympiques d'hiver après une concurrence féroce.,유 = inviter + 치 = placer. Procéder à des négociations pour attirer un énorme événement international ou un siège social chez soi.
치안,ordre public et 민생 (sécurité),한국은 새벽에 혼자 다녀도 될 만큼 세계에서 치안이 아주 훌륭한 나라입니다.,La Corée est un pays où l'ordre public est tellement formidable dans le monde qu'on peut s'y promener seul à l'aube.,치 = gouverner/soigner + 안 = paix/confort. L'état sécuritaire inestimable d'une ville (les caméras CCTV aident beaucoup).
긍정적이다,être positif,어려운 사건이라도 긍정적인 시각으로 바라보면 언젠가 해결책이 보일 거예요.,Même si c'est une affaire difficile si tu la regardes avec un point de vue positif tu y verras une solution un jour.,긍정 = positif + 적 = suffixe. Une attitude ou une approche en faveur de l'optimisme (contraire de 부정적).
부정적이다,être négatif,처음에는 그 위험한 제안에 매우 부정적이었지만 대화 후 나중에는 생각을 바꿨습니다.,Au début j'étais très négatif quant à cette proposition dangereuse mais après conversation j'ai changé d'avis plus tard.,부정 = négatif + 적 = suffixe. Attitude de rejet pessimiste ou cynique.
평가를 하다,"évaluer, apprécier",맛있는 지역 식당을 찾기 위해 인터넷에서 다른 사람들의 별점 평가를 꼼꼼히 참고했어요.,Pour trouver un délicieux restaurant local je me suis référé avec soin aux évaluations par étoiles des autres sur internet.,평가 = l'évaluation + 를 하다. Juger objectivement (ou subjectivement) de la valeur ou du prix d'une chose.
구매하다,"acheter, effectuer un 구매",집에서 쓰는 생활 용품의 대부분을 요즘에는 인터넷 쇼핑몰에서 바로 구매합니다.,De nos jours j'achète directement la plupart de mes biens de consommation courante pour la maison sur des sites en ligne.,구 = chercher/acquérir + 매 = acheter. Utilisé très formellement à la place de "사다".
더 이상 가지 않다,ne plus y aller,그 유명 상점은 예전보다 맛도 없고 몹시 불친절해서 앞으로 더 이상 가지 않을 겁니다.,Cette célèbre boutique a moins bon goût qu'avant et est atrocement inamicale donc je n'irai plus à l'avenir.,더 = plus + 이상 = au-delà + 안 가다 = ne pas aller. Cesser de se rendre complètement là-bas.
,,,,
7과,,,,
정차하다,s'arrêter un moment (un bus par exemple),마을 버스가 다음 정류장에 잠시 정차했습니다.,Le bus de village s'est arrêté temporairement à l'arrêt suivant.,정 = s'arrêter + 차 = véhicule. L'arrêt momentané d'un bus métro ou train pour prendre des passagers.
-이 발생하다,"avoir lieu, se produire",어젯밤 서부 시내에서 큰 교통사고가 발생했습니다.,Un grand accident de la route a eu lieu hier soir dans le centre-ville ouest.,발 = exploser/éclore + 생 = naître. S'utilise pour dire qu'un incident inattendu un accident ou un problème a éclaté d'un coup.
선발하다,"sélectionner, choisir",우리 회사에서 가장 우수한 신입 사원을 선발할 예정입니다.,Notre entreprise prévoit de sélectionner les employés débutants les plus excellents.,선 = choisir + 발 = extraire. Action de choisir les meilleurs éléments ou talents lors d'un concours/process.
추돌하다,"percuter par derrière, emboutir",비 오는 고속도로에서 두 대의 화물차가 심하게 추돌하는 끔찍한 사고가 났어요.,Il y a eu un terrible accident où deux camions se sont sévèrement emboutis sur l'autoroute pluvieuse.,추 = poursuivre/suivre + 돌 = se précipiter. Le véhicule en mouvement par l'arrière rentre dans celui de devant.
기록하다,"enregistrer, noter",그는 드디어 육상 올림픽에서 새로운 세계 신기록을 기록했습니다.,Il a enfin inscrit un nouveau record mondial aux Jeux Olympiques d'athlétisme.,기 = inscrire + 록 = noter par écrit. Prouver et laisser une trace de son acte dans l'histoire pour être lu plus tard.
중단하다,"arrêter, suspendre (une action ou un processus)",비가 갑자기 너무 많이 와서 야구 경기 진행을 중단했어요.,L'avancée du match de baseball a été suspendue car il s'est soudainement mis à trop pleuvoir.,중 = milieu (au milieu de) + 단 = couper. Stopper net en plein processus à cause d'une raison impérieuse.
화재,incendie (causant des dommages ou des pertes humaines),낡은 상가 건물에서 밤부터 전기 누전으로 끔찍한 화재가 발생했습니다.,Un incendie terrible a éclaté dès la nuit dans les vieux bâtiments commerciaux à cause d'un court-circuit.,화 = feu/les flammes + 재 = désastre. Le feu destructeur non volontaire très rapporté aux infos d'hiver en Corée.
-여,"environ, à peu près",어제 파티에 백 여 명의 낯선 사람들이 대거 참석했어요.,Une centaine environ de personnes inconnues ont participé en masse à la fête d'hier.,여 = surplombant/restant. Suffixe placé juste après une dizaine ou centaine signant qu'il y en a un peu plus (100 et quelques).
옥상,"toit, terrasse",비가 그치고 날씨가 좋아서 옥상에 혼자 올라가 따뜻한 커피를 마셨어요.,Comme le temps était beau après la pluie je suis monté seul sur le toit-terrasse boire un café chaud.,옥 = la maison/la résidence + 상 = sur le dessus. L'étage à l'air libre tout en haut des immeubles en Corée (toit plat souvent).
대기하다,"se tenir en attente, patienter",순서가 불릴 때까지 조용한 대기실 의자에 앉아 대기해 주십시오.,Veuillez patienter calmement en vous asseyant sur les chaises de la salle d'attente jusqu'à l'appel de votre tour.,대 = attendre son moment + 기 = espoir. Rester sans bouger à sa place dans les starting-blocks.
대피하다,"évacuer, se mettre à l'abri",화재 사이렌이 울리면 즉시 계단을 통해 밖의 안전한 곳으로 대피하세요.,Si la sirène d'incendie retentit évacuez immédiatement par les escaliers vers un endroit sûr à l'extérieur.,대 = le grand mal + 피 = fuir de toute urgence. Partir en troupeau de manière dramatique en protection de sa vie.
-이 침수되다,"être inondé, être submergé",강한 장마철 홍수로 인해 마을의 많은 낡은 집들이 침수되었습니다.,À cause des énormes inondations de la mousson d'été beaucoup de vieilles maisons ont été submergées.,침 = s'enfoncer + 수 = dans l'eau + 되다 (passif subi). Le dégât purement locatif de "l'eau qui ronge les sols".
추락하다,"s'écraser, tomber (surtout un avion)",비행 중이던 헬리콥터가 엔진 고장으로 깊은 산속으로 안타깝게 추락했습니다.,L'hélicoptère en plein vol s'est malheureusement écrasé lourdement au fond des montagnes pour cause de panne moteur.,추 = tomber lourdement + 락 = chuter sur le sol. Fin d'un élément qui planait avant de crasher (avion ou valeurs boursières/notes).
우수하다,"être excellent, être remarquable",그녀는 학교 성적이 모든 친구들 중 제일 매우 우수한 학생입니다.,Elle est une élève avec les notes scolaires les plus excellentes parmi tous les amis.,우 = qualitatif et supérieur + 수 = le meilleur. Mot d'éloge institutionnel pour une performance rare ou un design incroyable.
들이받다,"foncer dans, percuter, heurter",음주 운전 트럭 차량이 밤에 가로수를 아주 심하게 들이받았습니다.,Un pick-up conduit en état d'ivresse a très violemment heurté l'arbre de la route la nuit.,들이 (adverbe physique de frappe en pleine force) + 받다 (subir le heurt front-contre-front).
멈추다,s'arrêter (de faire quelque chose),신호등이 빨간색으로 바뀌자 빠르게 달리던 자동차가 끽 하고 멈췄습니다.,Dès que le feu est passé à son rouge la voiture qui roulait à toute allure s'est arrêtée (crissée de pneu).,Action pure corporelle et cinétique de figer ses mouvements ou pour un objet roulant de cesser sa course.
기계,machine,첨단 공장의 모든 거대한 기계가 이제는 사람 없이 자동으로 작동합니다.,Toutes les immenses machines de cette usine à la pointe fonctionnent de façon automatique sans personne maintenant.,기 = le mécanisme + 계 = le système complexe raccordé. N'importe quel objet technologique allant du rasoir à la grue de chantier.
(물에) 잠기다,"couler, être submergé",비가 갑자기 너무 많이 내려서 도로가 며칠 동안 물에 캄캄하게 잠겼어요.,Il est soudain beaucoup trop tombé de pluie et la route est malheureusement restée couverte d'eau plusieurs jours.,잠기다 veut à la base dire 'être verrouillé' mais par métaphore indique que l'on ne peut quasiment plus utiliser la route à cause de l'eau.
처리,"gestion, traitement (d'un problème ou d'une tâche)",어려운 민원 문제를 아무 부작용 없이 빠르게 처리해 주셔서 정말 감사합니다.,Merci infiniment d'avoir géré ce complexe problème de plainte citoyenne à grande vitesse sans effets de bord.,처 = organiser ce qui est là + 리 = arranger selon la logique. Le traitement logistique d'une demande pénible à écarter ou organiser.
예방,prévention (d'une maladie par exemple),겨울철 독감 감기 예방을 위해 바깥 외출 후에는 항상 비누로 손을 꼭 씻으세요.,Afin de prévenir les rhumes hivernaux veillez toujours à vous laver dûment les mains au savon en revenant du dehors.,예 = avant d'être affecté + 방 = édifier une barrière. On s'en sert beaucoup pour parler de sécurité (santé ou système).
대책,"mesure, solution à un problème",심각한 지구 온난화를 막기 위한 근본적인 대책 마련이 무척 시급합니다.,Il est cruellement urgent de se munir d'une mesure fondamentale concrète pour contrer ce grave réchauffement planétaire.,대 = faire face en frontal + 책 = émettre une stratégie complexe. Le plan B ou Z que sortent les hommes politiques en cas d'urgence.
규모,"l'échelle, la taille",이번 지진은 역사적으로도 건물이 무너질 정도로 아주 큰 규모였습니다.,Ce tremblement de terre était d'une envergure historiquement énorme au point de détruire les immeubles.,규 = mesure/règle + 모 = grandeur. Sert de qualificatif de puissance quand on parle du PIB ou d'une tragédie de taille folle.
원인,une cause,구조 경찰이 여전히 이번 건물의 정확한 화재 원인을 아직까지 심도있게 조사하고 있습니다.,La brigade de police enquête pour le moment intimement sur la cause précise et exacte du départ de feu de cet immeuble.,원 = tout d'abord/au départ + 인 = la raison mère. La stricte ligne de départ qui a mené (ou aggravé) une suite logique de l'événement malheureux.
물음에 답하다,répondre à une question,면접에서 조금 당황했지만 면접관의 어려운 물음에 차분하고 솔직하게 답했습니다.,Bien qu'intimidé à l'entretien j'ai répondu de manière candide et calme à la question compliquée du grand recruteur.,물음 (le fait verbal de questionner un savoir) + 에 (particule vers la question) + 답하다 (fournir explicitement sa réponse orale/écrite).
알맞다,"être correct, être juste",그 부드러운 단어는 이 슬픈 글의 전체적인 분위기나 문맥에 참 알맞은 표현입니다.,Ce doux mot de vocabulaire est une expression véritablement adéquate au ton général et au contexte global de tout cet écrit triste.,알 (la vérité en soi/le noyau) + 맞다 (convenir/matcher de force avec ce qu'il a devant lui). Parfait à cet instant T là précis.
곳곳,"ici et là, en divers endroits",따뜻한 봄이 되자 마을 공원 곳곳에 향기롭고 예쁜 벚꽃이 가득 피었습니다.,Dès qu'arrivait le chaud printemps les jolies fleurs de cerisiers embaumées éclosaient de toutes parts ici et par-là du parc.,곳 = l'emplacement (espace). Une redondance adverbialisée de ce qui se disperse dans tous les coins possibles et imaginables d'une scène d'action.
결항,annulation (d'un vol),짙은 안개 때문에 제주도로 가는 오후 3시 비행기가 전면 결항되었습니다.,Le vol entier prévu à partir de 15 heures à destination de l'île de Jeju a été annulé subitement à cause du brouillard de pluie impénétrable.,결 = disparaître/manquer au travail + 항 = l'avion/navire qui assure un voyage logistique. "Ce qui manque le coche du départ prévu" et affecte le touriste.
서부 지역,la région ouest,미국 서부 지역에는 자동차로 돌아볼 멋진 국립 공원이 아주 많습니다.,Il y a de fabuleux parcs nationaux à parcourir en voiture dans la région ouest des États-Unis.,서 = ouest + 부 = partie/département + 지역 = zone locale.
중부 지역,la région centrale,일기 예보를 보니 내일 중부 지역에 강한 돌풍과 많은 비가 내리겠습니다.,En regardant les prévisions météo il tombera beaucoup de pluie avec de fortes rafales demain dans la région centrale.,중 = milieu/centre + 부 = partie/département + 지역 = zone locale.
남부 지역,la région sud,프랑스 남부 지역의 해안가는 일 년 내내 날씨가 무척 눈부시게 좋습니다.,Les côtes de la région sud de la France ont un temps éblouissant de beauté tout au long de l'année.,남 = sud + 부 = partie/département + 지역 = zone locale.
(비가) 그치다,(la pluie) s'arrête,오전 내내 쏟아져 내리던 강한 비가 늦은 오후 무렵이 되자 드디어 그쳤어요.,La forte pluie qui se déversait toute la matinée s'est enfin arrêtée en fin de journée.,S'emploie pour des phénomènes d'intempéries ou des pleurs d'enfant qui finissent par tarir de cause naturelle.
승객,passager (dans un bus par exemple),항공기 비행기가 활주로를 무사히 이륙하기 전에 탑승한 모든 승객이 자리에 얌전히 앉았습니다.,Avant le décollage sûr de l'aéroport tous les passagers embarqués se sont sagement assis à leur place.,승 = monter (un véhicule) + 객 = invité. La personne qui paye son ticket et voyage sans conduire.
승용차,"voiture, berline",승용차 한 대가 좁은 주차장을 천천히 빠져나갔습니다.,Une berline est sortie lentement du parking étroit.,승 = monter + 용 = usage + 차 = voiture. Une voiture de tourisme "civile" par opposition au camion (화물차) ou au bus.
연속으로,"à la suite, en séquence",그 인기 영화는 3주 연속으로 주말 박스오피스 1위를 차지했습니다.,Ce film populaire a pris la première place du box-office du week-end 3 semaines à la suite.,연 = relier + 속 = continuer + 으로. Adverbe pour des événements positifs ou négatifs qui s'enchaînent sans pause.
음주 운전,conduite en état d'ivresse,음주 운전은 자신과 타인의 소중한 생명을 무참히 위협하는 범죄입니다.,La conduite en état d'ivresse est un crime qui menace impitoyablement sa propre et précieuse vie et celle des autres.,음 = boire + 주 = alcool/liqueur + 운전 = conduite.
추돌 사고,accident par collision arrière,비 오는 고속도로에서 5중 연쇄 추돌 사고가 심하게 났습니다.,Il y a eu un grave accident par collision arrière en 5 chaînes sur l'autoroute pluvieuse.,추돌 (emboutir par derrière frontalement) + 사고 (l'accident naturel ou humain). Un carambolage très récurrent l'hiver.
직후,immédiatement après,건물 붕괴 사고 직후 소방대원과 경찰이 급히 도착했습니다.,Immédiatement après l'accident d'effondrement du bâtiment les pompiers et la police sont arrivés en urgence.,직 = direct/droit + 후 = après en temps. Le moment tout juste situé après l'événement ou le drame ("juste après").
인명 피해,"pertes humaines, victimes",불행 중 다행히 이번 화재로 인한 인명 피해는 기적적으로 한 명도 없었습니다.,Heureusement dans ce malheur il n'y a eu miraculeusement aucune perte humaine due à cet incendie.,인 = l'homme + 명 = la vie/la personne + 피해 = dommage/la mort. Expression formelle du journalisme pour dénombrer les morts/blessés.
재산 피해,dommages matériels,거대한 여름 태풍으로 인해 마을 곳곳에 엄청난 재산 피해가 발생했습니다.,D'énormes dommages matériels se sont opérés un peu partout dans le village à cause de l'énorme typhon d'été.,재산 = propriété/bien privé + 피해 = dommage pur. L'argent les fermes ou les bâtiments détruits dans une catastrophe naturelle.
목격자,témoin oculaire,경찰은 사건 현장 주변에서 결정적인 단서를 줄 목격자를 애타게 찾고 있습니다.,La police cherche désespérément un témoin oculaire sur les lieux du drame pour donner un indice décisif.,목 = l'œil physiologique + 격 = frapper/voir avec force + 자 = personne attitrée. La personne qui a capté l'accident de ses propres yeux sur l'instant M.
연기가 나다,de la fumée se dégage,건물 옥상에서 시커먼 연기가 나고 화재 경보기가 크게 울렸어요.,De la fumée noire se dégageait du toit du bâtiment et l'alarme à incendie a sonné fort.,연기 = fumée opaque (gaz) + 나다 = sortir de nulle part / exhaler en l'air. S'applique aux incendies usines et pots d'échappement.
원인을 밝히다,déterminer la cause,조사관들과 경찰이 밤새워 화재의 정확한 원인을 밝히기 위해 엄청난 철저한 조사를 진행 중입니다.,Les inspecteurs et la police enquêtent avec une rigueur extrême toute la nuit pour déterminer la cause exacte irréfutable de l'incendie.,원인 = l'origine pure et la cause + 을 밝히다 = rendre éclatant et clair au public. Action de découvrir avec prouesse d'où tire l'origine d'un problème.
-이 쏟아지다,"se déverser, tomber en abondance",구멍 난 검은 하늘에서 굵은 장댓비가 폭포수처럼 마구 쏟아지고 있어요.,La pluie épaisse en fines lances se déverse du ciel noir troué comme une folle et brutale cascade d'eau.,S'emploie pour pleuvoir violemment des liquides de la pluie des larmes de chagrin ou même des mots (ex: 질문이 쏟아지다).
한때,à un moment donné,이 가죽 구두 모델은 한때 부유한 젊은이들 사이에서 무척 큰 인기를 끌었습니다.,Ce modèle de chaussures en cuir a attiré une fantastique et folle popularité parmi les jeunes riches à un moment donné du passé.,한 (un seul plein) + 때 (moment du temps). Fait référence à une période passée ponctuelle courte et pleine de gloire ("jadis du temps de...").
시간당,par heure,서울 중심지 쇼핑몰의 여기 지하 주차 요금은 시간당 무려 삼천 원입니다.,Ici le tarif du stationnement souterrain du centre commercial de Séoul est de la somme exorbitante de 3 000 wons par heure.,시간 = temps/la durée d'une heure + 당 = pour l'allotissement/par chaque élément.
기상청,Service météorologique national de Corée,국가 기상청에서 이른 내일 아침 전국 곳곳에 거센 눈비가 올 것이라고 긴급 예보했습니다.,Le Service météorologique national a d'urgence prévu qu'il tomberait une pluie de neige sévère plein le pays tôt demain au petit matin.,기 = énergie de l'air + 상 = phénomène physique + 청 = bureau/l'agence souveraine. Le haut parleur officiel à la TV pour la pluie !
채,mot de comptage pour les maisons,서울 중심지 북촌에는 옛스러운 아름다운 한옥 세 채가 참 아름답게 나란히 조용히 서 있습니다.,Trois magnifiques et anciennes maisons Hanok se tiennent doucement côte à côte très gracieusement dans le Bukchon au centre de Séoul.,Unité de compte native et purement coréenne destinée à décompter et recenser l'entièreté d'un bâti fermé (les maisons villas immenses bâtisses (ex: 집 한 채)).
요금이 인상되다,le prix augmente,내년 초부터 전기 및 가스와 대중교통 환승 요금이 전체적으로 크게 인상될 예정입니다.,Les tarifs de transfert des transports en commun ainsi que de gaz et électricité sont programmés à augmenter largement au total au début de l'année à venir.,요금 = tarif nominal du ticket + 인 = tirer la ficelle + 상 = vers le niveau du haut + 되다. Mouvement monétaire formel (inflation etc).
이직을 희망하다,vouloir changer d'entreprise,현대의 많은 젊은 직장인들이 더 좋은 근무 조건과 임금으로 이직을 간절히 희망합니다.,De nombreux employés de bureau jeunes de nos jours espèrent désespérément changer d'entreprise pour de meilleures conditions de travail et salaires.,이 = se délocaliser/se transférer + 직 = de job formel et métier + 희망하다 = caresser l'espoir pur.
수면,sommeil,바쁜 현대인들에게 가장 깊고 충분한 평균 수면은 피로 회복과 건강에 무척 매우 중요합니다.,Le plus profond et suffisant sommeil moyen chez la personne moderne très prise est immensément et très important pour sa santé et pallier au burn-out.,수 = plonger en dormant + 면 = joindre le regard. Terme plus officiel littéraire ou savant de médecine pour viser la grande nuit (잠 est la forme familière).
평균,moyenne (statistique),이번 어려운 중간고사 시험에서 우리 특수반의 자랑스러운 평균 점수는 훌륭하게도 85점입니다.,La glorieuse note moyenne de notre classe spéciale à cet examen dur de milieu de cycle est le score excellent de 85 points.,평 = nivelé/rendu tout plat vers un point + 균 = uniformiser les tas. Outil de mathématiques et de statistiques (pour dire mon âge physique ou de compte).
요금이 오르다,le prix monte,경제가 많이 어려워져서 최근 택시와 버스 심야 요금이 조용히 또 스멀스멀 올랐어요.,L'économie étant devenue si terrible les prix des tarifs de nuit de taxi et de bus sont repassés à remonter silencieusement à la hausse ces jours-ci.,요금 = le prix chiffré + 오르다 = monter les escaliers/grimper de plus en haut. Version très répandue à l'oral de "인상되다".
즐거움을 선물하다,"offrir de la joie, apporter du plaisir",디즈니랜드나 놀이동산은 매 주말 어린아이들에게 영원하고 큰 즐거움을 마음껏 선물하는 좋은 곳입니다.,Disneyland ou les parcs à la foire d'attraction sont un bon lieu à offrir à cœur joie un énorme et éternel plaisir aux gosses tous les week-ends endimanchés.,즐거움 (le plaisir gai qui réchauffe) + 을 (particule) + 선물하다 (l'emballer spirituellement et en faire le don pur comme un vrai et très beau paquet).
파업,grève,임금 협상이 단호히 결렬되자 핵심 지하철 노조가 바로 내일 아침 첫차부터 전면 파업에 들어갑니다.,Comme les négociations salariales ont été fermement rompues le syndicat des métros de pointe rentre complètement et immédiatement unilatéralement en grève demain matin du premier train.,파 = détruire/fendre très violemment + 업 = tout son travail. Phénomène très impressionnant et dur (la grève des pilotes des métros etc).
입사,"intégrer une entreprise, commencer à travailler",그는 명문 대학을 수석으로 무사히 졸업한 직후 한국 최고 대기업에 아주 특채로 입사했습니다.,Il a pu intégrer l'entreprise coréenne majeure par recrutement ultra spécial tout juste après avoir diplômé le sommet sans heurts en terminant majeur de promotion son prestigieux campus en or.,입 = entrer dans les murs majestueux + 사 = d'une entreprise légale. "Fêter sa prise de travail initiale en CDI ou son arrivée officielle". 
몸무게,poids (corporel),여름을 앞두고 열심히 체력 단련과 운동을 시작한 후로 무려 반년 만에 몸무게가 5킬로그램이나 훅 줄었어요.,Depuis que j'ai initié dur l'entrainement fort du corps et d'efforts juste devant le bel été j'ai allégé mon poids d'un bond d'aisément 5 kg au court passage de six mois seuls.,몸 = enveloppe corporelle de tout le squelette et chairs + 무게 = aspect grave lourd/le poids brut qui pèse. Plus mignon (체중 = terme du bulletin de clinique).
포털 사이트,"portail internet (comme Yahoo, Naver ou Daum)",복잡한 대학 숙제를 밤에 혼자 할 때 그 유명 포털 사이트 홈에서 중요한 핵심 정보를 무척이나 자주 검색합니다.,Lorsque je traîne à exécuter mes pesants devoirs nocturnes je recherche intensément la source d'infos clés et vitales sur la barre de recherche du portail en ligne renommé.,포털 = portail centralisateur (internet Portal en anglais) + 사이트 = de site (anglais Site). En Corée: Naver (le roi) et Daum (l'outsider) !
미만,"moins de, en dessous de",선혈이 튀는 지나치게 매우 잔인한 이 액션 영화는 법적으로 15세 미만 청소년이 극장에서 절대 관람할 수 불가입니다.,Ce cinéma coup de poing où jaillit la chair éclaboussée est par l'état légal strictement interdit en salle de projection au bas mineur dans l'impossibilité sous les seuils des 15 années pleines.,미 = la non atteinte vers un haut-fond + 만 = pour la limite haute et pleine exigée visée. Quantité qui ne va que vers le bas. N'inclut pas le palier exact lu.
응답자,répondant (à une enquête),이번 대규모 선거 관련 긴급 설문 조사 응답자 중 놀랍게도 70%가 기존 법안에 매우 적극적으로 열렬히 찬성했습니다.,Au milieu des répondants sondés par requête civile en lien d'urgence aux élections géantes de cette fois pas moins du taux sidérant de 70% s'est déclaré fermement en vif amour à consentir d'adhérer corps et âme aux actuelles lois antérieures citées.,응 = la forte résonance de réponse adoucie + 답 = délier et trouver bonne solution aux maux du monde complexe d'ici + 자 = à qui possède vie. L'inconnu interrogé à un micro-trottoir sur sa vision des trucs et de leurs machins.
운동량,quantité d'exercice,체력을 확실히 키우며 다가오는 노년기 건강을 위해서는 규칙적으로 하루 육체 운동량을 점차 천천히 늘려야만 필히 합니다.,Il faut impérieusement d'obligation se forcer petit à petit de manière graduelle par jour régulier à accroitre son volume d'exercice dans le but clair de soigner et sauver en amont son physique robuste afin d'aborder dignement par sa vie saine le cap du très vieillissant à venir qui approche inéluctablement sur chaque vieux os et peau affaissée bien tôt.,운동 = pour soulever lourde fonte et aérer par essoufflement les muscles sains ou transpirer + 량 = par dose pesée de tas calibrés qui forment les volumes (temps/intensité/masse soulevée de charge d'effort global pur en somme du total chiffré).
폭식,"manger en excès, faire des crises de boulimie",직장에서 너무 극심한 스트레스를 한꺼번에 크게 받으면 유독 깊은 밤에 참을 수 없는 배고픔 야식으로 엄청나게 폭식하는 고약한 뚱땡이 습관이 고질적으로 있어요.,Quand m'envahit brutalement une pression d'un stress sans pitié lors des phases de boulot de masse au point de rompre je succombe particulièrement dur lors d'obscures nuits solitaires et tristes à la pulsion infamante m'attirant à dévorer salement un tas glouton en craquant d'abus une crise sans foi ni loi du graillou hypercalorique tenace par habitude maudite de goinfre incontrôlable que j'exècre au fond mais chéris.,폭 = faire rugir une forte détonation brûlante de violence brutale débridée d'un canon et se lâcher avec force d'abuser + 식 = par la mâchoire active pour becqueter frénétiquement plein la panse la chère nutritive de la noble pitance gâchée follement pour bourrer son ventre gonflé jusqu'à vomir sur le parquet en bois de chêne du voisin excédé. 
과반수,"la majorité, plus de la moitié",긴급 임시 총회에 모여 참석한 권리 위원 사람들의 압도적 과반수가 이번 민감한 규정 개정에 즉각 무조건 동의했습니다.,La majorité plus ou moins écrasante si ce n'est dantesque et irrévocable du pool des têtes présentes d'autorité réunies dans cette assemblée extraordinaire éphémère d'urgence a plié pour se rallier d'un coup de commun accord total avec validation inconditionnelle de la motion en question en adoptant oui d'un clic au remaniement très lourd des règles tatillonnes de pure discorde sensible qui fâchait jadis l'assemblée des braves en salle grise ce mardi soir du 5.,과 = de trop plein et de franchissement lourd qui dépasse allègrement la mesure requise et imposée + 반 = ce qui fait d'abord fendre par le tout net milieu du simple centre chiffré des deux pôles de part égales et justes comme un vrai miroir mathématique limpide + 수 = de l'infinité des têtes numériques dénombrées sur les purs documents par total en valeur absolue comptabilisée de tout ce pur groupe d'individu humain là au moins +1 !).
체중 조절,contrôle du poids,건강을 위해 규칙적인 운동으로 체중 조절을 해야 합니다.,Pour la 건강 il faut faire un contrôle du poids avec de l'exercice régulier.,체중 = poids (corporel) + 조절 = réglage. S'emploie souvent au lieu d'utiliser le mot régime (다이어트).
야식,grignotage nocturne,밤 늦게 먹는 야식은 건강에 아주 좋지 않습니다.,Le grignotage mangé tard la nuit n'est vraiment pas bon pour la santé.,야 = nuit + 식 = repas. Souvent pour désigner le poulet ou les ramens commandés très tard en Corée.
(모임을) 피하다,éviter (de sortir avec des gens),요즘 돈을 절약하려고 친구들과의 모임을 피하고 있어요.,Ces derniers temps pour économiser de l'argent j'évite les rassemblements avec mes amis.,피하다 = fuir / éviter. On esquive délibérément une situation sociale ou un rassemblement gênant.
효율성,"efficacité, rendement",효율성을 높이려면 작업 시간을 잘 배분해야 합니다.,Pour augmenter l'efficacité il faut bien répartir le temps de travail.,효 = résultat + 율 = taux + 성 = nature. Le ratio de rendement entre les moyens engagés et les résultats attendus.
업무 효율성,efficacité au travail,새로운 프로그램을 도입하여 업무 효율성이 크게 향상되었습니다.,L'efficacité au travail a grandement augmenté grâce à l'introduction du nouveau programme.,업무 (le travail en entreprise) + 효율성 (le rendement pur). Expression chérie des patrons !
이른 아침,tôt le matin,이른 아침부터 산책을 하는 사람들이 많습니다.,Il y a beaucoup de gens qui se promènent dès la première heure du matin.,이른 (adjectif pour précoce / tôt) + 아침 (matin). Souligne la très grande précocité dans la journée.
국민,"peuple d'un pays, la nation",모든 국민은 법령 앞에 평등합니다.,Toute la nation est égale devant la législation.,국 = pays + 민 = population. S'utilise constamment pour désigner l'opinion publique ou l'intérêt général.
청년층,les 젊은이들 (en tant que segment de la société),최근 청년층의 취업난이 심각한 사회 문제가 되고 있습니다.,Récemment le chômage de la couche des jeunes est devenu un grave problème de société.,청년 = la jeunesse/jeune adulte + 층 = la couche/la classe (sociale). Utilisé majoritairement par les journaux ou le gouvernement.
뇌,le cerveau,지속적인 학습은 뇌 기능을 활성화시킵니다.,Un apprentissage constant active les fonctions cérébrales.,Le mot coréen courant pour désigner l'organe crânien (ou l'intellect de fond).
영양소,nutriment,비타민은 우리 몸에 꼭 필요한 영양소입니다.,Les vitamines sont des nutriments absolument nécessaires à notre corps.,영양 = nutrition + 소 = élément. Composants présents dans notre nourriture prisés des diététiciens.
공급되다,"être fourni, être approvisionné",도시에 깨끗한 물이 안정적으로 공급되고 있습니다.,L'eau propre est régulièrement approvisionnée dans la ville.,공급 = furnir une offre + 되다 (passif). Concerne très souvent des fluides denrées logistiques ou énergies.
기억력,"mémoire, 능력 (capacité à mémoriser)",나이가 들면서 점점 기억력이 떨어지는 것 같아요.,En vieillissant j'ai l'impression que ma capacité à mémoriser baisse de plus en plus.,기억 = mémoire mentale + 력 = force. Capacité intellectuelle à emmagasiner un flux d'informations et le retenir.
집중력,"concentration, 능력 (capacité à se concentrer)",시험 기간에는 커피를 마셔서 집중력을 높여요.,En période d'examens je bois du 커피 pour élever la concentration.,집중 = réunir au centre/se focaliser + 력 = force. Indispensable aux étudiants et employés distraits.
과식,"manger 너무, suralimentation",스트레스 때문에 과식을 했더니 소화가 안 되네요.,Comme j'ai trop mangé à cause du stress je n'arrive pas bien à digérer.,과 = excès + 식 = repas. L'acte ponctuel de s'être trop gavé (ne pas confondre avec 폭식 : crises de boulimie constantes).
비만,obésité,서구화된 식습관으로 인해 비만 인구가 증가하고 있습니다.,La population obèse est en train d'augmenter à cause de l'occidentalisation des coutumes alimentaires.,비 = gras/épais + 만 = plein. Terme très clinique à l'hôpital ou dans des statistiques pour l'excès de tissu adipeux.
예방하다,prévenir (une maladie par exemple),정기적인 건강 검진은 성인병을 예방하는 제일 좋은 방법입니다.,Le bilan de santé régulier est la meilleure méthode pour prévenir les maladies de l'adulte.,예 = à l'avance d'ici + 방 = faire barrière. Vise de plus en plus la médecine préventive avant le drame.
정치,politique,새로운 정치 제도가 내년에 당장 도입될 예정입니다.,Un nouveau système politique devrait être réintégré ou introduit très vite dès l'année prochaine.,정 = gouverner + 치 = arranger l'espace/le droit. Domaine où siègent des politiciens.
경제,économie,현재 세계 경제 상황이 무척 매우 불안정합니다.,Actuellement la vaste situation de l'économie mondiale est infiniment et follement instable.,경 = diriger/réguler le monde + 제 = secourir. La finance et les mouvements du marché national (주식 환율).
국제,international,우리 대학교는 여러 다른 국가들과 국제 교류를 아주 활발히 하고 있습니다.,Notre belle université procède activement et ouvertement à d'énormes échanges internationaux avec plusieurs et très différents pays tiers.,국 = nation (la corée ou pas) + 제 = s'entrecroiser. Qualifie les vols accords infos qui débordent la seule péninsule locale.
사설/칼럼,éditorial / chronique,유명 신문에 실린 날카로운 사설을 읽고 내내 공감했습니다.,J'ai tout du long de bout en bout sympathisé après la lecture de la chronique très mordante postée dans le quotidien très réputé.,사 = l'entreprise + 설 = propos (édito assumé) / 칼럼 = "column" l'article en colonne format américain d'opinions franches écrites.
혼잡하다,"être bondé, être encombré",출퇴근 시간이라서 시내 도로망이 매우 마비될 듯 혼잡합니다.,Les axes du centre étant paralysés par ces lourdes heures de trajet c'est ultra méga encombré.,혼 = pêle-mêle embrouillé + 잡 = mélangé. Idéal pour un métro grouillant un noeud d'échangeur autoroutier et les files infernales aux stations !
부상,blessure,운동선수가 경기 중 가벼운 다리 부상을 입고 잠시 쉬었습니다.,Le très pro sportif athlète a posé un peu le pied en pause souffrant d'une frêle blessure de sa jambe en milieu d'exercice.,부 = le fardeau porté + 상 = la blessure physique d'un bout. Utilisé au JT lors des brèves.
사망,"décès, mort",안타깝게도 교통사고로 한 명이 그 자리에서 사망했습니다.,C'est affligeant à relater mais lors de l'accrochage fatal l'un des concernés en est décédé à mort pure direct sur-le-champ des lieux maudits visés.,사 = mourir vif et sec net + 망 = perdre vie et chuter. Vocabulaire funeste officiel à l'écran de télévision chiffrée après effondrements meurtriers.
숨지다,mourir,병원으로 급히 옮겨졌으나 끝내 병원에서 숨을 거두고 숨졌습니다.,Il a très en hâte été rapatrié plein cœur vers la structure médicale mais a cessé de vivre pour trépasser là-bas le souffle coupé définitivement en finalité de soin grave.,숨 = le vif souffle du corps natif de tout être + 지다 = couler dans la nuit ou chuter (soleil fleur faner). Fin de vie au ton respectueux sur le mot neutre mourir (죽다).
졸음 운전,conduite en somnolant,장거리 운전 시 가장 위험한 심각한 원인은 졸음 운전입니다.,Pour les longues courses roulantes le principal des périls ultimes très mortels est purement la redoutable conduite en somnolant.,졸음 = avoir l'envie naturelle et forte de se cogner la tête pour somnoler + 운전 = piloter un engin lourd. Endormissement au volant.
전기 누전,court-circuit,어젯밤 낡은 건물 화재의 제1 원인은 전기 누전으로 밝혀졌습니다.,Il a été officiellement communiqué que la stricte cause primordiale des flammes qui ont brûlé hier l'immeuble d'âge était un court-circuit.,전기 = fée électricité + 누 = fuir + 전 = électricité. Souci majeur des câbles effilochés dans les bidonvilles en cas de mousson (incendies violents mortels pour locataires).
주방 기구,appareil électroménager de cuisine,이사 기념으로 예쁘고 최신식 주방 기구를 전면 새로 구입했어요.,Pour fêter le récent super emménagement on s'est offerts d'avance une ligne rutilante flambant neuve d'appareil ménager de cuisine dernier cri.,주방 = lieu de préparation du manger + 기구 = matériel de construction physique pro. Désigne du batteur mixeur à frigo high-tech.
불꽃,étincelle,용접 작업을 할 때 엄청난 섬광에 튀는 불꽃을 조심해야 합니다.,Lors du travail industriel de pure soudure sur poutre métalloïde tu dois prendre hyper garde à l'étincelle qui vole avec grand flash pimpant.,불 = le feu ardent + 꽃 = jeune et belle fleur délicate (particule incandescente de feu naissant volant au vent). Aussi pour feu d'artifice !
몇몇,"quelques, un ou 두",몇몇 직원들은 늦은 야근 명령에 강하게 반대하며 뛰쳐나갔습니다.,Quelques fiers salariés insoumis s'arrachèrent très fâchés à grand cri et virent s'opposer fermement à de sourdes injonctions de nocturnes suppléments labellisés pro.,몇 = combien indéterminé répété. Qualifie la toute petite frange chiffrée et minoritaire du spectre entier total non d'accord !
항의하다,"protester, se plaindre",시민들이 무리한 요금 대거 인상 법률에 거세게 무조건 항의했습니다.,La tranche de citoyens très en rogne eut de ce fait rudement protesté unanime fermement face aux brutales et vastes inflations légiférées sur l'argent chiffré des grilles chèrement réclamées du public.,항 = le mur et l'opposition franche face à + 의 = l'intention de s'exprimer (souvent par cortèges à Séoul syndiqués) en face à face !
요구하다,"demander, exiger",소비자 단체는 기업에 피해 보상을 강력히 요구했습니다.,Le groupe de consommateurs a exigé de l'entreprise une compensation pour les dommages de façon ferme.,요 = demander/nécessiter + 구 = rechercher. Demande forte qui appelle formellement une exigence claire.
쓰러지다,"tomber, s'effondrer",그는 너무 피곤해서 침대에 쓰러져 잠들었습니다.,Il était si fatigué qu'il s'est effondré sur le lit et s'est endormi.,S'emploie pour parler de l'évanouissement ou quand une personne voire un arbre ou pylône tombe brutalement ("se renverser verticalement").
밀리다,être poussé par,뒤에서 사람들한테 밀리는 바람에 바닥에 앞으로 넘어졌어요.,À cause de la poussée par l'arrière des gens je suis tombé en avant sur le sol.,Verbe 밀다 (pousser) à la forme passive 밀리다. Ne pas confondre avec son sens abstrait de "accumuler des retards" (ex: 숙제가 밀리다).
부상자,personne blessée,사고 현장에서 부상자를 제일 먼저 병원으로 안전하게 옮겼습니다.,Sur les lieux de l'accident on a d'abord transporté les personnes blessées à l'hôpital en toute sécurité.,부 = porter son fardeau/subir + 상 = la blessure + 자 = personne attitrée. S'emploie face à 화재 (incendie) ou 사고 (accident) au pluriel.
거꾸로,"à l'envers, en sens inverse",아침에 티셔츠를 거꾸로 입어서 상표가 바깥에 완전히 보여요.,Parce que tu as mis ton T-shirt à l'envers ce matin on voit l'étiquette complètement à l'extérieur.,Adverbe. L'inversion totale de sens. Entrer dans le sens inverse d'un couloir mettre un vêtement du dos à la face s'écrit 거꾸로.
(지하철) 측,la direction (du métro/du parti adverse),오늘 지하철 측에서는 운행 지연에 대해 공식적으로 승객에게 사과했습니다.,La direction du métro s'est excusée de façon officielle auprès des passagers concernant le retard d'exploitation.,측 = le côté/la partie prenante. C'est l'équivalent de "côté entreprise/institution" qui porte une voix quasi civile lors de litiges ou médias (측).
정상적으로 작동하다,fonctionner normalement,수리를 일찍 마치고 스마트폰이 다시 멀쩡하게 정상적으로 작동하기 시작했어요.,Après avoir terminé la réparation en avance le smartphone s'est mis à fonctionner normalement comme si de rien n'était.,정상적 (normal et sainement) + 작동하다 (se déclencher à bien et animer le mécanisme complet et l'ouvrage).
복권,loterie,새해 첫날 운세를 보며 재미로 복권을 한 장 동네에서 샀어요.,Le premier jour de la nouvelle année regardant mon horoscope j'ai acheté pour m'amuser un ticket de loterie dans le quartier.,복 = la pure et noble chance + 권 = ticket ou liasse papier. C'est le ticket papier du loto.
-에 당첨되다,être sélectionné au hasard pour gagner (à la loterie par ex.),그는 행운의 1등 복권에 당첨되어 일확천금의 큰돈을 순식간에 벌었습니다.,Il a touché à la loterie de chance en première place et s'est fait une grande masse d'argent comme un jackpot fulgurant en un instant éclair.,당 = frôler par bonne fortune sur un bon coup dur + 첨 = pioché. S'associe d'or clair toujours de pair avec les lots et tirages.
-을 역전시키다,renverser (un jeu par exemple),열심히 뛰던 후반전에서 시원하게 마지막 결승 골을 넣어 경기를 완벽히 역전시켰습니다.,A la dure et vivace deuxième mi-temps on a proprement et en plénitude renversé le grand match épique plantant un super et libératoire beau but de dernière fin d'issue !,역 = contrecarrer en sens adverse un cours pris + 전 = retourner subitement + 시키다 = faire faire (voix d'action).
대박,jackpot,그가 운좋게 투자한 동네 카페가 입소문이 크게 나서 완전 연일 대박이 크게 났어요.,Le café de coin où il avait fort placé par aubaine ses sous vit par bouche-à-oreille un buzz absolu valant un vrai et absolu gros énorme et pur jackpot réjouissant jour pour jour sans fin.,대 = de grande forme totale très grosse (grand roi du coup majestueux) + 박 = grosse citrouille-courge d'autrefois contée qui s'ouvre de magie pleine et déversant fortune insolente (Légende de Heungbu).
고액,grosse somme d'argent,부모님이 제 고액의 비싼 유학 학비를 힘겹게 내주셔서 눈물이 날 만큼 정말 감사합니다.,Je remercie vivement les deux larmes pleines sur mon visage touché mes grands et aimants parents de verser vaillamment au compte mon coûteux exil étranger via ces grosses et élevées énormes montées à millions sur notes en chèques d'un gros bloc massif au vol !,고 = au sommet du pic perché pour dire que la pente monte + 액 = du pécule chiffré par total cumul de pièces entières empilée sans fondement (uniquement la somme bêtement numéraire en soi de base sans un gros sens autre vu pur).
당첨금,"gain de loterie, argent du prix",그는 인생역전의 로토 수십억 당첨금 전액을 아무 남김없이 어려운 자선 단체에 즉시 흔쾌히 기부했습니다.,Il a fait vœu radieux d'offrir sur-le-champ à des gens de besoin sans réserve toute l'armoire colossale et de son magot venu en miracle des cieux du gain par lot en fortune aveugle tirée ce soir en gros bonheur très béni et ravi le bon grand de cœur pur par belle conscience sociale ! ,당첨 = l'action folle inouïe que les astres chiffrés tombent et sourient (tirage et sort chanceux) + 금 = pour la notion noble qu'est ici représentée l'enveloppe dorée financière de banque chiffrée numéraire monnayable à donf.
파산하다,"faire faillite, devenir insolvable",사업 실패 후 무일푼이 된 그는 빚더미에 쓰러져 결국 완전히 개인 신용 파산했습니다.,À bout et sans un franc après la noyade fatale du gouffre béant de ses très pauvres vilaines et funestes vilaines débauches d'entreprise finies aux abysses un triste jour a déclaré faillite sans gloire sur sa fiche des emprunteurs ruinés au bord.,파 = briser du verre en débris sur cent bouts sur le sable + 산 = détruisant de malemort ruineuse sans autre issue son pur patrimoine et actif (la fameuse et crève cœur 'Banqueroute' absolue mortelle sans appel pur sans blâme).
흥청망청 쓰다,"dépenser sans compter, claquer de l'argent",갑자기 로토 당첨되어 주머니에 막대한 큰돈이 있다고 절대 교만하게 매일 흥청망청 쓰면 완전히 쫄딱 망합니다.,C'est pas pour motif de t'être adonné d'un pactole par bonheur au gros gain tombant hier que l'on doit te plaindre l'idée ignare de venir vider son coffre tous jours gaiement sans compter à tout faire ruisseler vain sans frein la richesse car si t'agis tout ça paf t'auras tout foutu en perdition ruiné sans nom sans os au bout de fin !,흥청망청 (adverbe figurant joyeusement plein de vanité oisive fastueuse d'un prince aveugle un feu flamboyant des fêtes dépensières sans mesure où claque le liard en plein bar) + 쓰다 (verbe de griller utiliser utiliser pur dilapider).
이혼하다,divorcer,안타깝게 성격 차이로 매일 슬프게 눈물로 싸우던 이 오랜 부부는 상처 끝에 결국 원만하게 이혼했습니다.,L'historique et doux couple très triste luttant des larmes pleines continuellement les durs lendemains pour juste un très mauvais clash moral psychique a finalisé son pacte civil et de romance par la triste route de l'amicale rupture sans retour divorcée !,이 = se retirer formel pour de bon le regard ailleurs que vers soi pour l'éternel + 혼 = détissant du pacte de ce précieux de fait noble qu'est le divin pacte marial (se divorcer par documents civils mutuels formels d'une commune attache de bague). 
알코올 중독자,alcoolique,그는 잦은 야근과 퇴근 후 스트레스로 매일같이 밤늦게 술자리 모임으로 심각한 알코올 중독자가 되었습니다.,Il est descendu bien bas aux abîmes et est malade tristement d'un syndrome d'alcoolique notoire au nom affligeant après ces récurrents coups à cuite liés aux longs stress et la dure masse sans grâce en soirée folle jusqu'en fin de bout là à trinquer le gosier le long des dures aubes pour compenser !,알코올 = pur alcool neutre d'éthanol à fort taux emprunt chassé de chez son anglais alcool de la mort (Alcohol en natif de souche anglo) + 중독 = dépendance vicieuse ou mal toxicologique au mental et corps (se dire très intoxiqué fou dingue d'un vice mortifère plein) + 자 = le gars humain charnel triste ou qui porte sur deux pattes le fardeau malade du mal. 
정상적이다,être normal,아무리 계단에서 심하게 구르고 다쳤어도 병원 전문의 엑스레이 검사 결과 뼈 사진은 아주 안심될 만큼 다행히 완전히 정상적입니다.,On s'est vraiment fait pas mal au pif roulé salement plein vol dans ces escaliers mais tu sauras qu'avec la pure grâce d'une divine chance un gros soulagement tombe les résultats de plaques claires lues sous lumière au rayon pro révèlent d'une vérité nette que ton corps vif reste miraculeusement et grandement sain et bien normal !,정상 = le sain niveau d'humeur claire ou les normes physiologiques ou le pic top niveau + 적 = du trait distinct (qui est conforme très à ce que tous humains doivent détenir par base en règle).
자선 단체,association caritative,착한 우리 기업 회사는 조용히 연말 매년 가난한 불우이웃 돕기 이름의 자선 단체에 큰 회사 수익의 아주 착한 커다란 일부를 훌륭히 지원합니다.,Notre douce pme secrète offre la masse de nos belles factures par un fin geste des gros pourcentages forts sans vantardises une belle part géniale avec humilité très très pleine et belle d'amour franc vers les locaux et bons gars sous-représentés œuvrant des pures assos locales qui sauvent l'indigent par actes caritatifs vers fins de clôtures chaque longue année dure pure !,자 = miséricorde bonté d'humble esprit + 선 = don purement gentil beau moral. (Carity NGO).
기부하다,faire un don,얼굴조차 떳떳하게 무명인 이름 없는 가난한 천사가 또 한 고아원에 올해 연말 백만 원의 모은 큰돈을 아주 따뜻하게 몰래 기부했어요.,Cet être génial dont ne devine par quel nom on a qu'un titre d'ange très démuni a su de plus très radieux offrir anonyme d'une enveloppe blindée d'un vif pactole sec chaud par le tas discret posé de façon noble en pur et simple grand et tendre don pécuniaire à des jeunes orphelins doux cet ultime froid gros bout et fin de cycle d'hiver fin de mois net !,기 = un versement pour offrir vers des fers loin + 부 = offrir d'un bon coeur solidaire bien. (Donner un rein son sang ou une bourse pleine de monnaie caritative).
가깝게 지내다,"être proche de, être en bons termes",저와 대학교 때부터 아주 친숙하고 매우 가깝게 지내는 저의 믿음직스런 소꿉친구 한 명이 드디어 행복하게 이번 눈 내리는 달에 멋지게 결혼합니다.,Un grand copain fabuleux fiable génial copinant les rangs intimes très proche et chaud du cœur d'avec qui dès la folle lune du pur fac m'en lia fort des beaux très vieux serments épris ce gars se lance vaillamment de pure romance en noces d'amour grand lors d'ici une petite chute et tombée au présent hivernal blanc beau !,가깝다 = se tenir affectif fort serré de lien intime plein vers lui son voisin cœur d'amis proche pur. Liens mutuels fusionnels et chaleureux (ami).
멀어지다,"s'éloigner, se distancer",각자의 꿈을 위해 서로 비행기를 타고 지구처럼 너무나 물리적으로 가혹해져 먼 이역만리 나라에 쓸쓸히 오래 멀리 홀로 살다 보니 시간의 장벽 앞에 참으로 매정하게도 자연스레 아주 조금씩 슬프게 서로가 잊혀 멀어지게 되었어요.,Pour songe divers chacun on monta plein de vol triste par les durs avions d'air très distant par une vie cruelle séparée vécue esseulé tant longues les années pesantes qui filent du vent rude loin vers d'absurdes patries rudes où la fine et mince muraille lente la distance et par suite a fait qu'on se vit à se laisser avec peine bien froidement de manière insensible aux larmes vaines étioler doucement d'une page triste mutuelle et de vue d'esprit pur se rompre dans ce triste monde infini mort froid !,Très mélodramatique pour dire d'un amour très vieux qui ne va pas s'allumer plus qu'il le vit d'antan et darde au pur mur glacial (s'éloigne d'affect comme du pas) !
성실하다,"être travailleur, être diligent (et honnête)",아르바이트 온 그 어리바리 친구는 처음엔 느렸지만 비가 오나 눈이 오나 매일 늦지 않고 일각도 단 한 번의 결근 지각없이 매일 새벽 이른 아침 출근 카드를 찍으며 우직하고 무척이나 훌륭히 성실하게 웃으며 공부하며 알바 구슬땀을 흘립니다.,L'habile apprenti garçon jeune aux balbutiements timides arrivé a fait fi des ciels et trombes et vient poindre pointilleux à bosser fort diligent du dur matin très tôt à taffer sans repos avec grâce loyauté d'acte pur à suer riant avec brio jamais en défaut ni sans coupure de manque une belle perle fort appliquée de l'univers labeur des dur bosseurs d'heures du grand métier bien rond d'ici et d'amour plein noble.,성 = frotter clair le vrai visage et poli du plein devoir loyal honnête pour soi net qui regarde franc pur face au monde + 실 = faire et accomplir le fruit net des tâches données dans la bonne foi franche inattaquable ! (Modèle du dur bosseur).
로토,loto (jeu de hasard),저는 아주 가끔 단조롭고 지루한 세상 일주일 동안 기분 좋게 로토 번호를 고르며 무작위 한 장을 집어 사서는 달콤한 낡은 서랍에 몰래 품고 숨겨 간직해요.,Je m'arme d'humeur folâtre au creux monotone morne vif gris semaine des tristes gens une simple piochant belle feuille grisée piochant ma pure boule joyeuse en chiffres du beau gros loto plein et viens m'en celer gai rêve couvant du fin tas caché tiroir au pur tiroir mon pur grigri doré magique en ce beau secret de rêve doré vif ! "LOTO" des anglos-saxons copié ! Pareil que 복권.
골고루,"uniformément, également",엄마가 우리 형제 모두 키가 튼실하게 쑥쑥 위로 잘 무럭무럭 잘 자라렴 잔소리하시며 맛있는 당근 브로콜리를 편식 말고 모든 야채를 단연코 남김없이 매일 밥 한 그릇 속 골고루 전부 죄다 모두 몸 구석구석 건강 세포가 돌게 잘 꼭꼭 삼켜서 팍팍 안 남기고 고루 먹어야 건강해집니다.,La mère douce crie et somme ses minots que nous point grandirons tous un os beau vif fier grand sans faille au-delà du pur ciel qu'en mangeant avec vaillance nos purs brocolis choyés pur carotte à pur bec féroce à tous de fine parts net et fort équitable de par ci par là très éparpillée menu uniformément dans plein de bidous affamés sains bien calés nets !,골 = l'aspect profond creusé et partout et en tout bien + 고루 (du coréen 고르다) choisir pour que le tout revête la pleine totalité (sans que un coin ou angle ne soit ommis le reste pourvu etc). "Manger équilibré de tout !".
골고루 나눠 주다,distribuer équitablement (pour chacun sa part),회사 부장님이 올해 대박 친 한 턱 연말 상여금 특별 보너스를 나이나 직급 차별 없이 모든 일한 각 소속된 팀원들에게 공정하고 아주 평등하고 차분하게 골고루 기분 좋게 똑같이 배분하여 아주 환하게 활짝 웃으며 모두 건네며 잘 달콤하게 나누어 주었습니다.,Le grand très chef pro chef du très bureau lourd bureau est passé à distribuer pur large et du fin trait en égal l'écrin doré de notre doux don spécial cadeau des gras records fins ce gros décembre tombant par belles factures de ses rousses étrennes uniformément en toute gentillesse sur même sol sur une belle justesse pleine l'action de part pour nous l'équipe éblouie joyeusement en mains de parts toutes bonnes à tous ravis du même tas fier pris à même tous du vif bloc donné sans faire lèse part !",나누다 (agir d'un couteau fin la tranche des justes parts claires aux mains sœurs et amies chères toutes pleines et de claires sommes équitables sans biais partiel de chantage aucun !) + 주다 = pour faire offrande bien sincère polie.
일확천금,"s'enrichir rapidement, 꿈꾸는 fortune d'un coup",성실하게 엉덩이를 붙이고 땀 흘려 열심히 굳게 정직한 직장에서 일해서 티끌 모아 소중히 돈을 안전하게 차분히 통장에 조금씩 모으지 않고 세상 무섭게 요행만 바라는 투기나 허황된 나쁜 불법 도박에 깊이 미쳐버려 매일 인생 한 방 터뜨리는 매번 일확천금만 맹목적으로 눈이 멀어 노리면 언젠가 어느 날 반드시 하늘에서 노하여 불행히 모두 패가망신해서 가족도 돈도 완전 다 잃고 무너져 빈털터리로 비참하게 완전히 쫄딱 망할 날이 반드시 와서야 뼈저리게 후회합니다.,Il vaut d'abord peiner fort assis ses lourds reins droit suant en vif honnête travail et s'amasser son bout de noble blé de rien du tout petit à plein dans la douceur des banques par ses actes nets régulier que d'en baver ruinant sa boussole à se darder de vice et d'ombres troubles avides sans fin ni remords aveuglé du doux et pernicieux rêve doré facile funeste par pure chance miracle l'incroyable fortune d'un coup pur vite pour au final finir fou puni fort brisé par dieu détruit famille à plat le tout broyé ruiné vil et vide sous l'amer ciel gris de triste chagrin perdu mortifère qui s'achèvera bien nul de pauvres larmes noires et nues !,일 = agir d'un plein trait direct fulgurant la main preneuse sans un doute sec + 확 = attraper voler ce qui fut d'ailleurs (gros gain du hasard gros de chance sans nul frein sur lui lourdement) s'utiliser pour ne rêver de rien d'autres (trichant des paris ou jeux fols) + 천금 = "Mille deniers d'or massifs lourds tombés sans effort pour les sots qui croient le diable plein d'honneur aveugles chouettes lolo gagas" d'un coup du sort lourd d'une balle !).
최소,"au moins, un minimum de",집에서 손님들을 대접할 때 이 향기롭고 멋진 프랑스 정통 수프 요리를 아주 맛깔나게 식당처럼 완벽하게 멋지게 펄펄 끓여 예쁜 그릇에 담아 차리려면 깨끗한 맛있는 암반수 물이나 아주 신선한 흰 우유가 요리 재료로 못해도 최소 어림잡아 넉넉히 2리터는 필수로 가득 있어야 깊은 맛의 육수 국물이 우러나 깊이가 살아 풍족하고 필요해요.,Dans ce grand repas du fait chez soi d'invités d'honneur pour très superbement bien clore d'un bon digne plat de ce bon ragout français savamment et très royal du bouillon fondant le bol magnifique d'eau plein ce jus très net j'avise de prescrire d'utiliser au bas du minimum la juste quote requise et de base simple en plein des deux amples litres entiers forts requis absolu bien rempli de crème ou jus noble plein afin qu'un fond fort de plein bouillon se tire magique et du pur sublime très copieux fort pris qui claque bien fort sa joie vive noble d'ardeur l'âme du bec du fier buveur clair cru roi choyé en joie sur son fauteuil cru pur de très très pleine et saine satiété ! (lol),최 = l'ultime bout pur clair le summum haut gradé ou bas plafond vers la limite extrême de sa catégorie chiffrée vue pure limite l'ultime mur sans passe net la frontière + 소 = minuscule frêle très petit micro base bout rien miette ou nul vide ras bord sec la plus fin partie modique simple ! Le plancher pur seuil zéro plan ou limite nette avant que nul plan ou truc ne naisse face au plafond géant (최대/Maximal/Extrême pure pointe du très suprême haut de mat énorme net) ! Minimum.
조언을 구하다,"demander conseil, 의견 등 (consulter)",어렵게 명문 대학 졸업 후 앞으로의 험난할 인생 진로 방향과 눈앞의 너무 긴긴 청년 취업 문제에 대한 심각하게 깊은 큰 고민에 대해 이 분야 최고의 오랜 연륜의 경험 많은 전문 베테랑 상담 선생님께 개인적으로 차분히 먼저 다가가 정중하게 속마음을 전부 다 고백하며 어떻게 하면 제가 더 훌륭하게 나아갈지 조언을 아주 겸손한 자세로 직접 진지하게 머리 숙여 간곡히 구했습니다.,D'une peine très ardue ayant enfin mis cap du beau diplôme vers le fin grand flou cruel des jours au loin qui me regardait mon spectre de jeune pro cherchant asile de job ce fut de moi-même un gros élan posé plein que je vins très doucement le pur coeur très gros sollicitant la main noble experte humble grand du sage lourd conseiller plein d'ans de grand recul la fine verbe claire de lui demander très grandement le savant bon mot plein de l'édifice par ma triste et vive déroute intime choyée du vrai recueil très bien franc quête d'art vif afin de clairvoyance et pur réveil net ! Conseil choyé. Prendre ce que ce gourou pro de ce métier vieux lui dirait sur le nez (조=aider + 언(conseil vif pro éclairé vrai) / 구하다 = chercher et récolter en face ce gain clair des mains nettes).
,,,,
8과,,,,
아리랑,Arirang (chanson traditionnelle coréenne),아리랑은 옛날부터 한국을 대표하는 소중하고 아름다운 민요입니다.,Arirang est la merveilleuse chanson traditionnelle qui porte fièrement la voix de la Corée depuis les temps anciens.,Titre de la chanson ancestrale qui rythme les chagrins ou les grands sentiments nationaux locaux au tambour long et triste.
잔잔하다,"être calme, être paisible",오늘 조용한 밤바다는 파도 없이 아주 맑고 고요하게 잔잔합니다.,La mer de cette nuit calme est très joliment apaisée et si tranquille sans vague lourde ce soir.,On l'utilise pour la pure douceur de l'onde de l'eau ou la brise d'une douce humeur pacifique sans gros bruits violents.
흥겹다,"être joyeux, être enjoué",시골 마을 잔치에서는 언제나 흥겨운 사물놀이 음악 연주가 절로 나옵니다.,Au cœur de notre fête foraine de la commune sort toujours d'office joyeusement la musique traditionnelle follement très enjouée !,흥 = la pure exaltation dansante et joyeuse + 겹다 = un gros débordement massif par surplus (la fête d'ivresse qui tape du tambour fou et rit).
웅장하다,"être magnifique, être grandiose",저기 멀리 산 위 우뚝 선 거대한 옛 성곽은 보기만 해도 무척이나 웅장합니다.,Ce très gigantesque et fabuleux vieux château massif campé aux hautes collines au loin se révèle très grandiose et splendide au regard.,웅 = roc puissant très viril roi force des durs cieux + 장 = très gros et grand (très utilisé d'apparat au palais massif en pierres royales !).
멜로디,mélodie,이 최신 노래의 감미롭고 부드러운 멜로디는 사람의 깊은 마음을 편안하게 푹 울려 줍니다.,La bonne mélodie tendre et douce de cette dernière chanson soulage de plein repos très rond et adoucit intimement l'âme des gens touchés au cœur.,Emprunt total au natif anglais Melody (la douce consonnance musicale d'une simple chanson instrumentale).
전해 내려오다,"se transmettre oralement, se léguer (depuis longtemps)",할머니 입에서부터 그 무서운 신화 이야기들이 그저 묵묵히 입에서 입으로 오래전부터 무사히 전해 내려옵니다.,De grand-mères et mères il s'est tu et vu purement passé oral au long couloir très séculaire la rude histoire d'horreurs mythiques transmise intacte de bouche à oreille.,전해 = pour dire être transmis d'information vitale + 내려오다 = descendre de haut la pente du temps chronologique net (passer d'âge grand au jeune d'en bas sans rien des mots écrits).
민요,chanson folklorique,제주도 지방 특유의 바다 냄새나는 무명 전통 해녀 민요를 꼭 한번 라이브로 들어보고 싶습니다.,Je croise très vivement aux vœux d'entendre en beau direct vif son vrai bout d'airs traditionnels uniques au vieux parfum endémique des dures plongeuses de l'île de Jeju.,민 = pour le grand humble peuple ou paysan gentilhomme + 요 = le bel hymne ou chant clair net pur de pure voix et bouche des âges vieux.
험하다,"être rude, être difficile",거칠게 비가 온 직후 좁은 산길이 너무나 유독 가파르고 매우 심하게 정말 미끄럽고 아주 험해서 다치기 쉬워요.,À peine foudroyée d'une bruine ce sentier escarpé de montagne est un vicieux raidillon rocailleux traître et boueux et glissant de rudesse féroce par ici.,Idéal d'usage brut envers une géographie cruelle d'éboulis la nature folle sauvage un climat dur (le mot pour dire qu'un environnement t'est hostile physiquement).
농사를 짓다,"cultiver, faire de l'agriculture",저의 우리 늙은 할아버지는 조용한 시골에서 여전히 평생 배추 밭 농사를 짓고 사십니다.,Notre bon vieux grand-père coule une existence humble en douce campagne muette au dur et pur labeur paysan de belle culture d'agriculture de ses champs de choux chéris.,농사 = affaire noble et pur travail agreste agricole à la sueur belle charnelle + 농사(를) 짓다 (verbe) = faire grandir par sa main experte le légume nourricier du champ à récolter.
가난하다,"être pauvre, être dans le besoin",그 엄청나게 유명한 화가는 젊은 시절에는 밥조차 못 살 만큼 정말 너무 불우하게 비참하고 가난했습니다.,Le géant cador de peinture à ses jeunes francs débuts vivait dans le manque misérant lourdement très dècheux et pauvre tel qu'il ne pouvait même pas acheter un repas de bol à dîner.,Le terme propre officiel qui dit d'être miséreux désargenté dénué sans fortune dans son coffre plein ! (Conduit à un sentiment de pitié).
쌀,riz (non cuit),한국인의 푸짐한 옛날 밥상에서 희고 맑은 고슬고슬한 아주 맛있는 쌀은 절대 정말 빠질 수 없는 귀한 메인 주인공입니다.,Sur ce copieux buffet traditionnel de coréen ce tendre blanc grain onctueux cuit bon de bon cru et vrai beau riz cru est la denrée précieuse star dont aucun repas ne souffre d'exemption !,Natif terme qui réfère pur et fort au grain brut avant la cuisson tel qu'en sac de paille (avant qu'il ne s'éclose en offrande cuite blanche nommée pure 밥 !).
어업,industrie de la pêche,우리 바닷마을은 주로 전적으로 아주 크게 어업에 묵묵히 삶과 밥상을 크게 기대어 살고 존재합니다.,Notre marine et bleue bourgade portuaire ne se fie sans faillir majoritairement sur sa fière noble filière de bateaux halieutiques ou d'industrie de pêche pour ses beaux jours au quotidien d'assiette.,어 = de pure relation avec le poisson clair bleu d'eau et de nage de mer + 업 = travail industriel de l'argent et pain brut.
여유롭다,"avoir du 품/돈 en abondance, être à l'aise",은퇴 후에는 아주 넓고 평화로운 전원주택에서 참 유유자적하게 참으로 여유롭게 살고 싶습니다.,Après retraitement je la vois pleine belle l'existence dans une noble grande maison de campagne très pacifique et d'un espace large fort d'argent oisivement sans hâte et pécuniairement en aisance.,여유 = pure d'une rallonge financière ou espace mental large de détente du plein de luxe + 롭다 = adjectif (riche de cool relax et très large au cœur temporel comme matérialiste).
발달하다,se 발달 (se 개발하다, développer),현대 우주 과학의 뛰어난 무서운 기술이 매일 눈부시게 거듭 발달하면서 우리 인간들의 평범한 삶이 폭발적으로 아주 많이 변했어요.,La folle science de l'espace se développant technologiquement d'une façon frappante à un rythme inouï au jour le jour cela a su changer notre monde banal de sa très lourde racine.,발 = faire germer s'élancer de croissance vers son aboutissement supérieur + 달 = l'atteinte vraie et réussite pure en palier chiffré.
템포가 빠르다,le tempo est rapide,요즘 최고로 잘 나가는 핫한 아이돌의 댄스 곡은 워낙 가사 템포가 빠르다 보니 다 같이 신나요.,L'actuel son hyper dansant de l'idole à succès du moment donne très gaiment plein de joie à tous tellement en fait le tempo global du rythme en parole chante des battements rapides sans halte.,템포 = dérivé strict pure de la racine anglo/latine 'Tempo' musicale + 빠르다 = qui fonce vite (vitesse de sprint ou tempo éclair pressé).
비교하다,comparer,결정에 앞서 반드시 스마트폰 가격과 이 필수 시스템 성능을 꼼꼼하게 아주 잘 철저히 무조건 두 개 비교해야만 후회가 무조건 없습니다.,Très en vue du clic d'achat tu as devoir absolu et essentiel d'absolument comparer un à un le prix face à son système d'opération entre les deux produits frontalement sinon gros regrets amers face au mur lourd !,비 = de croiser les mesures et jauger de face au comparatif de même gabarit miroir + 교 = croiser et entrelacer farouchement à vif (A-B Test de produit en magasin d'expert).
(단풍) 시기,période (quand les feuilles changent en automne),10월 말부터 설악산은 일 년 중 가장 붉고 너무 아름다운 단풍 절정 피크 시기가 아주 멋지게 그림처럼 시작됩니다.,Dès pure fin d'octobre s'entame brillamment à Seorak le pic doré de la rouge gorge période exquise de cette année de changement d'arbre feuillu coloré de sa grande lisière fabuleuse comme tel un vif beau tableau.,시기 = temps et phase d'époque très courte datée sur calendrier du jour (ex: 단풍 (feuilles d'érable rousses des montagnes fraîches) + 시기 (saison ou pic de dates phares)).
지형,terrain,한국은 안타깝게도 땅의 무려 70%가 커다란 산악 험한 큰 바위 지형이라 아주 복잡하고 힘들게 농사 짓기 무척 매우 극심하게 어렵습니다.,La triste nature de géographie dure locale donne au pays pas loin de son lourd 70 de sols en reliefs escarpés rocheux ardus terribles qui pour ce fait de terrain plombe grandement crânement d'une vraie plaie son dur exploit agricole de sa plaine simple.,지 = du bas de terre et saine boue terreuse fine + 형 = la physionomie topologique dure à la botte nature des montagnes (mont d'à pic clair relief et son pur vallon doux).
수명,"durée de vie (d'un organisme), durée de service",이 우수한 질의 배터리는 가격이 제법 꽤 비싼 만큼 사용 전체 수명이 유독 아주 특히 매우 상당히 깁니다.,Vu la chère raideur de l'achat cette fière très costaude et saine batterie à excellence prouvée possède pour son attribut qualitatif une pérennité d'ans lourds d'une durée de vie utile et longue sans usure vaine !,수 = vie organique et durée de pile de souffle fin + 명 = pur destin de vie et d'arrêt de son sort. S'applique autant à l'homme (백세 수명 : espérance vie à cent ans) qu'à l'iPhone.
막차,dernier métro (avant la fermeture du réseau),밤늦게 술자리가 아쉽게 미련으로 길어 이어져서 황급히 역 플랫폼으로 열심히 뛰었지만 아주 아깝게 결국 최종 막차를 통째로 날리고 놓쳤습니다.,C'est sur ces lourds verres au pub que par très vive inertie bête égarant mon temps sans prix je fus sprint vers ma quai chérie qui purement disparut m'esquivant vil d'un clac clos à porte close de métro dernier maudit filant et mort au vide cruel.,막 = l'ultime et rideau fatidique (fermeture) très fin de compte final clos aux verrous noirs de barrière simple + 차 = le wagon roulant de la voiture de fer/route (Dernier bus / Dernier train).
인구,population,현재 거대한 메가 서울 중심 천만 전체 인구가 조금씩 서서히 매우 느리게 늙어 줄어드는 거대 사회적인 심각한 부양 문제가 있습니다.,Cet actuel problème socialement affreux pour le macro Séoul qui de sa crête à plein dix gros millions pour l'indice très net de population citadine d'habitants fond et se ronge à décroître très finement à blanc sur vieux cadavres et jeunes sans dards natifs purs !,인 = de l'homme / être humain qui pense et marche sans fin + 구 = la bouche du consommateur pur brut compté vivant respirant. Décompte d'êtres par région (Index Démographie).
모범 택시,taxi de luxe (plus cher qu'un taxi ordinaire),짐이 너무 많거나 회사 특별한 V.I.P 분을 친절히 편안히 모실 때는 무조건 고급 매우 비싼 검은색 모범 택시를 주로 애용하여 이용하는 편입니다.,Plein de monceaux de valises ou par la pure obligeance très noble lors escorte douce du gros noble V.V.I.P c'est ma force coutume absolue de n'user et requérir pur royal du seul grand roi des luxueux taxis noirs et rois berlines au modèle pur noble et très lisse pur très couteux de rue chic d'or plein.,모범 = très modèle figure de luxe pro clair irréprochable et grand pro chic à suivre pur de l'image polie noble du droit vrai + 택시 = bagnole Taxi (les fameuses berlines très brillantes noires au toit d'agent).
속도,vitesse,비 오는 고속도로에서는 법으로 지정 어미 규정된 최고 제한 안전 기본 속도를 절대 무조건 무리 없이 잘 조심히 반드시 지켜야만 합니다.,C'est pour la route humide de la rapide piste de course lourde une exigence vitale nette à pur législateur cruellement fort exigée par prudence à te voir garder à frein docile une saine allure par stricte vitesse d'aiguille chiffrée max par jauge sans dépassement sauvage.,속 = très vite flash fulgurant sans accroc rapide comme la lance et du grand vol rapide en éclair + 도 = la mesure ou l'angle mathématique posant son degré pur par jauge d'instrument (km/h) !
평균 기온,température moyenne,올여름 극심한 더위는 작년 예년에 훨씬 크게 비해 전국적인 월별 종합 평균 기온이 유난히 아주 제일 무척 체감상 높습니다.,L'été actuel fait sa pleine chaleur de four mortel face au frêle d'an passé et donne par la globale et froide valeur en indice lissé du mois total à grande température moyenne au thermomètre un cruel affreux bien fou très monstrueux choc thermique lourd de chaud absolu ! (Très cru).,평균 = valeur au milieu de stat de juste point total lissé crû clair + 기 = le lourd doux de l'air vif de pression locale en air atmosphère et cru + 온 = la braise du feu degré d'air clair (Température chiffrée C). 
태블릿 PC,tablette numérique,최근 어깨가 아픈 무거운 낡은 구형 노트북 컴퓨터 대신 아주 가볍게 카페에서 예쁜 최신형 태블릿 PC로 모든 팀 과제를 뚝딱 잘 금방 전부 처리합니다.,C'est plutôt par reniement aux chocs très massifs à mon épaule lourde au triste pesant ordinateur chiffré gris lourd qu'à la très chouette placette au pub j'agis de vif et léger pur iPad de ma nouvelle et toute douce tablette numérique pure clouant chaque mission très fort vite ! (Vrai ouf de bras vif pur).,태블릿 = le nom d'emprunt volé à la Tablet anglaise + PC = l'ordinateur de maison perso ("Personal computer") qu'ils écrivent encore même pour l'iPad pro. (Tout de dalle roi écran au doigt chiffré).
문서 작성,traitement de texte,비서 일은 매일 복잡하고 극도로 지루한 고된 사무실 회사 서류 전반적인 모든 깔끔한 흔한 기본 문서 작성이 주된 중요한 일입니다.,Le cœur du boulot cruel secrétariat ronge la vie au pesant dur cru ennui terne cloué de pur et grand tapage fin formel et d'écriture propre aux lourd de dur de dur pur et vrai fin traitement de texte sec de vieux cahiers ou dossier classe complet de pages pour word pur au lourd PC blanc gris mat de l'horreur des jours entiers francs pleins.,문서 = l'administratif légal pur classeur formel clair d'une archive dactylographiée à lire par œil pur d'agent + 작성 = la création actée par son bras sur outil de lettres (Taper au word/Pondre une page ! L'action pur !).
퀴즈를 풀다,"résoudre un quiz, jouer aux devinettes",수업 시간에 선생님이 갑작스레 낸 다소 재미있는 짧은 문답형 짧은 퀴즈를 반 아이들 모두가 신나게 하하 빨리 다 같이 풀면서 크게 아주 즐거웠어요.,Pendant ce doux et grand cours la prof a posé la sainte et gaie belle colle et devinette d'énigme subite courte drôle crue que de chœur le groupe fier riant gai pur et prompt s'est pris roi du défi fou de vaincre tous chœur lié franc clair heureux à joyeusement plein de grand fun pur chaud ouf les rires fiers se résoudre ce doux chouette quiz au mur d'amis pur clair d'or!,퀴즈 = le vol pur angliche du Quiz. (Colle fun) + 풀다 = d'en dénouer le nœud vil vicieux qui enferme solution pure pleine dure close à clouer fin (Le fil du gros tricot des maux ou jeu qu'on résolut vrai vainqueur total pro clair fin clair fin fou clair !).
스티커,autocollant,새로 예쁘게 산 가죽 가방에 아주 귀엽게 반짝이는 예쁜 화려한 작은 예쁜 별 모양 스티커를 잔뜩 여러 개 마듬마듬 예쁘게 붙였어요.,J'ai gaiement crâné plein au collement et collage d'un bloc faste d'iridescents luisants et petits jolis rois vrais d'or purs minces décors fin autocollants choyés ronds sur le tendre et fin tout très beau cuir roi roi blanc neuf chic mon doux sac mignon du temps de d'hui plein chic clairs joyaux fous de papiers collants ronds étoiles net clair top choyé pur.,스티커 = Stickers of USA ! (Les anglais ont donné ce mot). (C'est pur et franc l'élément roi de mode coréen pur au papeterie d'angle pur mimi fin cru ! Autocollants plats plastifiées mimi vrais).
추가 정보,information 추가적 supplémentaire,비싼 이 멋진 제품 기술에 깊이 얽힌 조금 더 깊고 넓은 아주 자세한 상세 모델의 추가 정보는 뒤쪽 공식 회사 제품 설명 인터넷 홈페이지를 참고하세요.,Pour une vue un horizon accru précis roi très pointu de sa noble doc au net choyée et très fine en claire information ajoutée supplémentaire de sa liste il sied de pur s'enquérir ou mater franche la pure belle page reine web d'accès vrai site net officiel au verso gros clair pro pur fin très grand bonus au pur cru fin clair beau de sa très folle noble fiche vue d'expert pro net clair bonus roi !,추 = superlatif d'ajout pure couche claire lourde en plus + 가 = très vrai d'addition chiffrée de supplément pure + 정보 = intelligence data ou renseignements qualitatif qualifié pro pur franc de dossier (les extras purs nets bonus clairs en pur pdf roi au dactylo fin !).
명절,grande fête (en Corée : 추석 et 설날),설날과 추석은 매년 한국의 대표적인 가장 중요한 두 큰 전통 명절입니다.,Seollal et Chuseok sont chaque année les deux grandes fêtes traditionnelles représentatives et les plus importantes de la Corée.,명 = le nom réputé d'honneur + 절 = l'articulation de la date du calendrier. (Jours fériés très familiaux).
추수감사절,Chuseok (fête de remerciement),이번 가을 추수감사절에는 멀리서 바쁜 가족들이 모두 조용히 모였어요.,Lors de la fête des remerciements de la récolte cet automne toute la famille occupée s'est réunie de loin.,추수 (la récolte) + 감사 (la gratitude) + 절 (la grande fête). L'Action de grâce/Thanksgiving américain s'appelle aussi ainsi au JT.
(한국) 최대,"le plus grand, le plus important",이 전통 시장은 매우 엄청난 크기를 자랑하는 한국 최대의 수산 물고기 시장입니다.,Ce marché traditionnel est le plus colossal et grand marché aux poissons d'une taille fière de Corée !,최 = le summum le plus pur et haut + 대 = grand/immense très lourd (Le gabarit maximal !).
음력,calendrier lunaire,할머니의 올해 연세 생신은 여전히 양력이 아닌 예전처럼 그대로 음력으로 잘 쇱니다.,L'anniversaire de ma grand-mère cette année se fête à nouveau non pas en solaire mais en lunaire comme d'habitude.,음 = le yin obscur lunaire (la lune) + 력 = calendrier/date au temps mesuré (Très utilisé par les grands-parents).
양력,calendrier solaire,한국에서는 매년 달력의 양력 1월 1일에 새해의 첫 신정을 아주 기쁘게 함께 기념해요.,En Corée on fête joyeusement tous ensemble le nouvel an au 1er janvier du calendrier solaire de chaque année.,양 = du yang clair rayonnant (le soleil fort) + 력 = le calendrier (Le calendrier de base de ton smartphone).
조상,ancêtre,한국인들은 명절 아침 눈을 뜨면 날마다 언제나 먼저 조상에게 조용히 차례를 지냅니다.,Les coréens célèbrent avec constance le rite silencieux d'hommage envers les ancêtres tous les matins des jours de fêtes.,조 = le patriarche aïeul vrai de chair + 상 = l'arbre ou généalogie supérieure dans le temps (Tes aïeux disparus lointains).
(마음을) 담다,mettre son cœur dans (quelque chose),어머니는 항상 제 학교 점심 도시락에 아주 맛있는 예쁜 음식과 깊은 따뜻한 정성 가득한 온 마음을 담아 주셨어요.,Ma douce mère m'a toujours préparé empli et chargé ses repas boîtes du midi en y glissant une exquise nourriture et de la chaleur de cœur infini.,담다 = emplir à bord (mettre une chose matérielle ou spirituelle dans un récipient). 
풍습,"coutume, tradition",설날 세해 아침 일찍 예쁜 고운 한복 새 옷을 멋지게 차려입고 어른께 세배하는 큰 전통은 아주 매우 오래된 옛 풍습입니다.,La digne et fière pratique ancienne de revêtir le bel hanbok d'habits neufs au matin du nouvel an et faire la révérence aux aînés est une très vieille coutume.,풍 = du vent des ères lointaines + 습 = la répétition d'apprentissage des aînés (Les belles moeurs choyées et coutumes du passé lointain).
-이 매진되다,être épuisé (billets de cinéma/축제),명절 휴가의 시작 단축되기 훨씬 전부터 인기 엄청나게 아주 많은 고향행의 기차표는 싹 순식간에 완전히 동나며 벌써 다 매진되었습니다.,Les prisés billets de train vers le retour du village bien avant l'entame des congés de fête se sont tous arrachés et ont déjà tous été en rupture frénétique instantanée.,매 = vendre un bout de papier + 진 = tout vidé/anéanti à l'épuisement. 'Sold Out'.
강강술래,danse de groupe traditionnelle coréenne,보름달이 하늘 절정에 환하게 뜨는 큰 명절 늦은 달밤에 동네 주민 여자들이 손을 잡고 다 같이 둥글게 원형의 동그랗게 밤마당에 모여 강강술래를 신나게 아주 마구 춥니다.,En nuit de belle fête à la joyeuse lune ronde les femmes du village se tiennent les mains en cercle la nuit pour s'adonner en chœur fort et rigoler à l'exaltante danse.,Mot coréen pur très iconique propre au folklore d'agriculture en ritournelle (Danse traditionnelle rurale nocturne des femmes la main dans la main sous la lune).
씨름,lutte traditionnelle coréenne,힘센 좋은 체격 아주 큰 두 젊은 청년이 멋지게 땀 흘리며 백사장에서 모래판 마을 최고 장사 타이틀 우승 자리를 놓고 씨름을 하면서 아주 힘겨운 결승 구슬땀을 비 오듯 많이 흘립니다.,Les très robustes jeunes au magnifique tronc de muscles font pleuvoir perler leur belle sueur en luttant grandement sur le sable vif en duel pour détrôner vers l'ultime titre le plus grand champion du fin bourg .,C'est la lutte en chair pure (Sumo sans coups mais à empoignades au slip ou ceinture). 
예전에 비해서,comparé au passé,이 예쁜 낡은 주택의 카페 거리가 나 어릴 적 옛날에 놀던 오래된 예전에 비해서 아주 너무 낯설고 화려하고 세련되게 요즘들어 참 많이 엄청나게 변했어요.,Cette avenue mignonne de cafés d'une belle bâtisse s'est de beaucoup bien très modernisée d'une superbe mue à l'élégance étrangère méconnaissable et flamboyante en comparaison du très feu l'ancien jadis de mon âge et jour où en gamin j'y déambulais naguère avant d'ici ! ,예전 (du bon vieux temps lointain d'avant) + (에) 비해서 (en comparaison et ratio). 
소원을 빌다,faire un vœu,두 손을 싹싹 모아 깊게 밤 깊은 보름달을 조용히 눈감고 우러러보면서 올해 우리 예쁜 가족 모두가 아무 병 없이 아프지 않고 아주 항상 건강하기를 밤새워 가장 마음 깊이 간절히 굳게 소원을 가슴으로 깊게 빌었어요.,Devant cette très pleine lune priée et louée de regards respectifs clos au crépuscule des temps de noir clame de j'ai fait intensément à longues jointes de miennes mains un lourd tendre et saint choyé fier vœu pour clamer aux miens doux sains un franc et fort bel hiver sans mal tout bien l'année .,소원 = le très ardent désir d'âme et son souhait clair ou rêve (n'est pas du vent = 바람) + 빌다 (supplier avec pure ferveur / demander grâce et le chérir vrai).
추수를 마치다,terminer la récolte,시골의 부지런한 가을의 농부들은 긴 매서운 찬바람 겨울이 곧 여기 마을로 오르기 직전 아주 평소보다 일찍이 훨씬 부지런히 서둘러 모두 알차게 곡식 늦은 막바지 가을 추수 작업을 안전히 무사하게 다 완전히 마칩니다.,Avant francs murs du vent vil froid d'hiver rude imminent nos fiers garants campagnards empressèrent hardis par force d'une vaillance saine leurs rudes labours pressant avant gel le terme sans faute aucun pour boucler clore d'or au plein tas lourd au froid champ en clôturant sain vif grand les vives dorées moissons récoltes ultimes !,추수 (pur récolte cru d'automne) + 마치다 (tout en venir à boucle close terminée avec grande majesté pour en fermer ou fermer d'un trait pur au clair temps le doux bout grand vif plein et net).
신,dieu,매우 아주 아주 먼 고대 이집트 옛 그리스 멋진 최고 신화 내용에는 약한 우리 인간과 모습이나 너무 조금 참으로 신기하게 비슷한 상당히 많은 신비로운 최고 신이 아주 많게 셀 수 없이 나타나고 나옵니다.,La reine merveille antiquité aux doux et mythes de l'or vieil recèle un florilège colossal ou une nuée pure magique fascinante pleine de ces puissants fiers rois d'êtres dieux à visages bêtement ou miraculeusement assez très troublant et proche du pauvre pur homme faible roi d'ici qui lui foisonne par vaine centaine clair sans clerc pur franc net !!,Nom souverain de divinité ! De Dieu(x)/Deities du panthéon (Les très pures divinités invisibles et très magiques polythéistes !). 
감사를 드리다,exprimer sa gratitude,제 즐거운 파티 축하 결혼식에 피곤한 무거운 멀고 먼 길 무척이나 소중한 귀한 금 같은 시간 내서 멀리서 찾아 기꺼이 와주신 모든 아주 소중한 손님들 하객분들께 정말로 너무나도 한없이 깊은 벅찬 진심 어린 감사 인사를 수백 번 깊게 허리 숙여 고개 숙여 드립니다.,Afin de rendre au paroxysme infini de nos larmes la vraie pure dette mon élan de grandement vous incliner très purs profonds grands et beaux mercis se plongeant par courbette mille fois sincère et très infinie pleine en respect absolu au temps pesant chèrement donné d'or royal et lourd trajet par mes chics convives honorant rois la clarté pure de pur de cet amical saint amour plein vif noces et mien lourd jour roi tendre doux fêté joyeusement ensemble ici présent ! ! !,감사 = le sublime doux terme d'honneur pur net et poli gracieux pour du "Merci" / 드리다 = accorder et tendre de voix un tel très honorifique don (Soutenue vers professeur aînés purs clercs et gens mariés officiels rois / Forme passive respect de 주다).
기념하다,"commémorer, célébrer",올해 우리 IT 아주 훌륭한 게임 회사 창립 첫 탄생 10주년을 정말 어느 때보다 매우 화려하고 무척 너무도 귀하게 엄청난 자본금으로 다스리고 다 같이 더욱더 빛나게 길이 기념하기 위해 엄청 큰 성대한 넓은 홀에서 대규모 축제 파티 행사를 합니다.,Dans la volonté éclatante rayonnante en ce grand soir lourd par des flots colossaux du clair roi argent on tient roi lourd une galla mémorable festive inouïe de noble roi choyée pure au centre lourd immense vif dansé dans la visée fière pour encenser aux pures mures glorifiant célébrer le cap glorieux dix très dignes francs et choyés purs ans nobles très francs crus rois de mon doux fond doux du pôle très roi cru d'ici jeu d'IT d'or !",기 = se mémoriser retenir de cerveau dans l'histoire des écrits la chose + 념 = du penser au son souvenir respectueux tendre ! S'utilise pour de vrais et gros commémoratifs d'honneur nobles rois.
칠면조,dinde,추운 연말 미국의 식사에서는 아주 커다란 멋지고 붉은 대형 추수감사절의 화려한 매우 큰 저녁 파티 식탁에 다수 인원의 온 가족 전체 친척들이 한꺼번에 즐겁게 옹기종기 식탁에 전부 모여앉아 따뜻하게 잘 구운 크러스트가 맛있고 기름진 큰 칠면조를 무척 신나고 아주 맛있게 골고루 나눠 입가에 미소로 먹습니다.,Dans la digne de USA tradition chaleureuse des mois froids par tables entassées bondées des frôles convives c'est très goulûment bien ravis en larges ronds assis gais sourires aux beaux plats choyés de Thanksgiving de l'Action Grâce pure et d'or tendre très grasse de l'agneau que de belle et croustillante géante et dodue dinde rotie de four les gars becquettent roi crus de purs rois souriants clairs forts sans arrêt nets goulûment doux au régal franc !,칠 = le chiffre 7 + 면 = le faciès au teint de la tête + 조 = l'oiseau pure ! Le "7 traits" volatile. L'oiseau de l'Action Grâce amérique.
호박 파이,tarte à la citrouille,가을 찬바람 불고 무척 추운 비가 오는 깊은 어느 늦은 가을이 완전하게 되면 너무 달콤한 디저트로 아주 따뜻한 계피 향기가 솔솔 은은하게 나는 맛있는 고소하고 뜨거운 갈색 호박 파이를 조용히 부엌의 낡고 작은 우리 둥근 집에 오븐에 직접 아주 바삭하게 수제로 먹기를 정말 무척 진심 참 엄청나게 열렬히 좋아해요.,Dès plein et frais la pointe et grand frais lourd fort fin triste triste d'au net franc clair et froid pleur d'un doux automne mon roi de caprice et chic passion cru folie par tendre réconfort de palais crâne le vif dessert à fond doux l'authentique l'hyper odorante tendre tiède l'or très roux exulte la tarte à base du tendre potiron au cannelle cru très purement croquée sortie vif croustillante de roi four choyé pur la douce tendre douce très bonne petite main de très franc dodo cuisine !,호박 = noble de grande plante légume citrouille ou très beau potiron d'Asie ! + 파이 = le "Pie" très fin croustillant occidental la tarte crue.
모래,sable,동해 바다에서 어제 오후 내내 아이들이 아주 작고 무척이나 귀엽게 해수욕장 모래에서 즐겁고 아주 신나게 손과 손을 합치며 예쁜 무척 단단한 이쁜 두꺼비 둥글고 튼튼한 큰 모래성을 까르르르 신나게 정성을 다해 짓고 하루 종일 놉니다.,Durant une digne après midi plage du doux plein Orient les mignons rois du monde doux marmots ont la folle d'heure s'adonnant complices rigolos en s'amusant à pur cœur et sable doux du bord crépitant la pure reine et fière château fin roc vif franc mâtin choyé très beau très mignon par beau grain cru très tendre clair roi mâtin tout jour par joyau des jeux pures !,D'un très franc crépitant natif la plage vive de sable roc fin granuleux très clair mer pur blond fin ! (Le sable natif clair du bac à jeu).
진흙,boue,갑자기 어제부터 너무 며칠 동안 심하게 강한 비가 걷잡을 수 없이 계속 연속 거세게 아주 많이 쏟아진 뒤 온 동네 바닥은 젖고 온통 거리에 말캉한 찐득거리는 갈색 진흙이 아주 곳곳에 나쁜 악취로 잔뜩 깊게 군데군데 뭉쳐 너무 많이 엄청 남아 새하얀 제 새 신발이 신자마자 금방 엄청 너무 지저분하고 무척 어둡게 몹시 많이 구제불능으로 멍청하게 금방 다 완전히 몹시 아주 더러워졌어요.,Dût on ne dire le vilain lourd trombe et l'eau très crue du fier ciel plein déversement hier depuis s'épuise s'en fendre la molle brune pisseuse boue cradingue puante gadouille infecte très lourdingue lourd fond qui par mares très tordues traîtres tacha sans recul ni respect au pur crade et très roi sale pur au bout clair vif franc à peine neuf choyé chaussé ma jolie paire roi basket crue pour pur bête vol sale boueux laid pur tout crade pour bête folle pure au dur clair ! ,진 = visqueuse très épaisse crade colle lourd / 흙 = de la fange / terre nature. La belle Boue de porc (Gadoue grasse !).
해마다,"chaque année, annuellement",항상 꾸준히 해마다 늘 변함없이 맑고 아주 시원하며 몹시도 깨끗한 물결이 흐르는 먼 강원도 깊숙한 그 옛날 푸른 깊은 골짜기 옛 계곡을 아주 멀리 차를 오래 타고 등산하며 조용히 가족과 찾아 아름답게 아주 평화롭게 긴 여름 긴 매미 소리를 들으며 휴가를 아무 생각 없이 푹 보내요.,Mon cap pélérin pur d'habitude douce d'esprit de retraite reste toujours la même vierge noble route pure croisières auto qui d'un noble clair et frais d'or par toute noble claire année renouant clair franc de famille pure au mont caché profond cru lointain s'y glisse l'eau très vierges torrents bleus rieurs Kangwon pur beau franc pur de fée m'accueille pur oisif noble saint franc roi à pur bel doux et vrai joli cru vif congé noble à vide la tête farniente doux des chauds pleins cigales durs jours francs clairs ! ,해 = L'an solaire doux du cycle + 마다 = "Pour la faction de" / La particule exprimant le "Tout les..." ou "Chaque...". (Pareil que 매년).
체험을 하다,faire une 체험 (lors d'un festival),어여쁜 한옥 전통 문화 마을에서 곱디고운 한국 예쁜 옛 옷인 새 한복을 내가 정말 직접 얼굴에 화장하며 아주 매우 참 다소곳이 예쁘게 곱게 몸소 전부 입어 보는 특별히 참 살아있는 잊을 수 없이 재미있는 전통 멋진 아름다운 귀한 생생한 너무 소중한 귀한 역사적인 추억 체험을 이번 휴가로 무척 아주 엄청나게 평생 너무나도 매우 황홀하고 너무 기쁘게 해맑게 소원대로 했습니다.,La franche expédition d'éden à la retraite m'offrit pur fol essai roi d'atelier loisir choyé très test crût à fêter clair testant d'humeur en direct vif crut l'habit fin l'impeccable joli hanbok ancien royal roi des beaux jours drapés mien face de vif fard posé mon vrai franc grand test d'XP choyé du pur jeu cru lourd d'art de reine mien chéri mien cru d'histoire à vie du pur vacance de bonheur vif plein sourire béat accompli roi vif pur !",체험 = L'X-P anglo ou l'apprentissage concret matériel au cœur clair d'une chose physique pur d'activité + 하디 (verbe Action) Faire une animation jeu en vrai roi réel atelier franc.
체험장,zone d'activités,조용한 아름다운 여름철 시골 농촌 전통 축제 행사장 아주 엄청난 깊은 내부 정성스런 큰 중심에 아이들과 수많은 방문객 가족을 전부 다 불러 모아 환하게 웃으며 다 같이 엄청난 큰 치즈 조각을 직접 만지고 치대는 만들기 넓고 재미난 신기한 구경거리 엄청나게 마구 바쁜 넓적한 활기찬 체험장이 크게 따로 마련되어 사람들에게 최고의 엄청난 폭발적인 인기를 끌어 자리가 없습니다.,Le franc rassemblement plein gai du campagnard gentil bourg en festival fier a su paré et très roi garni d'ample clos franc géant pur centre la masse famille gosses réunis de fou rire franc choyée invitant crâneurs rois au massif lourd fromage doux d'usine vif manuellement touché malaxé l'engouement du clair atelier d'activité pur très choyé cratère grand actif pur de joyeuse féroce ruche bondée pleine et reine saturée franche ! ,체험 = pur xp de test franc atelier clair jeu + 장 = place royale de domaine en parc clair terrain à jeu enclot.
-이 마련되어 있다,"être mis en place, être 준비 (prêt)",조용한 시험장의 시원하고 깔끔히 정돈된 낡고 좋은 모든 수많은 빈칸 각자의 자기 책상 자리에는 고생하시는 땀 흘리는 참석 학생 참가자들을 위해 미리 시원하고 깨끗한 투명한 얼음 물과 초콜릿 같은 부드러운 달콤한 참 맛있는 작은 아주 소중한 특별한 휴식 간식이 자리에 아주 소중하게 모두 아주 정성껏 충분히 전부 다 깔끔하게 너무나도 예의 바르게 잘 일찍이 마련되어 환하게 있습니다.,Chaque digne et choyé blanc pur de siège noble propre test fin roi logé bureau clair doux porte précoce de pur don soigneux d'or clair chasses la soif douces froids jus glacés fins d'eaux et friand chocs mignons pour ces gars chers braves testés sue au beau dur du jour qui attend fier de pure attention tendre en délicate offre prête garnie crue très digne en prévoyance et plein très poli d'accueil vif chaud prêt franc préparé digne pur à bloc prêt ! ,마련 = d'avoir préparé pur à bord prêt et du clair fini complet (comme de préparer la layette au futur nez de l'enfant qui ne vit point encor pur) + 되어 있다 (passif poli roi de pro = Prêt !).
미끄럼틀,toboggan (sur une aire de jeux),햇살 뜨거운 눈부신 주말 한 달여 만에 동네 유치원 옆 골목 아이들이 아주 신나고 참 매일 즐겁게 노는 오래된 낡은 모래판 고운 놀이터에서 무척이도 즐겁고 아주 매우 신나게 차례로 참 예쁘게 웃으며 위에서 아래 철제 둥근 새 미끄럼틀을 옷이 다 타지도 않게 쑥쑥 아주 빠르게 마구 안전하게 마구마구 타고 귀엽게 신나게 놉니다.,L'heure très reine chaude aux fins liserés mignons rieurs des frêles purs enfants doux amis fous voisins clairs mignons jouissant à parcs usés sable fin clair très francs vifs du pur chouette rigoloton et du vieux toboggan gai qui en fer s'use à cul clair glisse gai aux tours sages fiers choyés glissades vives de descente franches pures claires vites francs clairs clairs aux durs cris fous rois joyeux de jeux gais d'ici rieurs fous très drôles purs crâneurs ronds lisses rient ! ,미끄럼 = La glissade folle pure douce qui par non gras frottement s'esquive de soi + 틀 = le beau lourd bois bâti de jeu fier royal du support cadre et outil d'ossature pure charpente d'outil lisse doux franc clair !  
-에 몸을 던지다,"se jeter 몸 sur, plonger dans",비가 그치고 무척 날이 개어 너무나도 눈이 시리게 예쁜 아주 뜨거운 무서운 여름 눈부신 따돌리는 한낱 햇살 아래 아주 찬 물결 맑은 차갑고도 푸르른 시원한 아주 많이 맑은 바다에 푸르게 깊은 내 남은 엄청 더위에 너무 지쳐 쓰러질 듯 예쁘고 가벼운 그저 하나의 멋진 온 내 뜨거운 젖은 생생한 내 몸을 전부 남김없이 다 풍덩 무척 시원히 그냥 아주 푹 다 전부 확 소리 내며 던졌습니다.,Devant la clarté pure et follement très vive ouf de l'incroyable cagnard mordant de chaud étouffant à féroce et lourd d'or au beau cru été le fin corps digne chaud moite d'azur s'est d'abord flanquant jeter fier moi le corps crâne choyé lourd dans sainte mer bleue très clerc fraîche très raide limpide choyée d'or de bond tout par le franc tout du flanc lourd du saut bond plein clair roi de plouf grand cru très bleu froid gai noble et vif !,몸 (Le charnel mien ou le sien squelette fin peau) + 을 (particule) + 던지다 = ruer jeter pur de bras lancer franc ! "S'y jeter de tout son âme dedans" (Aussi utiliser métaphoriquement pour Lancer avec fougue et risque vif franc chouette sa pure existence et temps dans ses chères douces pro études nobles !).
어느새,"avant qu'on s'en rende compte, 곧 (bientôt)",아침 일찍 눈을 떴을 때는 엄청 폭설로 함박눈이 사방 길에 가득 잔뜩 다 와서 얼어서 무척 추웠는데 그렇게 눈도 참 치우다 보니 시간은 아주 유수처럼 흘러 도둑처럼 어느새 하늘은 눈부시고 다시 조용히 참말 소리도 전혀 없이 갑자기 언제 그랬냐는 듯 어느새 몹시 평화롭고 따스한 엄청나게 눈부신 참 맑은 그저 환한 새 화사한 낮의 맑고 푸른 공기 좋은 너무나 따뜻한 맑고 깊은 가을 같은 나른한 오후가 다 아주 멍하니 무사히 전부 참 평범하게 아주 조용하고 무사히 잘 평화롭게 되었습니다.,Le froid vif cru à gelées neiges au drap vif vil de dures glaces froids vifs de l'aube d'autrefois ce très pur et lent temps courant très clair invisible vole sans on de voir l'œil vif pur la mue de magie folle ouf de surprise pure éclore d'inouï le très franc ciel tiède doux azur clair de fée très doué beau franc midi vif noble fier cru grand serein et mou calme posé si prestement très par l'oiseau très lourd magique de douceurs du pur sans qu'on on compte très franc le pur temps lourd mort du très beau ! "Ah Déjà ?" / "Déjà Ouf Fini Fin",어느 = A quel part / Dans qu'elle vague part fin + 새 (la tendre fente minime de rien du 사이 le creux) = Pur par magie secrètes des heures douces filantes s'est muet volatilisé et d'un clin vif déjà l'instant c'est le futur !).
스트레스가 싹 날아가다,le stress s'envole (litt. « 싹 s'envole »),직장에서 퇴근 후 밤늦게 홀로 매운 불 닭발과 참 아주 시원하고 뜨거운 맛있는 바삭한 큰 맥주 한잔과 더불어 바삭바삭한 너무나 뜨겁고 맛있는 아주 고소한 프라이드 순살 치킨 하나를 정말 깊고 배부르게 먹으며 창밖으로 어둡게 조용한 깊은 밤 파도가 치는 아름답고 어두운 야간 바다를 창으로 통해 멀리 보니 정말 그동안 머리를 강하게 눌러 아팠던 너무 많이 아픈 그동안 내내 크게 꾹꾹 참으며 억지로 밀린 상사나 회사의 억압된 우울한 온갖 그간의 무서운 많은 모든 스트레스가 전부 그 어느 것도 없이 아주 단숨에 확 그 흔적조차 하나 전혀 남김 없이 내 마음 깊은 마음 구석 아주 통째로 내 머리끝 내 영혼에서 바다 멀리 전부 아주 다 말끔히 내 온 마음속에 시원하게 깃털처럼 가볍게 그냥 싹 다 허무하게 날아갔다고 깊게 기쁘게 느낍니다.,Juste de par ma pure tendre nuit d'or roi franc grignote en fée de bouffe pure l'or de poulet piment cru au clair malt de verre froid blond et noble de chou face du bel dards sombres nuit vifs grands bleus clairs chics frêles flots à vue roi que par magie saine de ce ventre heureux doux balaya franc l'ire aigri fou triste très lourd d'angoisse en bossé lissé pur de tracas chagrins sombres noirs d'or cruel effacé du coup sec clair sillage franc chouette clair pur lourd vide franc de mien esprit tout net au vol éphémère vide des poids vils tristes tous éradiqués "Psiooufff" mien pur clair tête leste ! Disparu clair. ,스트레스가 = ce dur mal franc des chefs anglos le "Stress!" + 싹 = le fin bruit clair franc qui balaye vide coupe et ôte le cheveu sale l'eau ou la trace sombre du vide choyé + 날아가다 = L'envol de l'avion en papier pur libre échappé oiseau l'air (Libéré au ciel).
동시에,"en même temps, 동시에 (simultanément)",백 미터 육상 달리기 선수권 올림픽 단거리 결승 무대 경기에서 엄청난 긴장의 심장이 두근대는 대결 스타트 출발 전 그 위대한 세계적인 유명 흑인 두 최고 대표 멋진 선수가 너무도 치열하게 딱 스타트 예선 초반 흙바닥의 좁고 무거운 두 발 올린 출발선에서 귀가 아플 듯 심판의 큰 빵 하는 총성 호루라기 출발 큰 소리 하나에 아주 치열하게 맞춰 조금도 티 나거나 단 한치도 전혀 안다르게 조금의 그 누가 빠를 수도 없이 진짜 정확히 너무 똑같이 눈 깜짝할 아주 똑같이 쌍둥이처럼 정말 하나도 아주 다른 바 없이 같은 동일 너무도 똑같이 완전히 동시에 두 발 구르며 확 몸을 밀며 힘차게 뛰었습니다.,Sur fiers plots très tendus secs de 100 nobles durs roi de sprint franc pur olympique vrai dur duel roi pur or du pur stress grand fin mes beaux rois pro doux et lourds gros chers athlètes francs d'ors purs tendus au son dur de clou très pur sec strident ouf du pan sec clair de gâchette rois très fins forts s'arrachèrent crâneurs des clairs talons synchros sans faute nulle ou tare ou vol très francs durs sans triche pure du point de lourd de saut pur cru et franc des forts plots nets jumeaux purs parfaits même clair de top ! Même l'image très synchro !,동 = de pur miroir franc et la même symétrie pareille identique pure du clair même vif reflet franc net égal d'un d'autre frère pur égal jumeau roi uni net + 시 = du temps d'horloge pure date crue cliquetis fin clair lourd d'heure et part noble choyée ! (+에).
불꽃놀이,feux d'artifice,다사다난하고 너무나 무척 슬프고 힘들었던 길었던 고된 옛 한 해가 무사히 다 가고 조용하고 훈훈하게 한 가족과 새로운 희망의 다가오는 새해의 긴 큰 열 번의 너무도 떨리는 새로운 첫 다가스런 큰 카운트다운을 따뜻하고 즐겁게 벅차게 무사히 전부 다 조용히 마치고 나자마자 다 같이 환호하며 아주 예견된 깊고 어두운 하늘 저편에 길고 조용한 어느 까만 한 깊은 겨울밤 적막하고 그 쓸쓸하고 커다랗게 어둠만 깊게 깔려 아주 깜깜한 그 깊고 침울한 어둠 속에 화약이 정말 크게 터지며 하늘 높이 이 세상 그 무엇보다 무척이나 오색 빛의 무척 화려하고 엄청 정말 밝은 반짝이는 너무 예쁘고 아름답고 아주 무척이나 다 환하게 감동적으로 멋진 모두의 너무도 황홀해 눈이 붓고 놀랄 신나는 큰 소리의 폭죽 파바박 번쩍 터지는 불꽃놀이가 예쁘게 어두운 하늘에 참으로 환하게 예쁘게 큰 무늬를 수 놓으며 다 같이 무척 멋지면서 넓게 그림같이 한 편의 눈물 나는 크고 아름다운 넓은 바다 위 불꽃으로 멋지게 확 활짝 빛과 색으로 넓게 멋지게 밤하늘을 불태워 아름답게 펼쳐졌습니다.,La très longue bête folle la fin douce année de fin des durs dards vieux a passé son sombre pur clair au neuf de compte franc lourd au minuit dur fêtant doux d'honneur et fiers des ronds ronds très pur cris minuit minuit qu'en soudain coup franc des clairs plombs dards beaux vifs très l'éruption magique claire et feu d'éclats lourds par fureur et pur couleurs vif s'est mis orné flamboyant tout le terne ciel la galaxie très triste pure par un crépitement pur fabuleux clair d'incandescents purs florilèges doux purs d'artifices fins superbes crâneurs brillants dorés sommation chou de lumière franche chouette du bonheur fou d'étincelles vifs chocs purs purs vifs magiques éclatants doux au bonheur d'art d'azur roi crue !,불 = Du pur roi d'âtre et vif soleil du rouge cru brûlant sec (Feu pure et la braise chaude !) + 꽃 = La Reine fleur (Le bourgeon très noble). Soit Littéralement des fleurs magnifiques de feu (Etincelles royales). 놀이 = Du verbe franc d'enfant de loisir pur joyeux 놀다 s'excitant au fun de vivre le chouette fin de vie ludique drôle mimi et oisive.  
(축제가) 펼쳐지다,"(un festival) se tient, se déroule",유난히 매우 덥고 지루했던 길고 습했던 길고 비극적인 큰 더운 뜨거운 낡은 길고도 지쳤던 힘들었던 피곤한 전형적인 비 많이 쏟아져 온 뜨거운 슬픈 그 아주 길었던 심한 한여름 무더위 가고 선선하고 맑고 파란 가장 높고 예쁜 예쁜 파란 큰 높은 하늘 높게 뜨고 시원한 아주 기분 좋고 상쾌하며 상쾌한 냄새 바람이 슬슬 아주 차갑지는 않게 불어 선선하고 시원한 예쁜 황금 들녘 노랗게 황금빛으로 가을이 아주 고즈넉하게 깊어가는 맑고 따사로운 아름답고 가장 아주 최고로 푸르고 예쁜 멋진 선선한 바람으로 좋은 평화로운 무사한 아름다운 화사한 이 기쁜 조용한 가을을 온 조용히 깊은 지역 사람들 깊게 마을 동네 사람들과 다 맞아 그 아주 높게 멋지게 오래 단풍이 몹시 붉고 알록달록 아주 울긋불긋 다양한 노랗고 화려한 참 짙고 불타게 붉게 색색깔로 다양히 아주 눈이 놀랍게 화려하게 크게 물든 수많은 관광객이 모여든 저기 크고 그 깊고 높게 높은 커다란 산악 깊고 넓은 가을 명산 산속에서 그 유명하고 전국적으로 아주 알아주는 등산의 성지 예쁜 단풍맞이 산악 동호회 마을의 무척이나 신나는 너무 큰 활기 가득 넘치고 참 떠들썩하고 신나는 온 동네 동네방네 가장 큰 멋진 동네 사람 지역의 예쁘고 아주아주 수많은 천막으로 너무 엄청나고 매우 참 대규모인 큰 엄청난 그 위대한 시골 아주 크나큰 유명 축제가 조용히 마을의 늦은 10월 중순부터 시작해 거의 아주 길게 한 아주 긴 일주일간이나 아주 참 너무 아름답고 여기저기 아주 활기차게 넓게 넓게 즐겁고 신나며 북적이며 아주 성대한 훌륭하게 화려히 모두가 아무 사고 하나 없이 전부 참여해 성황리에 무사히 막 모두 모여 무사히 아주 성대하게 성의 있게 펼쳐집니다.,D'une fin mure et exquise de la lointaine sombre fangeuse choyée vieille et pur estivale torride l'aube d'un doux clair zéphyr vif net fin cru bleu grand clerc des chics roux matins francs a ouvert par une clarté exquise noble un rassemblement fou fol vif fin fou par le clerc très fier pic beau roux des feuillus dorés par les cimes purs très très pur douces de fête claire qui engage des chaires tentes par kermesses d'arts fins des festivités choyées pure de claire joyeuse d'une folle douce chouette et vive foule l'édifice festif très grand fier des vieux sages de dures liesses rondes par nos chers francs purs et nobles monts de pur majestueux lourd clair beau doux noble grand beau grand franc saint net fin et fort rassemblement vif du mois clos festif fort d'ici !,축제 = "Chuk-Je". Festival franc vif fin ou kermesse / L'événement noble très festif à stands babioles. + 펼쳐지다 = Verbe au passif noble. (Ouverture d'un grand franc de chose physique comme la mappemonde ou de paravent. En l'occurence il réfute "la floraison d'une envergure crue pour un événement lourd qui tisse en place ou déroule majestueux dans son aire").
온몸,tout le corps,그 귀여운 꼬마는 비 온 진흙탕에서 하루 종일 뒹굴며 놀아 온몸이 전부 완전히 흙투성이가 되었습니다.,Le gamin s'est roulé toute la journée dans la gadoue finissant avec tout le corps couvert de boue.,온 = tout d'un coup parfait dans son intégralité sans reste + 몸 = le corps charnel physique. (De la tête aux orteils !). 
-에 바르다,"appliquer sur, frotter",햇살이 너무 강하고 눈부신 뜨거운 요즘 한여름 바닷가에서는 피부 보호를 위해 꼭 피부 전체에 자외선 선크림을 아끼지 말고 듬뿍 꼼꼼하게 아주 잘 펴서 바르세요.,Les rivages radieux du soleil vif d'été imposent pour protéger de bien te frotter en te massant ta crème solaire sur toute ta peau !,바르다 = enduire appliquer (De la crème ou de la pâte sur le mur) par de vrais frottements fluides. 
산천어,truite coréenne (truite de rivière),얼음이 단단하게 아주 꽁꽁 언 얼음판 긴 겨울 강가에서 잡는 차가운 은빛 예쁜 산천어 낚시 축제가 가장 큰 대표적인 명성 있는 인기 겨울 놀이 축제입니다.,La fameuse et noble kermesse sur glace et rivière gelée s'adonne à la belle pêche à la truite de montagne au milieu du froid !,산천 = les montagnes et vives vallées + 어 = le poisson fin. (Poisson noble des beaux monts !).
낚시터,"lieu de pêche, trou de pêche",아침 일찍부터 조용하고 물 맑은 그 호수 넓은 낚시터에는 커다란 예쁜 물고기를 아주 많이 잡으려는 수많은 많은 낚시꾼 사람들이 아주 일찍 빽빽하게 빼곡히 모여 가득 앉았습니다.,L'aube ouvrant ce doux point d'eau du lac vit sa zone de pêche s'ouvrir aux pêcheurs par grand désir de ramener plein de poissons.,낚시 = la pêche (avec la ligne ou l'hameçon) + 터 = l'endroit officiel / le point d'impact ou zone (Fishing spot).
구멍을 뚫다,percer un trou,아저씨들이 무척이나 단단하게 꽁꽁 언 강바닥 얼음판 위에 날카로운 전용 작은 기계로 요령껏 힘을 아주 꽉 세게 주어 직접 낚시할 작고 좁은 그 동그란 작은 작은 얼음 구멍을 꾹꾹 돌려 뚫습니다.,Les bons gars percent la glace dure de leur outil pour faire au bout de leur force un rond petit trou de pêche d'hiver !,구멍 = un trou / orifice + 뚫다 = le percer l'évider du long bout franc d'une pique féroce pour faire passer la chose).
(물속에) 뛰어들다,plonger (뛰어서 dans l'물),무더운 한참 더운 여름날 땀을 식히러 시원하고 맑은 아주 깨끗한 차가운 강물을 보자마자 아주 즐겁게 신나서 얼른 모두가 그냥 그 젖은 옷을 입은 채 파란 얼음 물속에 푹 시원히 그냥 바로 뛰어서 그냥 크게 퐁당 아주 다 같이 뛰어들었습니다.,Pour échapper au chaud nos gars d'un vif bond plongèrent et se jetèrent de leur plein saut dans la froide eau claire habillés comme ils l'étaient et ensemble .,뛰어 (de la course foulée ou saut élan) + 들다 = de le pénétrer s'y glisser dedans (S'y glisser d'un bond dans l'eau).
맨손,mains nues,아주 매섭게 추운 어느 겨울 혹한기 맑은 얼음물 아주 추운 겨울 축제이지만 그는 특별한 큰 도구나 두꺼운 털 장갑 따위가 전혀 하나도 아주 아무것도 없이 그냥 단지 맨 용감하게 놀라운 텅 빈 자기 맨손으로만 그 큼지막하고 통통하고 무척 살찐 신기한 물고기를 아주 멋지게 번쩍 아주 훌륭히 직접 잡아냈어요.,Même dans le froid très mordant de glace c'est par ses purs doigts nus d'un roi sans gant que ce fier pur héros pur de bravoure roi des froids vifs pécha par lui-même chaud et beau un grand lourd vif poisson des flots en grand ouf franc !,맨 = préfixe modificateur signifiant le "nu de rien" de tout artifice + 손 = main / Donc la main nue totale ! (Aussi : 맨발 = pied nu).
요리조리 피하다,esquiver (de tout côté) 요리조리,"아이가 물속에서 그 작고 예쁜 미꾸라지를 잡으려고 손을 확 뻗었지만 놀란 작은 그 고기는 정말 미끄럽고 아주 재빠르게 틈새로 이리저리, 앞뒤로 요리조리 날렵하게 잘 피해서 도망갔어요.",L'enfant lança par vivacité svelte de par surprise attraper la belle petite loche fine mais ce beau franc de vif roi franc et d'esquive de l'esquiver en roi sans merci par de gauche de zigzag a échappé de pur d'ici roi zigzag.,요리조리 = Un adverbe "Par ci par là et de ça par là d'ici" + 피하다 = L'esquive par évitement sans être atteint pour se cacher !
쫓아다니다,"suivre partout, pourchasser",그 예쁜 인기 많고 예쁜 그 유명 여배우를 한 열렬한 오래된 미친 팬이 매일같이 밤낮없이 그녀의 뒤를 무척 그냥 계속 없이 아주 긴 시간 하루하루 지독하게 맨날 끈질기게 심하게 엄청 사생팬으로 구석구석을 다 완전히 쫓아다닙니다.,Le pur roi beau fou ou fol adorateur d'un grand mal traque crâne lourd pur fou en insistance longue ce digne chic pur grand tendre vrai de noble reine de vif star d'or crue sans la laisser souffler du lourd franc roi fou acharnement d'obsédé pur harceleur!,쫓아 (de courir chassant pourchassant) + 다니다 (aller et parcourir et cheminer en routine) = Pour filature traque en ne lâchant jamais le rythme !
사라지다,"disparaître, s'évanouir",어두운 기차역 빈 깊은 골목길 모퉁이를 아주 급하게 확 급히 돌아서 마구 후다닥 뛰어 도망가는 범인 도둑을 쫓다가 잠깐 조금 놓쳤더니 눈앞에서 순식간에 아주 싹 다 아주 도망가 홀연히 완전히 밤의 큰 그 안의 짙은 어둠 속으로 아무 자국 흔적 없이 조용히 잘 전부 사라졌어요.,En ruelle vil voleur vira de coin la muraille et s'effaça de l'œil du flic d'une grande fugacité tel un fumigène de magie fuyant dans la nuit tout volatil sans aucune forme ! ,사라지다 = Disparaître s'évanouir se dissiper sans laisser aucune empreinte. Effacer littéralement ce qui était là vers le néant. (S'éteindre de visibilité).
-이 갖춰져 있다,(quelque chose) est 준비 available sur place,이 특급 대형의 너무 멋진 회사 5성급 특 호텔에는 멋지고 훌륭한 큰 실내 대형 수영장 외에 커다란 온천 사우나와 작은 전용 도서관 등 투숙객 아주 귀중한 V.I.P 개인 휴식 호화 모든 편의 최고 시설이 돈 내는 투숙객을 위해 참 아주 완벽하게 잘 멋지게 전부 모두 다 전부 갖춰져 있어 아무 불편함이 없어요.,L'hôtel grand luxe cinq étoiles possède outres des lisses grandes piscines du pur saunas très francs ou d'un complet panel bibliothécaire un service roi très disposé lourd disponible bien tout choyé parfait rien qu'aux VIP parés sans aucuns maux d'or !,갖추다 (doter être paré s'équiper noble) + 아/어 있다 (Etat continu présent). (Être dûment très équipé parfait sans rien manquer avec dotation au max de l'excellence).
썰매타기,"luge, promenade en traîneau",한겨울 그 무척 추운 겨울 눈 폭설 덮인 큰 산속에서 즐겁고 아주 신나게 동네 매일 아이들과 가족들이 가득 저녁까지 아주 모두 모여 눈 쌓인 멋진 오르막길 높은 언덕을 걸어 직접 쭉 올라가 매끄러운 바닥에 아주 편하게 앉아서 눈밭에서 썰매타기를 조심스럽고 아주 즐겁고 모두가 크게 웃으며 시원하고 매우 아주 재밌게 놀았습니다.,La digne de jeu choyé au parc d'hiver et du vent froid se vêt par gosses des ronds vifs drôles très clairs doux luge chevauché des neiges du crâne traîneau joyeux au dévalant franc tendre lourd ouf d'élan au rire féroce des dures glissades !,썰매 (la luge natif coréen traditionnelle en bois) + 타기 (action d'en grimper / Le jeu luge !). 
봅슬레이,bobsleigh,동계 겨울의 큰 얼음 올림픽 경기에서는 매끄러운 긴 좁은 얼음 길 큰 둥근 파이프 통로 코스를 여러 명의 남녀 팀이 하나 한 팀이 조화롭게 되어 엄청난 초고속 매우 최고 속도로 무섭게 총알처럼 내려오는 매우 가장 아주 빠르고 무척 아찔한 그 유명 얼음 봅슬레이 경기가 가히 올림픽 중 제일 가장 엄청난 넘버 원 최고 스릴 만점 종목입니다.,De par les lourd JO de neige s'adonne ces chics francs bobs purs fiers rois bobsleigh s'engagent par bolides cylindres au glaçon tubulaire très fulgurant frissons garantissant un pur de vitesse fou du jeu noble sans faille !,봅슬레이 = Bobsleigh anglo. Pareil. (Luge sportive froide folle crue d'or et de métal pur glissade des JO).
-을 만끽하다,"savourer pleinement, 즐기다",모처럼 오랜만에 귀한 꿀 같은 달콤한 휴가를 맞아 먼 바다로 혼자 홀로 조용히 훌쩍 아름답게 떠나 파도와 따스한 화사한 좋은 바다의 눈부신 깊은 햇살과 바람 소리를 전부 다 아주 깊게 직접 내 숨으로 느끼며 아주 너무 자유롭고 너무 평화로운 모처럼 그 기쁜 좋은 휴식의 낭만과 온전한 해방의 매우 자유로운 멋있는 기분을 마음껏 내 마음대로 한가로이 가슴으로 다 만끽했습니다.,L'exquise folle fuite mienne en congés seuls crus s'offre la tendre brise aux beaux lits bleus clairs pur vif clair roi m'abreuvant d'une sublime belle grande chouette pleine ivresse des vacances purs très purs oisiveté reine des pures joies miennes l'air sans contraintes et sans l'autre clair mien bonheur sans limite tout pleinement en moi !,만끽 (Savourer d'une ivresse à gorge déployée et en jouir avec l'absolu plénitude de sa grande âme de luxe + 하다). 
-이 가득하다,"être plein de, être rempli de",엄마가 차려주신 맛있는 저녁 상 커다란 밥상 위에는 아주 항상 엄청난 정성이 담긴 아주 신선한 좋은 예쁜 아주 야채와 고기가 맛깔난 향기와 다채로운 음식으로 훌륭한 갖은 맛있는 반찬으로 큰 상에 엄청 완전 틈 없이 넘쳐 가득하게 매우 가득합니다.,La vraie table tendre noble de tendre maman se sert ployant de choyées très purs pures belles mets frémissants chics bons plats de bœufs débordant sans ronds ni failles remplies pleine jusqu'au lourd d'un repas plein lourd lourd à ras le très cher bord pur très bondé des douceurs aux doux miam miam tendres bons fiers !",가득 (l'adverbe pour être rempli de tout entier sa capacité totale dense = ras bord à un verre bondé d'eau pur) + 하다.
검색하다,rechercher (정보 찾기/en ligne),자세한 그 축제 방문 행사 일정이나 넓은 축제의 세부 위치 같은 정확한 큰 정보를 일찍이 바로 확실히 분명하게 먼저 알기 위해 스마트폰 인터넷 등으로 덜컥 궁금한 내용을 아주 꼼꼼하게 다 직접 손가락으로 검색해 스마트하게 잘 봅니다.,Pour le pur bien de s'équiper sûr net par horaires rois et lieux francs j'use clavier virtuel très clair roi sur écran au web fin net vif d'aller traquer choyé net par moi des claires informations fouiller recherche pure sur l'app ! ,검색 = l'acte pur et formel de l'investigation + 색 = d'en dégager le tri final d'info (Le bon verbe très web coréen pour dire de chercher au doigt choyé des clics purs sur Naver/Google de soi d'or !).
면,nouilles,저는 쫄깃하고 아주 담백하고 참 부드럽고 가늘거나 넓은 그런 긴 면 모양의 길다란 예쁜 하얀 아름답고 따뜻한 엄청 맛있는 맛집 메밀 국수의 면 종류를 여름에 젓가락으로 후루룩 한 번에 참 몹시 맛있게 먹기를 너무 무척 제일 참 무척 가끔 즐겨 좋아합니다.,C'est sur ces longues très claires et fières bandes de pâte longues de type de ces nouilles asiat que de tendre bol à lèvres francs nets vifs pur je croque ravi par la baguette chaude tendre la lippée nouilles chaudes par une grande soif l'heure du pur vif !,면 = les pâtes en asie qui se présentent sous cordage très blanc fin clair nouilles (Tout plat aux nouilles sans exceptions s'articule par "myeon" : Ramen etc).
메밀,sarrasin,여름에 가장 맛있고 엄청나게 아주 막 시원한 얼음 둥둥 부드러운 차가운 낡은 전통 여름 냉 국수의 주원료 재료로 아주 유명하게 오래 사용되는 약간 더 어두운 회색 까만 매우 진한 색상의 좋은 곡물 아주 예쁜 아름다운 식물 작물이 다름 아닌 부드러운 고급 메밀입니다.,C'est dans les flots glacials de l'épice l'eau des dures nouilles choyées coréennes que nage notre grain pur sarrasin doux tendre au clair roux sombre de cette très saine récolte tendre pure beau sombre blé de farine noble !",메밀 = Le Sarrasin (Plante). Donnant la farine on l'aime par tradition faire la pâte très grisonnate belle et franche sans l'air du blé blond.
담백하다,"être doux, ne pas avoir un goût fort (ou gras)",기름기가 고기에 전혀 하나도 없거나 혹은 향이랑 진한 그 간장이나 소금 맛이 그다지 엄청 역하게 강하거나 짜게 세지 않고 아주 무척이나 입가에 참 아주 부드럽고 건강한 느낌의 자극 없는 깔끔하고 정말 깨끗하고 삼삼한 매우 속도 위장도 다 아주 진심 편안한 좋은 깨끗한 자연의 야채 맛이 곧 그 유명한 담백한 음식 맛입니다.,D'un pur doux fin pas saturé lourd gras d'huile vil cradingue de porc net ni piquant l'effilé fluide rond de ce d'un gout léger doux de légume pur lissé propre sain à ton fin petit bedon clair d'or chic de très noble repos zen aux purs anciens de doux fins de clarté chouette très purs repas fiers choyés tendre purs ! ,담백 = Goût fin net pur sans gras vil clair ou piment nul (Dépouillé du très fort gras excessif/Goût de l'eau pur noble roi sain aux grands parents malades chers aînés/Sans rien de saturé et gras salé sucré !).
육수,bouillon (de viande 국물),전통적인 깊은 커다란 가득 물 끓이는 옛날 무쇠 큰 무거운 낡은 가마솥에 신선한 좋은 고기와 좋은 싱싱하고 달콤한 낡은 뿌리 예쁜 깊은 야채 파 마늘을 진짜 길고 오랜 시간 내내 아주 큰 불에 정성껏 뭉근하게 잘 끓여내 무척 맛난 고깃국 국물이 맑고 훌륭하며 입에 너무 무척 깊고도 진하게 아주 최고의 맛을 내는 이 고급의 그 귀중하고 진짜 아주 훌륭한 진한 소고기 고기 베이스 이 맑은 물이 바로 너무 맛이 훌륭하게 정말 끝내주는 오래된 육수입니다.,Du pur très lourd chaudron clair chaud qui bouillonne et du gros boeuf infusant se dégage l'eau très franche de viandes aux très lisses clairs jus nobles que l'art bouilli sort d'un chef de cuisine noble beau ! ,육 = roi gros tissu pur de chair/viande + 수 = d'eau fluide choyée (L'Eau de gras d'un bouillon chaud ou du digne jus des cuissons de soupe tendre et charnelle).
매콤하다,être modérément épicé (agréable),떡볶이는 아주 막 매일 입에서 뜨거운 진짜 빨간 큰 붉은 불나고 숨도 못 쉬고 엄청 불타게 과하게 죽을 만큼만 사람 잡고 아주 미친 듯 맵기보다는 약간 부드럽게 혀에 은근하게 기분이 좋게 땀을 약간 살짝 내며 혀끝을 부드럽고 살며시 치고 도는 예쁘고 진짜 약간 달고 약하게 맵고 달짝지근하게 자꾸 당기는 매콤한 이 맛이 가장 최고 큰 그게 핵심 제일 가는 큰 인기 비결 매력이랍니다.,D'une sauce au top de digne lourd et fin tteokbokki roi ce vif de piquant est pur choyé n'arrachant gueule et vil lourd l'or mais du tendre épicé modéré mignon chouette qui de langue et sel très roi franc chauffe ton beau repas mignon de digne petit plaisir de douce suante sueur fin d'or mignon piment cru!,매콤 = de 'Mapda' piquant mais affabulé d'une tendresse crue du suffixe "Kom" qui le donne mignon adorable à ton bec modéré.
폭폭 찌다,"être bouillant, être brûlant (chaleur lourde)",바람도 더 이상 길거리에 언제부턴지 완전히 전혀 하나도 없고 햇볕이 이제는 구름도 없이 너무 살결에 사람 아프게 너무 따가워 매우 건조하게 쨍쨍 뜨거운 기온 상승과 함께 엄청 기온을 아주 진짜로 확 엄청 드높이며 온 동네 온 마을이 전부 그냥 막 마치 무서운 물 뜨거운 가득한 옛날 더운 뜨끈한 옛 한증막이나 온수 목욕탕 그 좁은 통 안처럼 엄청 막 숨도 크게 전부 못 쉬고 그냥 그 뜨거운 매우 심한 김이 전부 연신 얼굴에 오르듯 매우 가마솥 안처럼 무척 덥고 습해 불쾌지수 높게 아주 매우 정말 덥게 폭폭 폭푹 크게 찌는 엄청 대낮입니다.,Au de pur grand roi cruel lourd roi de jour solaire mort vil de crâne choyé à lourde et triste belle humide chaleur morte dense d'hygrométrie étouffante qui de bouilloire rend l'oxygène lourd en ce hammam rude d'enfer roi franc cru de chaudron vif mien doux net pur lourd vil vil chaud transpirant saumâtre !,폭폭 = (Natif) vapeur qui crépite crache. 찌다 = d'être mijoté à vapeur "C'est une étuve affreuse ce jour chouette ouf roi des fours humides !".
살짝,"légèrement, juste un peu",요리용 가루나 그 비싼 소금 조미료 통을 절대로 막 마구 함부로 너무 심하게 너무 콸콸 단번에 거침없이 아주 많이 많이 무겁게 막 팍팍 부어 넣거나 왕창 엄청 붓거나 매우 짜게 음식 국물에 완전히 간을 아주 막 크게 아주 치지 말고 그냥 단지 소금 후추만 위에 검지 위주로 아주 작게 가볍게 조금 진짜로 잠깐씩 아주 얇게 조금 뿌려 맛을 그냥 단지 한 번만 살짝 은은히 더해주면 무척 더 아주 담백한 예쁜 이 하얀 수프 요리가 음식 솜씨로 무척 향이 잘 좋아져 진짜 엄청나게 막 최고로 엄청 훨씬 더 맛있어집니다.,Au doux gros du grain sel vil il sied de ni très très ruiner ce bon vieux vif plat clair pur vif franc d'une crue pelle dure mais qu'avec le fin très frêle du digne clair geste beau et lourd vol minuscule net qu'un doigt chiffré minime par parcimonieuse modique clarté fin grain choyé doux chou frêle !,살짝 = (Natif coréen) Très furtivement frêle doux riquiqui mignon sans exagérer de rien / Du soupçon et chouia.
살짝 얼다,avoir une fine couche de glace,겨울밤 호수가 찬바람에 살짝 얼어 표면에 얇고 고운 얼음이 작게 예쁘게 조금 덮였습니다.,Le lac par le froid vent de la nuit a légèrement gelé en surface de sa belle couche glacée.,살짝 = très légèrement (un poil) + 얼다 = geler (Le verbe frissonner de froid d'une mince surface gelée).
동치미,soupe de radis froid,여름 고기구이 식당에서 기름진 고기와 시원하고 무척 시원 새콤한 동치미 국물을 시원하게 마시면 아주 훌륭한 진짜 엄청난 꿀맛입니다.,Aux restos l'été mordre sa viande avec le radis froid en jus vinaigré c'est top !,Plat traditionnel. Radis blanc fermenté dans de l'eau claire et fraîche très revigorante typique.
더위를 쫓다,"combattre la chaleur, se rafraîchir",참을성 많은 한국인들은 폭염 뜨거운 긴 여름에 얼음이 동동 뜬 차가운 별미 냉면 국수를 맛있게 후루룩 시원하게 잘 먹으면서 괴롭고 무섭고 아주 길고 무더운 한여름의 정말 끔찍이도 심한 참 더위를 기분 좋게 멀리 웃으며 좋게 즐겁게 물리치고 시원하게 쫓습니다.,Les coréens mangent ce plat glacé pour combattre et chasser la canicule l'été avec délice.,더위 (la vague de chaleur/canicule d'été) + 와/를 쫓다 (la fuir / la pourchasser avec une lame).
자리를 잡다,s'établir (prendre sa place),그 자본금 엄청 작은 신생의 초보인 이름도 낯선 새로 생긴 귀여운 작은 IT 스타트업 조그만 어린 회사가 치열한 경쟁을 이기고 이제는 당당히 엄청난 이 큰 예쁜 명동의 넓은 번화가 넓은 가장 크고 멋지고 긴 중앙 메인 제일 좋은 앞 좋은 엄청 비싼 거리 랜드마크로 아주 자랑스럽고 아주 당당하게 최고로 매우 굳건하게 가장 확고히 무사히 정말 당당히 그 수많은 진짜 아주 큰 치열한 엄청 비싼 자본을 아주 신기하게 모두 싹 다 부수고 밀어내 엄청 놀랍게 아주 환하게 빛나며 훌륭히 잘 조용히 엄청나게 자리를 제대로 확 잡았습니다.,La start-up a enfin trouvé sa vraie place de marché digne de belle vitrine ici s'y étant ancrée.,자리 = la place (sa base ou son socle ou l'emplacement) + 잡다 = attraper et ancrer. S'implanter durablement roi.
등장,"l'apparition, les débuts",새로운 외모와 신기한 능력을 전부다 가진 엄청 다 멋진 너무 모든 걸 다 가진 참 새로운 신인 멋진 예쁘고 귀여운 천재 어린 가수의 그 엄청난 아주 폭발적인 첫 무대의 엄청 화려하고 모든 기자들 매스컴이 모두 집중된 아주 멋진 엄청난 폭발적인 화려한 등장은 아주 긴 엄청나게도 무척 아주 크게 깊게 진짜 한국 사람들에게 매우 큰 아주 대중들에게 대다수에게 아주 큰 신선한 놀라움을 시원히 주었습니다.,L'apparition du nouveau génie au grand public leur donna un gros et fort beau choc cru magique !,등 = monter ou la montée noble + 장 = sur le domaine de la scène (l'entrée en scène d'un acteur).
인기를 얻다,devenir populaire,이 신인 아이돌 가수 그룹의 달고 신나는 새로 참 노래가 벌써부터 전 세계적으로 남녀 아주 엄청난 큰 유행을 매우 선도하며 정말 모든 나이 모두에게 많은 큰 아주 높은 폭발적 인기를 끌며 아주 깊고 크게 인기를 엄청 무섭게 너무 가볍지도 않게 매일 깊숙히 모든 예쁜 차트에서 크게 얻고 아주 최고로 있습니다.,La chanson du nouveau groupe de KPOP gagne déjà une colossale et douce popularité d'amour roi !,인기 (popularité/faveur des foules) + 얻다 (obtenir/acquérir). Gagner les faveurs aimantes pur.
피난민,réfugié,과거 한국 전쟁 6.25 전쟁 당시 북쪽 아름다운 북쪽 너무 고향을 무섭게 안타깝고 슬프게 울며 눈물 흘리며 참 슬프게 모두 불타 잃고 아주 절망에 빠진 불쌍한 수많은 옛 진짜 엄청나게 셀 수도 없는 정말 불쌍한 눈물의 슬픈 엄청난 너무 아주 가여운 피난민들이 슬프게 남쪽 지도로 매일밤 조용히 안타깝게 많이 내려왔어요.,Lors de la vieille guerre de Corée les réfugiés ayant perdus le nid au nord ont fuis au sud vif lourd pleurant.,피 = du sang / fuir ou repousser loin au loin + 난 = de l'horreur trouble de chaos / difficulté + 민 = le peuple digne citoyen (Les exilés).
새콤하다,"être aigre, acidulé",이 요리사의 비법인 샐러드 소스는 아주 무척 신선하고 매우 침샘 자극 아주 가벼운 기분 좋은 매우 무척 달콤하고 새콤한 살짝 레몬 맛이 너무 매일 무척이나 아주 많이 기분 좋게 무척 진하게 나서 아주 매일 같이 진심으로 참 너무 엄청나게 정말 시고 너무 매력적이고 최고로 맛있어요.,Cette douce sauce salade a le goût acidulé et ravive un franc et pur piquant très frais au bout de ma vive langue !,새콤 = racine coréenne qui pique et tapisse le palais de vinaigre gentil lissé. (Le sucré-acide exquis comme un kiwi frais).
각각,"chacun, individuellement",여행에 필수적으로 필요한 공동 생활 경비나 밥값 매우 비싼 비행기 아주 큰 막대한 아주 무거운 무척 엄청난 매일 들어가는 전체 생활 숙박 지불 그 큰 매우 거대한 금액을 모든 아주 예쁜 우리 아주 너무 친절한 단짝의 우리 오래된 대학 친구들이 싸움 없이 무척 아주 각자가 모두 각각 합의하고 묵묵히 나누어 똑같이 N 분의 일정 등분으로 불만도 없고 아주 공평하게 똑같이 매우 훌륭하게 군소리 하나마저 없이 평화롭게 기분 좋게 그냥 모두가 전부 아주 똑같이 사이좋게 조용히 잘 함께 아름답게 매우 동등히 다 지불했습니다.,Pour le voyage l'entier gros paquet de nobles frais furent divisé par le tout monde à part chacun sa part et réglé de N/part franc crâne chou roi !,각 = chaque (le décompte unitaire très individu d'aspect isolé pur !). (Chacun sa part).
차이점,point de différence,비싼 이 두 핸드폰 최신 모델 외관상 보이는 전체적인 외부 겉 디자인은 무척 매우 아주 자세히 쌍둥이처럼 무섭게 진짜 아주 비슷하지만 정작 안에 내부 칩셋이나 카메라의 이런 가장 중요하고 핵심의 내부 중요한 참 소중한 그 모든 성능이나 소프트웨어 세부 시스템적인 아주 가장 매우 결정적 핵심 기능에서는 아주 매우 비교하면 정말로 무척 크고 압도적인 이 세상 아주 가장 큰 결정적 차이점이 있습니다.,Le modèle tendre des ronds phones et leurs coques franches de vues sont soeurs mais leur gros de points de différences internes est à pleurer !,차이 = le décalage le trou béant ou du franc écart crâne (ce qui diffèrent de l'autre) + 점 = le vrai point d'argument pur. (L'aspect diffèrent entre A/B).
가늘다,être fin (longiligne),저의 모델인 예쁜 친누나는 손가락이 남들보다 유독 참 놀랍게 엄청 눈부시게 예쁘고 마르고 곧고 아주 대나무처럼 많이 길며 그래서 피아노 칠 때 손이 이쁘고 무척 많이 길쭉하고 매우 인형같이 마르고 아주 여리여리하게 정말 아주 무척 예쁘게 인형처럼 눈부시게 가늘어요.,Ma grande sœur choyée aux doigts d'art a ses jolis ongles et douces phalanges bien plus fluettes minces que ceux des gens avec finesse douce !,가늘다 = Adjectif "Être mince allongé filiforme". Pour la minceur pure des jambes doigts de l'ambre pur fil d'araignée choyé des mèches de beaux cheveux mignons lissés. (Fin et grêle filaire ! Fil).
쫄깃하다,"être élastique, chewy 잔뜩",이 잔뜩 방금 시장에서 사 온 아주 뜨거운 막 맛있는 하얀 진짜 뜨거운 부드러운 하얀 고운 이 명절 하얀 새하얀 예쁘고 동그란 귀엽고 너무 앙증맞은 동글 동그스름한 하얀 이 너무 예쁜 작고 귀여운 참 맛난 전통 맛있는 간식 작은 아주 달콤하게 고소하기도 하고 예쁜 입안 가득 팥이 차있는 이 맛난 한국의 전통 하얀 가루 예쁜 아주 그 소중한 귀중하게 만든 예쁜 귀여운 고소한 부드러운 뜨겁고 예쁜 찹쌀떡은 직접 아주 천천히 입안으로 한 입 매우 크게 눈감고 부드럽게 정말 잘 아주 매우 가볍게 정말 살포시 침으로 조심스럽게 마구 입에 넣어서 여러 번 참 씹을수록 아주 기분 정말 무척 좋게 그냥 매우 진짜 무척 기쁘게 입에 가득 많이 입안에서 춤을 추듯 죽죽 잘 끊어짐도 없고 아주 편안하게 기분 매우 행복하고 맛있게 입에 가득 달라붙게 예쁘게 쭉쭉 길게 늘어나고 매우 무척이나 고소함과 함께 엄청 매우 무척이나 입안 내내 기분 좋고 매우 잔뜩 가히 엄청 많이 아주 기가 막히게 최고로 많이 입에 가득 쩍쩍 크게 크게 전부 맛있게 아주 다 너무나 너무도 정말 최고 무척 크게 심하게 몹시 아주 완전히 기분 최고 좋게 맛있고 식감이 너무너무 크게 무척 예쁘게도 행복하게 많이 쫄깃합니다.,Cette pâte de riz tendre coréenne tteok est vive et vraiment colle un peu aux dents d'une texture moelleuse et élastique tendre déliciseuse !,쫄깃 = de la bonne élasticité fondante "chewy" et moelleuse. (La texture très franche et molle chouette des tteok et des pâtes de ramen. Ex: La pizza au fromage d'élastique fondu !). 
굵다,être épais,비가 요며칠 갑자기 번개와 어두운 밤하늘과 함께 정말 하늘 무섭게 아주 거세게 천둥소리와 함께 무서운 아주 마구 엄청 진짜 그냥 무섭게 밤내 내려 유독 어제보다 진짜 정말 굵은 아주 심하게 뚱뚱한 그냥 크게 막 무겁고 무섭고 무거운 엄청 큰 크기의 너무 무서운 매우 날카롭고 시끄러운 엄청 거센 물방울인 그 거센 큰 큰 거센 아주 어둡고 슬프고 거대한 화난 눈물 같은 아주 굵은 무섭고 거센 아주 큰 빗방울이 무척 엄청 약하게 깨지고 나약하고 낡은 우리 늙고 연약하고 슬픈 가난하고 얇고 약한 오래되고 조금 무척이나 금방 부서질 듯 작게 얇은 진짜 볼품없고 투명하디 투명해 작은 이 유리의 불쌍히도 참 처량한 집안의 하나뿐인 아주 작은 투명 작고 얇고 낡은 늙은 옛 유리 우리 집 참 예전 진짜 투명 예쁘디예쁜 늙은 오랜 오랜 정말 아주 참 볼품없이 작게 흔들리는 가여운 참 슬프고 너무 나약하고 작디작은 우리 슬프디슬픈 집 낡을 대로 무너질 우리 진짜 아주 예쁜 이 낡게 병든 오래되고 우리 참 소중한 투명 거세고 작은 진짜 작은 불쌍하게 어두운 추운 예쁘고 아름답고 밖의 이 거센 어둠 속에서 참 예쁘고 가여운 가난한 우리 무척 투명 우리 작은 하나 투명한 아주 아주 작은 창문을 밖에서 진짜 마구 미친 사람처럼 거세게 너무 시끄럽게 진짜로 심한 정도로 참 기겁하게 무섭게 폭력적으로 크게 아주 진짜 마구 무섭고도 우렁차게 다 깨버릴 듯 위협 주며 엄청 심하게 때립니다.,Les très grosses larmes fortes d'averses de pluie cognent lasses aux fenêtres fines avec d'amples gouttelettes très immenses !,굵다 = Épais (en diamètre ou volume charnu gros à la base large de tronc gras). Tronc d'arbres gras ronds lisses ou cordage marin nouilles épaisses et gouttes larges des trombes d'eaux d'oragées forts de base. (Antonyme du très fin 가늘다 évoqué juste au-dessus).
-을 얹다,"poser sur, 올리다/mettre (au-dessus)",뜨거워 김이 많이 나는 갓 지은 하얀 따끈한 냄비 속 맛있는 옛날 가득한 진짜 금방 만든 눈부신 밥솥의 깊은 하얀 좋은 귀한 맛난 진짜 무척 달고 예쁘고 예쁜 하얀 매우 고소하고 엄청 비싸디 비싼 아주 몸에 아주 기진맥진 최고 좋고 비싼 무척 유명 식당의 참 커다란 멋진 이 유명 진짜 아주 커다란 엄청 최고로 훌륭하고 매우 좋은 맛있는 넓고 넓은 고운 정말 훌륭하고 무척 가장 멋진 넓디넓은 커다란 큰 밥상 위의 고기 듬뿍 아주 맛난 커다란 대접 접시 매우 넓은 최고 넓게 깊고 귀한 그 밥솥 둥근 뚜껑 옆 귀한 커다랗고 속이 가장 최고 가장 깊은 넓고 참 귀한 둥근 모양의 하얀 하얀색 그 멋지고 제일 멋지고 크고 좋고 예쁜 예쁘고 그 예쁜 그 진짜로 둥근 귀한 우리 멋진 하얀 커다란 깊은 예쁘게 생긴 좋은 아주 아주 제일 그 예쁜 그 귀한 크고 아주 커다랗게 아주 하얀 가장 큰 최고의 우리 집의 최고로 제일 제일 좋은 가장 눈부시게 제일 귀하게 아끼고 모든 가족 엄마 아빠가 최고 아주 무척 제일 진짜 좋아하며 아끼는 그런 고대 골동품 식기의 무척이나 정말 소름 끼칠 정도 아주 엄청 예쁘기도 하고 아주 투명해 반짝이게 이 제일 맑은 진짜 멋진 눈부시게 참 투명 참 아름다운 예쁜 최고 식기 모양 중 제일 제일 최고 아주 비싼 멋진 최고 크고 값비싼 제일 오래되고 아주 깊고 무척 투명 너무 투명 유리 투명 참 훌륭하고 귀한 넓게 귀한 정말 가장 빛나서 정말 무척이나 눈 가득 아주 무척 몹시나 눈이 엄청 매우 크게 많이 너무 부신 진짜 눈물 매우 심하게 나게도 눈물이 무척 진심 참 크게 마구 너무 날 정도 아름다워 무지 크고 놀랍고 가장 세상 가장 너무 둥근 귀한 넓고 기가 찬 눈부신 가장 세상 가장 가장 세상 어디보다 너무 제일 제일 세상 정말 너무 몹시 눈부신 가장 넓고 가장 우리 최고 최고 넓은 소중 참 튼튼 조심 그 하얗고 투명 우리 진짜 반짝 깨끗 우리 밥과 하얀 최고의 아주 크고 좋은 우리 우리 밥 최고의 우리 그 흰 밥상 우리의 큰 하얀 맛집 아주 진수성찬 참 넓고 진심 크디큰 우리 훌륭한 넓고 맛난 그 큰 매우 조용한 우리 커다랗고 밥상의 참 크고 하얗고 기품 멋진 예의 너무 아름다운 참 그 하얀 귀중한 깊은 사발 넓디넓은 아주 가득한 투명 아주 깨끗 매우 깨끗 깊고 깊은 소중 우리 고유의 제일 귀하게 좋은 큰 가장 넓게 좋은 식기의 크고 둥근 사과같이 둥그레고 아주 아주 아름다운 참 하얀 좋은 넓은 아주 예쁜 참 곱고 커다란 투명 제일 눈부신 그 볼이 참 넓고 무척 깊은 크기 매우 엄청 진짜 가장 큰 커다란 우리의 큰 이 볼에 이 예쁜 무척 맛난 진짜 제일 큰 반짝이는 기가 막힌 참 밥 아주 그 넓은 가장 크고 위대한 큰 아주 무척 커다란 볼 안에 있는 밥 가득 진짜 너무 크고 우리 집에서 제일 제일 아름답고 예쁘고 둥근 참 아름다운 엄청나게 너무 매우 아름다운 넓은 진짜 너무 좋은 귀중 진짜 아주 아름다운 그 그 하얀 최고 넓디 투명하고 크고 무척 넓고 제일 무척 크고 진짜 투명 눈부신 좋은 아주 매우 훌륭한 우리 그 투명 멋있는 커다란 진짜 볼 넓게 크고 맛난 따뜻 아주 무척 매우 고봉으로 엄마가 엄청 많이 아주 큰 아주 넓게 크게 꾹꾹 진짜 소처럼 정말 막 정말 크게 소복이 깊고 크게 전부 엄마가 인심 매우 크게 가득 진짜 넘치게 산처럼 제일 아주 너무 크게 눌러 모두 예쁘 아주 크게 정성 잔뜩 밥주걱으로 진심 많이 가득 조용히 퍼준 엄마가 최고 내 엄마의 사랑 가득 큰 무척 아주 고봉 넓게 퍼주신 최고의 아주 놀라운 넓은 고기 둥근 볼 그릇 우리 훌륭 그 밥솥 모양 하얀 쌀의 가득 최고의 밥 가득 진짜 눈이 부신 엄청 최고 아주 좋은 넓고 아주 좋은 엄마 밥 아주 고봉 가득 담아 고운 좋은 참 멋진 그 밥 아주 깊은 우리 훌륭하게 너무 많이 담긴 넓디 따스 따끈 밥 그릇의 따스히 넓은 우리 위 아주 예의 그 고봉 밥 그 따끈 무척 좋은 우리 밥 위에 반찬으로 아주 고소한 기름에 매우 아주 고급 버터 기름 비싸고 맛난 매우 고소 기름 향 고소 프라이 된 아주 정말 최고 몹시 맛있고 정말 이 맛있는 소고기 계란 매우 동그랗게 아주 무척 엄청 이쁘 너무 맛집 달콤 최고 진짜 맛 좋은 무척 최고 반찬을 매우 살짝 젓가락으로 정말로 너무 이쁘게 아주 이쁘게 참 참기름 발라 아주 정말 정성 최고 담아 조심조심 조용히 위로 살포시 귀하게 예쁘게 부드러이 살며시 아주 위로 척 올려서 얹어서 매우 아주 같이 정말 눈감고 침 줄줄 맛나게 먹어요.,C'est sur le top pur mien vrai clair du bol tendre pur chéri en porcelaine de riz éclatant de sa mère que cette dernière par un jeu de baguettes posa d'une très belle cerise le bœuf l'œuf frais à cru chou tendre clair de garniture roi ! (Le top absolu pour parer l'humble repas de sa coiffe ou couronne roi d'art joli posé doux et tendre mignon).,-을 얹다 (ou 올려놓다) = Verbe qui se conjugue par l'action de placer posément d'un met en garniture par-dessus la chose de manière jolie ou en empilant chouette. (Mettre la cerise sur le gâteau de base ! / Une cerise au posé tendre et fragile sur son piédestal base de riz).,-에 지치다,être épuisé (par),매일 주말도 없이 매우 반복되는 지루한 지긋 길고 따분 아주 심한 지루 고된 끝없는 매일 내내 매일 반복하는 숨 막히는 이 너무 긴 지친 매우 매일 고단하고 야근과 계속 정말 마구 몰려 정말 하루도 안 편하고 진짜 아주 억울할 정도로 아주 극심하게 스트레스 업무에 매일 사람 진 빠지고 진짜 너무 아주 크게 무척 고단한 그 진짜 슬픈 너무 심하고 슬프게 긴 그 긴 매일 긴 무거운 야근과 아주 길고 심각 엄청 지친 아주 너무 사람 피 말려 진짜 아주 피가 무척 전부 마를 최고 가장 엄청 진짜 무서운 참 그 아주 지독 엄청 극도의 너무 가장 나쁜 엄청 진짜 매일 진짜 심한 최고 심하게 많은 억울 업무 너무 피곤 진짜 엄청 심각 아주 막 너무 진짜 이 엄청 진짜 무척 심장 뛰고 무척 매우 그 힘겨 그 진짜 그 엄청 매우 큰 스트레스에 이제는 완전히 내 정말 완전히 진짜 정말 그 누구보다 이제는 심신이 너무 매우 다 깊고 아주 그냥 한없이 우울 아주 그냥 깊게 늪처럼 너무 지쳤어요.,J'en ai la sainte belle digne flemme de fatigue darde de mon lourd travail très dur mien d'être lassé de fardeau de ces très vaines sombres journées lourdes de burn out vils noirs fiers maux d'or ! ,지치다 = C'est le verbe du gros "Burn Out". Être très lassé usé ou lourdement sans un os fatigué exténué sans plus d'un franc noble soupçon de jus de son souffle physique l'échine mentale vide éreintée d'art.
입맛을 살리다,retrouver l'appétit,뜨거운 엄청 더운 고온 한 너무 무더 너무 더운 아주 불쾌지수 높은 여름철 진짜 심하게 아무것도 진짜 절대 막 엄청 정말 먹기 무척 싫고 진짜 위장이 아파 아무 기운이 없을 축 처지고 기운 하나 없고 그냥 슬프 엄청 정말 아플 진짜 때 고추장 약간 조금 얼음 동 매콤하게 아주 살 맛 나는 조금 진짜 부드럽게 무척 가벼 조금 얼음 같이 된 아주 매콤하고 시원한 한여름 이런 이 음식이 달아난 가출한 한동안 너무 지쳐 다 가출 진짜 가출 내 이 완전 진짜로 완전히 입 다 문 다 죽은 그런 내 이런 정말 없어져 내 완전 이 완전 우울 입맛을 무척 단시간 바로 아주 아주 바로 당장 지금 이 순간 크게 당장 확 진짜 엄청 눈 번뜩 뜨게 참 잘 정말 크게 기가 너무 최고 막 무척이나 살려줍니다.,L'été affreux par grand chaud de misère et mien vil roi repoussoir ce lourd petit piment clair d'or va revigorer ressourcer clair mien estomac vide et redonner grande vie faim crocs mienne la gourmande bête de folle très vive de l'appétit retrouvée roi vif !!,입 = de cru pur lèvres le "bec/bouche" + 맛 = le goût pur d'ici l'or des fins saveurs du lourd mien festin pur + 살리다 = ressusciter ! Rendre au cœur du vivant ce qui fut flétri roi net d'or. (Faire saliver de redonner de la franche fin goulue et franche vive aux gens).
이와 달리,"contrairement à cela, à la 다르다",그녀는 참 밝 엄청 말도 잘하고 웃고 외향 최고 아주 훌륭한 사교적인 사람 엄청 좋아 진짜 그런 밝은 훌륭 매력 인기녀 성격이지만 참 반대로 진짜 여동생이나 그녀 언니는 전부 싹 다 무척 이와 전혀 모든 게 그 반대로 무척 완전 달리 아주 소심하고 완전히 조용하고 아주 말도 수줍고 너무 예쁜 내성적인 여성스럽 참 좋은 조용 진짜 여린 매우 좋은 완전히 반대인 다른 차분 조용한 성격입니다.,Elle fut et jure de son tendre pôle mondain choyée pure star de soirée mais on avoue que de cruelle lisière pur d'or net pur très différente que d'ici pure pur son inverse franc franc d'opposé se dessine l'or de la cadette très mignonne à introversion ! ,이와 (avec ceci ou avec ce qu'on vient d'énoncer très clairement juste de vive voix ici lourd devant ce franc net avant de point en avant ! "Avec ce fait de soi posé ici très devant"). + 달리 (Différemment ! Verbe 다르다 très dévié et devenu un pur saint et lourd Adverbe natif. (Contrairement à ce qui est ci en d'ici purement pur et posé cru !).
지리적인 특징,caractéristiques 지리적 géographiques,수천 년 오래전부터 한국은 예전 산이 온 대륙 무척 국토의 대다수 바위 아주아주 무척 대부분 많고 또 넓은 큰 바다가 삼 황색 전 아주 매우 삼면 전체 삼면으로 크게 아주 넓게 너무 많은 곳에 크게 다 크게 정말 아주 많이 엄청나 주로 크게 환하게 많이 전부 많이 가득 넓게 바다 가득 진짜 다 너무 파랗 큰 동해 남해 진짜 엄청 크게 많이 그냥 모두 엄청 전체 열려 있는 건 사실 오랜 한국 아주 멋 옛날부터 한국 우리 아름 조그만 참 신기한 매력 한국 모든 우리 예 땅의 놀 엄청 큰 아주 이 엄청난 자연 거대한 떼려 수 없 지리적인 바다 이런 큰 참 특징입니다.,Le fier massif pur mont roi clair très d'or de roc escarpé les rives très belles des francs bleus pures lourd francs et mers aux nettes franches sur 3 pures péninsulaires faces pleines douces rois ceinte forment indéniablement et pour tout fin géo la pur nette belle identité à son lourd topologique profil ! ,지리 = géographie chiffrée de la très sainte lourd forme géo physique terre de l'espace roi net et pur d'or. + 적인 (suffixe possessif ou d'adjectif qualificatif très formel) + 특징 = Le particularisme le plus flagrant / les traits ou les atouts distinctifs les francs points chouettes rois choyés durs francs de démarque ou caractéristiques franches claires.
-에 위치하다,être situé 위치 (poser/à),저희 수백 개 기업 중 훌륭 무척이나 정말 최고 너무 매우 제일 매우 잘 나 진짜 멋진 크게 크고 우리 크 아주 유명세 타 완전 참 예쁜 아주 모든 사람 가 아주 큰 이 거 커 이 세 진짜 아주 커 좋 큰 새 최고 인테리 디자인 회사 멋 건물은 저희 본 이 회사는 놀 서울 최고 땅 참 중심 한가운 서울 그 가장 모든 엄청 시가 모 번화 큰 가 진짜 최고 노른 서울 그 아주 사람 가 최고의 번화 한 복 강남 아주 비싸고 참 너무 이 엄청 크 진짜 훌륭한 건 그 강 가운데 크 떳 멋 무사 그 빌 아주 중심 자리 진짜 거 예쁘 가운데 안전 아주 잘 모두가 부 우뚝 중심 한 당 가운데 전부 모두 자리 잡 멋진 자리 이 크게 최고 좋 가장 빛 한가 잘 멋 제일 중앙 딱 위 중앙 자리 가운데 아주 딱 당당 너무 멋지 이 빌 가장 한 아주 멋 최고 위치 정확히 크 가운데 딱 서 조용 아름 한 좋게 잘 서 안전 모두 자랑 정 한 가운데 딱 서 위 잘 훌 위 참 강 이 빌 가장 아름 모두 보 당 위 아주 굳 위치 서 제일 위치 조용한 훌륭 한 센터 빛 정확 센터 건물 크 당 서 딱 이 그 가장 웅 위 그 건물 그 아주 크게 조용한 훌 한 가장 무 위치하고 지금 한 한 위치 가장 서 위 모두 너무 무 하고 조용 크게 아주 가장 모든 당 아름 센터 있습니다.,Le vif et pur et gros bloc gratte ciel pur vif à nos doux et frais francs bureaux mien doux tendre très majestueux roi lourd clair roi du beau roi franc centre chic vif s'érigent net fièrement avec un doux panache chouette posé ancré très franc net d’or clair roi dans les chouettes rues en pur très roi clair lourd cœur lourd franc tendre d'or chou de Gagnam vif !",위치 = d'une franche pur belle position géolocalisée (S'y tenir d'une pure coordonnée mathématique latitude X de croisement ou position physique). + (하다) Verbe (Avoir). = Résider ou s'y positionner comme posé logé s'élevé installé au très franc clair endroit tel là-bas très clair ancré roi tendre. (Souvent utilisé pour situer pur les gares lourd édifices rois bâtiments).
차갑다,"être froid (au toucher), 차가운",겨울철 밖에서 오래 논 아이를 만지니 두 손이 무척 얼음처럼 차갑습니다.,En touchant l'enfant qui a joué dehors je sens que ses mains sont froidures.,차갑다 = Le contraire de 뜨겁다 (chaud). C'est froid d'état au touché d'un objet d'une main d'un bloc de glace/marbre ou de tempérament glacial chic crâne ! Pas le ciel ou la météo qui se nomme "추운" froid !! Seulement le froid dur très lourd au touché de main. (Froid).
별미,"mets délicat, spécialité",우리가 매일 보통 즐겨 먹진 않지만 어쩌다 가끔 한 번 먹는 엄청 맛있는 별미입니다.,Ce n'est pas ce que l'on mange de coutume mais c'est une spécialité délicate rare.,별 = Séparé/Étoile ou chose rare. 미 = Le goût. Mets délicat d'exception à manger.
별미 중의 별미,le meilleur des 별미 mets (délice des délices),겨울밤 따끈한 어묵 진짜 무척 맛있는 이 국물은 진짜 맛있는 최고의 아름다운 훌륭한 너무 좋은 그 별미 중의 별미입니다.,Le doux bouillon chaud aux nuits de plein hiver est le meilleur de tous les délices purs !,별미 (délice) + 중의 (parmi). Le délice des délices absolu ! 
이겨 내다,"surmonter, endurer 과제",어려운 크고 긴 슬픈 큰 이 시험도 무사히 혼자 내 힘으로 제일 최선을 다해 좋은 성적으로 다 완전히 진짜 다 부수고 이겨 냈습니다.,J'ai surmonté et vaincu l'obstacle dur mien du test par de franches bonnes notes d'effort !,이겨 (Vaincre avec acharnement crâne sueur et gagner vif net) + 내다 (Pourchasser le vif du mal en triomphe fin ! Arriver et surmonter d'or pur franc d'achèvement !).