한글,French,Example Sentence,Translated Sentence,Explanation
1과,,,,
사회자,"animateur, maître de cérémonie",오늘 행사의 사회자는 김민수 씨입니다.,L'animateur de l'événement d'aujourd'hui est M. Kim Minsu.,"Personne qui dirige/présente un événement, réunion ou émission. Rôle formel et responsable."
동호회,"club, association d'intérêt",사진 동호회에 가입했어요.,J'ai rejoint un club de photographie.,Groupe de personnes partageant un hobby/passion commune. Structure sociale très populaire en Corée.
-에 참석하다,"assister à, être présent",오늘 회의에 참석할 수 있어요?,Peux-tu assister à la réunion aujourd'hui ?,"Verbe formel pour ""être présent"" à un événement officiel (réunion, cérémonie)."
신입 회원,nouveau membre,신입 회원을 환영합니다!,Bienvenue aux nouveaux membres !,Désigne une personne qui vient de rejoindre un groupe/organisation. Souvent accompagné d'un accueil chaleureux.
가입 동기,motivation d'adhésion,가입 동기를 말씀해 주세요.,Veuillez nous parler de votre motivation pour rejoindre le club.,Raison personnelle pour laquelle on rejoint un groupe. Question typique lors de présentations.
망설이다,hésiter,가입할까 말까 망설이고 있어요.,J'hésite à m'inscrire ou non.,Exprimer l'indécision avant de prendre une décision. Sentiment d'incertitude.
생활에 변화를 주다,apporter un changement à sa routine,운동으로 생활에 변화를 주고 싶어요.,Je veux apporter un changement à ma routine par le sport.,Expression pour briser la monotonie et introduire de la nouveauté dans son quotidien.
가입하다,"s'inscrire, adhérer",헬스장에 가입했어요.,Je me suis inscrit à la salle de sport.,Verbe d'action pour devenir membre officiel d'un groupe/service.
마음이 통하다,se comprendre mutuellement,우리는 마음이 통하는 친구예요.,Nous sommes des amis qui se comprennent.,Expression idiomatique pour une connexion émotionnelle profonde. Complicité naturelle.
국어국문학과,département de langue et littérature coréennes,저는 국어국문학과 학생이에요.,Je suis étudiant en langue et littérature coréennes.,Filière universitaire spécialisée dans l'étude du coréen classique et moderne.
정보를 얻다,obtenir des informations,인터넷에서 정보를 얻었어요.,J'ai obtenu des informations sur Internet.,Collocation courante pour acquérir des connaissances/données.
제대하다,être libéré du service militaire,작년에 제대했어요.,J'ai été libéré de l'armée l'année dernière.,Verbe spécifique à la fin du service militaire obligatoire (pour les hommes coréens). Étape importante de la vie.
씩씩하다,"être plein d'énergie, courageux",새 회원이 참 씩씩해 보여요.,Le nouveau membre a l'air très énergique.,"Qualité positive décrivant quelqu'un de dynamique, vaillant et déterminé."
잘하기는요. 아직 멀었어요.,Je ne suis pas si bon. J'ai encore du chemin.,한국어 잘하시네요! - 잘하기는요. 아직 멀었어요.,"Vous parlez bien coréen ! - Je ne suis pas si bon, j'ai encore du chemin.",Expression de modestie typiquement coréenne pour rejeter poliment un compliment.
부족하니까 많이 도와주세요.,"Je ne suis pas assez bon, aidez-moi beaucoup SVP.",경험이 부족하니까 많이 도와주세요.,"Je manque d'expérience, merci de m'aider.",Formule humble pour solliciter le soutien des autres. Valorise l'harmonie du groupe.
저렴하다,"être abordable, bon marché",가격이 저렴해서 자주 가요.,Le prix est abordable donc j'y vais souvent.,Adjectif positif pour un bon rapport qualité-prix. Plus poli que 싸다.
시급,salaire horaire,시급이 얼마예요?,Quel est le salaire horaire ?,Terme de rémunération pour emplois à temps partiel ou intérim.
사회를 맡다,animer/modérer un événement,이번 행사 사회를 맡게 됐어요.,J'ai été chargé d'animer cet événement.,Expression pour être responsable de la conduite d'une cérémonie/réunion.
앞으로 나오다,"venir devant, s'avancer",발표자는 앞으로 나와 주세요.,"Les présentateurs, veuillez vous avancer.","Mouvement physique vers l'avant, typique lors de présentations publiques."
경험을 쌓다,accumuler de l'expérience,여러 활동으로 경험을 쌓고 있어요.,J'accumule de l'expérience par diverses activités.,Collocation fixe pour le développement professionnel/personnel.
들르다,"passer par, faire un détour",집에 가는 길에 카페에 들렀어요.,Je suis passé au café en rentrant.,Visite courte et souvent non planifiée lors d'un trajet.
뽑다,"choisir, élire, sélectionner",회장을 뽑았어요.,Nous avons élu un président.,"Verbe pour sélection formelle (vote, casting, tirage)."
진행을 하다,conduire/diriger (une réunion),회의 진행을 제가 할게요.,Je vais diriger la réunion.,Expression formelle pour gérer le déroulement d'un événement.
돌아가면서 소개를 하다,se présenter à tour de rôle,돌아가면서 자기소개를 해 볼까요?,Et si on se présentait chacun son tour ?,Pratique courante lors de premières réunions de groupe.
-이라고 불러 주세요.,Appelez-moi... SVP,저는 민호라고 불러 주세요.,"Appelez-moi Minho, s'il vous plaît.",Formule polie pour indiquer son nom préféré/surnom.
-고 싶은 마음이 생기다,avoir envie de faire (qqch),여행 가고 싶은 마음이 생겼어요.,J'ai eu envie de voyager.,"Expression pour un désir naissant, une motivation émergente."
정확하다,"être précis, exact",정보가 정확해요.,L'information est précise.,Qualifie des données/faits vérifiés et corrects.
신고식,cérémonie d'initiation,신입생 신고식이 있어요.,Il y a une cérémonie d'initiation pour les nouveaux.,"Rituel de bienvenue, parfois éprouvant selon les contextes (clubs, armée)."
마음의 여유를 찾다,retrouver la sérénité,명상으로 마음의 여유를 찾았어요.,J'ai retrouvé la paix intérieure par la méditation.,Expression pour le bien-être mental et la détente psychologique.
도보 여행,"voyage à pied, randonnée",제주도 도보 여행을 했어요.,J'ai fait une randonnée à Jeju.,"Tourisme lent et contemplatif, très populaire en Corée."
구석구석,"dans tous les recoins, partout",서울 구석구석을 다녀봤어요.,J'ai exploré tous les recoins de Séoul.,Expression imagée pour une exploration exhaustive.
공지되다,être annoncé publiquement,일정이 공지됐어요.,Le calendrier a été annoncé.,"Forme passive pour communication officielle (affichage, mail)."
입금하다,"faire un dépôt, virer",회비를 입금했어요.,J'ai versé la cotisation.,Action bancaire courante pour paiements/cotisations.
연 1회,"une fois par an, annuel",연 1회 정기 총회가 있어요.,Il y a une assemblée générale annuelle.,"Expression de fréquence formelle, typique des statuts d'associations."
정기 모임,réunion régulière,매월 둘째 주에 정기 모임이 있어요.,La réunion régulière a lieu la deuxième semaine de chaque mois.,"Rencontre planifiée selon un calendrier fixe (clubs, comités)."
정보를 나누다,partager des informations,회원들과 정보를 나눴어요.,J'ai partagé des informations avec les membres.,Échange collaboratif de connaissances/données.
-에 참여하다,participer à,봉사 활동에 참여했어요.,J'ai participé à une activité bénévole.,Verbe d'engagement actif dans une activité.
피겨 스케이팅,patinage artistique,피겨 스케이팅을 배우고 있어요.,J'apprends le patinage artistique.,Sport olympique combinant technique et grâce.
함께하다,"être ensemble, partager",즐거운 시간을 함께했어요.,Nous avons passé un moment agréable ensemble.,Verbe pour compagnie et expériences partagées.
아이스 댄싱,danse sur glace,아이스 댄싱 공연을 봤어요.,J'ai vu un spectacle de danse sur glace.,"Discipline de patinage en couple, très chorégraphiée."
-을 중심으로,"centré sur, autour de",초보자를 중심으로 수업을 해요.,Les cours sont centrés sur les débutants.,Expression pour indiquer le focus principal d'une activité.
하나가 되다,"ne faire qu'un, être unis",우리 팀은 하나가 됐어요.,Notre équipe ne fait qu'un.,Métaphore d'unité et cohésion de groupe.
초보자,"débutant, novice",저는 아직 초보자예요.,Je suis encore débutant.,"Personne en phase d'apprentissage, sans expérience."
도전하다,"relever un défi, tenter",새로운 취미에 도전했어요.,J'ai tenté un nouveau hobby.,Verbe positif d'engagement courageux dans l'inconnu.
즐기다,"apprécier, profiter de",음악을 즐기며 살아요.,Je vis en profitant de la musique.,Attitude hédoniste et positive envers une activité.
전문가,"expert, spécialiste",그 분은 요리 전문가예요.,C'est un expert en cuisine.,Personne hautement qualifiée dans un domaine.
기본적이다,"être basique, fondamental",기본적인 규칙을 배워요.,On apprend les règles de base.,Qualifie les éléments essentiels d'un apprentissage.
-는 시간을 갖다,prendre le temps de (faire qqch),회원들과 대화하는 시간을 가졌어요.,Nous avons pris le temps de discuter entre membres.,Expression pour activités délibérées et valorisées.
방문하다,visiter (un lieu),박물관을 방문했어요.,J'ai visité le musée.,Verbe formel de déplacement vers un lieu précis.
맛을 보다,"goûter, essayer (nourriture)",여러 음식 맛을 봤어요.,J'ai goûté plusieurs plats.,Expression culinaire pour découverte de saveurs.
번개 모임,"rencontre spontanée, flash mob",주말에 번개 모임 할까요?,On fait une rencontre impromptue ce week-end ?,Rassemblement organisé rapidement via réseaux sociaux.
모임을 갖다,"tenir une réunion, se rassembler",다음 주에 모임을 가져요.,Nous aurons une réunion la semaine prochaine.,Expression formelle pour organiser un rassemblement.
뜨거운 관심을 갖다,être passionné par,환경 문제에 뜨거운 관심을 가져요.,Je suis passionnément intéressé par les questions environnementales.,Métaphore intense pour un intérêt profond et engagé.
인생,vie (existence),인생은 짧아요.,La vie est courte.,Terme philosophique pour l'existence humaine globale.
사물놀이,musique traditionnelle sur 4 percussions,사물놀이 공연이 멋있었어요.,La performance de samulnori était magnifique.,"Art traditionnel coréen dynamique et énergique (장구, 징, 꽹과리, 북)."
타악기,instrument de percussion,타악기를 배우고 싶어요.,Je veux apprendre les percussions.,"Famille d'instruments frappés (tambours, cymbales, etc.)."
기초,"bases, fondamentaux",기초부터 다시 배워요.,Je réapprends depuis les bases.,Fondations essentielles d'une discipline.
전국,"à l'échelle nationale, tout le pays",전국에서 모였어요.,Des gens de tout le pays se sont rassemblés.,Portée géographique maximale en Corée.
긴급 구호가,secouriste d'urgence,긴급 구호가로 활동했어요.,J'ai travaillé comme secouriste d'urgence.,Professionnel intervenant en situations de crise humanitaire.
-을 모으다,"rassembler, collecter",기부금을 모으고 있어요.,Nous collectons des dons.,"Verbe d'accumulation (objets, fonds, personnes)."
건강 관리,gestion de la santé,건강 관리를 잘 해야 해요.,Il faut bien gérer sa santé.,"Pratiques préventives (alimentation, sport, sommeil)."
여행 경비,frais de voyage,여행 경비를 절약했어요.,J'ai économisé sur les frais de voyage.,Budget nécessaire pour déplacements et séjours.
마련하다,"préparer, mobiliser (fonds/ressources)",자금을 마련했어요.,J'ai mobilisé les fonds.,Verbe d'organisation logistique/financière.
오지,"région isolée, contrée reculée",아프리카 오지에 갔어요.,Je suis allé dans une région reculée d'Afrique.,"Zones géographiques difficiles d'accès, peu développées."
소 똥,bouse de vache,소 똥을 연료로 쓰는 곳도 있어요.,"Dans certains endroits, on utilise la bouse comme combustible.",Matière organique parfois utilisée traditionnellement.
-에 머무르다,"séjourner, rester à",호텔에 3일 머물렀어요.,J'ai séjourné 3 jours à l'hôtel.,Verbe de durée pour hébergement temporaire.
벌레,"insecte, vermine",방에 벌레가 있어요.,Il y a des insectes dans la chambre.,Terme générique pour petits animaux rampants/volants.
말라리아,paludisme,말라리아 예방약을 먹어요.,Je prends un traitement antipaludique.,Maladie tropicale transmise par moustiques.
독하다,"être fort, puissant (goût/odeur)",이 약은 냄새가 독해요.,Ce médicament a une odeur forte.,Intensité désagréable ou dangereuse.
약이 독하다,le médicament est fort,약이 독해서 조심해야 해요.,"Le médicament est fort, il faut faire attention.",Avertissement sur la puissance/effets secondaires.
이동하다,"se déplacer, bouger",다른 장소로 이동했어요.,Nous nous sommes déplacés vers un autre endroit.,Mouvement d'un point A à un point B.
목적지,destination,목적지에 도착했어요.,Nous sommes arrivés à destination.,Point final d'un voyage ou trajet.
태워주다,"déposer en voiture, donner un lift",집까지 태워줄게요.,Je vais te déposer chez toi.,Acte de courtoisie de transport.
장의차,corbillard,장의차를 봤어요.,J'ai vu un corbillard.,Véhicule funéraire pour transport de cercueil.
10일 이상,plus de 10 jours,10일 이상 여행했어요.,J'ai voyagé plus de 10 jours.,Expression de durée minimale.
신문에 나다,paraître dans le journal,우리 동호회가 신문에 났어요.,Notre club est paru dans le journal.,"Être médiatisé, gagner en visibilité publique."
계기,"occasion, opportunité, déclencheur",이 일이 계기가 됐어요.,Cet événement a été le déclencheur.,Élément qui provoque un changement ou décision.
난민촌,camp de réfugiés,난민촌에서 봉사했어요.,J'ai fait du bénévolat dans un camp de réfugiés.,Zone d'accueil temporaire pour personnes déplacées.
-을 살리다,sauver (une vie),환자의 생명을 살렸어요.,Ils ont sauvé la vie du patient.,"Verbe d'intervention vitale (médical, sauvetage)."
도움을 구하다,chercher de l'aide,응급 상황에 도움을 구했어요.,J'ai cherché de l'aide en situation d'urgence.,Demander assistance dans la détresse.
마음먹다,"se décider, prendre une résolution",유학 가기로 마음먹었어요.,J'ai décidé de partir étudier à l'étranger.,Verbe d'engagement mental ferme.
삶,vie (existence quotidienne),삶이 힘들어요.,La vie est difficile.,Terme concret pour l'existence vécue au jour le jour.
사는 방식,"mode de vie, manière de vivre",사는 방식이 달라요.,Notre mode de vie est différent.,Style personnel d'organisation et de valeurs.
,,,,
2과,,,,
이야기를 나누다,"discuter, converser",친구와 이야기를 나누며 시간을 보냈어요.,J'ai passé du temps à discuter avec un ami.,Échange informel et profond de pensées/expériences.
방송에 나오다,passer à la TV,그 가수가 방송에 나왔어요.,Ce chanteur est passé à la TV.,Apparition médiatique publique sur une émission.
꾸준히,"régulièrement, de façon constante",꾸준히 공부하면 실력이 늘어요.,"Si on étudie régulièrement, on progresse.",Insiste sur la persévérance sans interruption.
운영하다,"gérer, exploiter",클럽을 운영해요.,Je gère le club.,Administration quotidienne d'une organisation/entreprise.
막걸리,makgeolli (alcool de riz),막걸리 한 잔 드실래요?,Vous voulez un verre de makgeolli ?,"Boisson traditionnelle trouble, fermentée, populaire en Corée."
전문점,magasin spécialisé,막걸리 전문점에 가요.,Allons dans une boutique spécialisée en makgeolli.,Commerce dédié à un produit unique ou niche.
원래,"à l'origine, habituellement",원래는 조용한 사람이었어요.,"À l'origine, c'était une personne calme.",État initial ou situation normale avant changement.
지역,"région, quartier",지역 축제가 열려요.,Il y a un festival local.,"Zone géographique spécifique (ville, quartier)."
그러던 어느 날,et puis un jour,그러던 어느 날 큰 기회가 왔어요.,"Et puis un jour, une grande opportunité est arrivée.",Transition narrative pour un événement inattendu.
관심을 가지다,s'intéresser à,한국 문화에 관심을 가졌어요.,Je me suis intéressé à la culture coréenne.,Développer un intérêt conscient pour un sujet.
격려하다,encourager,친구를 격려해 주세요.,Encouragez votre ami.,Donner du courage/motivation à quelqu'un.
용기가 생기다,trouver du courage,그 말을 듣고 용기가 생겼어요.,Ces mots m'ont donné du courage.,Émergence soudaine de bravoure/confiance.
트로트,trot (musique pop coréenne),트로트 가수를 좋아해요.,J'aime les chanteurs de trot.,"Genre musical sentimental, populaire chez les seniors."
인기상을 타다,remporter le prix de popularité,트로트 경연에서 인기상을 탔어요.,J'ai gagné le prix de popularité au concours de trot.,Award basé sur les votes du public/spectateurs.
상금,argent du prix,상금 100만 원을 받았어요.,J'ai reçu 1 million de wons de prix.,Récompense monétaire d'un concours/événement.
조언 한 말씀 부탁드립니다.,Je vous demande un conseil.,"선배님, 조언 한 말씀 부탁드립니다.","Senior, un conseil s'il vous plaît.",Formule polie pour solliciter un avis expérimenté.
완벽하다,être parfait,이 계획은 완벽해요.,Ce plan est parfait.,"Sans défaut, idéal dans tous les aspects."
생활 속에서,dans la vie quotidienne,생활 속에서 배워요.,On apprend dans la vie de tous les jours.,Contexte du quotidien domestique/routinier.
이만큼,"à ce point, autant",이만큼 노력했어요.,J'ai tant travaillé.,Mesure d'intensité/effort accompli.
자꾸,"sans cesse, repeatedly",자꾸 잊어버려요.,J'oublie tout le temps.,Répétition agaçante ou habituelle.
도둑 역할,rôle de voleur,도둑 역할을 맡았어요.,J'ai eu le rôle du voleur.,Personnage antagoniste dans une pièce/théâtre.
인기를 모으다,gagner en popularité,그 코미디언이 인기를 모았어요.,Ce comédien a gagné en popularité.,Accumuler l'affection/admiration du public.
개그맨,"comédien, humoriste",유명 개그맨이에요.,C'est un célèbre humoriste.,Professionnel du rire en TV/sketchs.
대사,réplique (théâtre),대사를 잊어버렸어요.,J'ai oublié ma réplique.,Texte parlé par un personnage.
표정,expression faciale,표정이 자연스러워요.,L'expression faciale est naturelle.,Mouvements du visage transmettant émotions.
동작,"geste, mouvement",동작이 부드러워요.,Les mouvements sont fluides.,Action physique corporelle.
감정을 전달하다,transmettre une émotion,연기가 감정을 잘 전달해요.,Le jeu d'acteur transmet bien les émotions.,Communication non verbale d'états intérieurs.
마임,mime,마임 공연을 봤어요.,J'ai vu un spectacle de mime.,Art du théâtre gestuel sans paroles.
무술,arts martiaux,무술을 수련해요.,Je m'entraîne aux arts martiaux.,Disciplines de combat traditionnelles.
훈련하다,"s'entraîner, dresser",매일 훈련해요.,Je m'entraîne tous les jours.,Entraînement intensif/répétitif.
-을 꿈꾸다,rêver de (faire qqch),스타가 되는 걸 꿈꿔요.,Je rêve de devenir star.,"Aspiration profonde, souvent professionnelle."
무대에 서다,monter sur scène,무대에 서는 게 꿈이에요.,Mon rêve est de monter sur scène.,Débuter une performance publique.
과정이 힘들다,le processus est difficile,준비 과정이 힘들었어요.,Le processus de préparation était dur.,Étapes intermédiaires laborieuses.
원하다,"désirer, vouloir",성공을 원해요.,Je désire le succès.,Volonté consciente et forte.
박수,applaudissements,관객이 박수를 쳤어요.,Le public a applaudi.,Manifestation sonore d'approbation.
초대 손님,invité spécial,유명 가수가 초대 손님이에요.,Un chanteur célèbre est l'invité spécial.,Célébrité invitée pour un événement/show.
역할을 바꾸다,échanger les rôles,역할을 바꿔서 해봤어요.,On a échangé les rôles.,Inversion des personnages assignés.
학습,"apprentissage, étude",효과적인 학습 방법이에요.,C'est une méthode d'apprentissage efficace.,Processus structuré d'acquisition de savoir.
유형,"type, catégorie",어떤 학습 유형인가요?,Quel type d'apprentissage ?,Classification par caractéristiques communes.
자세하게,en détail,자세하게 설명해 주세요.,Expliquez en détail s'il vous plaît.,Niveau de précision élevé/complet.
전체적으로,globalement,전체적으로 봤을 때 좋아요.,"Globalement, c'est bien.",Vue d'ensemble sans focus sur détails.
해당되다,"s'appliquer à, concerner",이 규칙이 해당돼요.,Cette règle s'applique.,Pertinence directe à un cas précis.
깊이,profondément,깊이 생각해 봤어요.,J'y ai profondément réfléchi.,Intensité émotionnelle/intellectuelle.
머리 속으로,dans sa tête,머리 속으로 연습했어요.,J'ai répété dans ma tête.,Pensée silencieuse intérieure.
-을 두려워하다,"craindre, avoir peur de",무대를 두려워해요.,J'ai peur de la scène.,Peur intense et irrationnelle.
생각나는 대로,au fur et à mesure des idées,생각나는 대로 말했어요.,J'ai parlé comme les idées venaient.,"Sans ordre préétabli, spontanément."
틀리게 말하다,se tromper de mots,긴장해서 틀리게 말했어요.,"Stressé, je me suis trompé dans mes mots.",Erreur verbale involontaire.
홀수,nombre impair,"홀수는 1, 3, 5예요.","Les impairs sont 1, 3, 5.",Mathématiques : non divisible par 2.
짝수,nombre pair,"짝수는 2, 4, 6이에요.","Les pairs sont 2, 4, 6.",Mathématiques : divisible par 2.
생각형,type penseur (réfléchit avant d'agir),저는 생각형이에요.,Je suis du type penseur.,Profil psychologique analytique/prudent.
행동형,type acteur (agit avant de réfléchir),친구는 행동형이에요.,Mon ami est du type acteur.,Profil psychologique impulsif/décisif.
순서대로,dans l'ordre,순서대로 진행해요.,On procède dans l'ordre.,Séquence logique/numérotée.
요약하다,résumer,내용을 요약해 주세요.,Résumez le contenu.,Synthèse concise des points essentiels.
줄거리,"intrigue, résumé",영화 줄거리를 알려주세요.,Dis-moi l'intrigue du film.,Résumé narratif d'une histoire.
답답하다,"frustrant, étouffant",상황이 답답해요.,La situation est frustrante.,Sensation d'oppression/impuissance.
순차형,type séquentiel (fait dans l'ordre),순차형 사람이 많아요.,Beaucoup sont du type séquentiel.,Profil qui suit les étapes méthodiquement.
전체형,type global (voit l'ensemble d'abord),전체형으로 접근해요.,Approche globale d'abord.,Profil qui priorise la vue d'ensemble.
대가,"maître, expert",예술 대가예요.,C'est un maître dans l'art.,Sommet de maîtrise dans un domaine.
탱화 작가,peintre de thangka,탱화 작가를 만났어요.,J'ai rencontré un peintre de thangka.,Artiste bouddhiste peignant des rouleaux sacrés.
불교,bouddhisme,불교 사찰에 갔어요.,Je suis allé au temple bouddhiste.,Religion/philosophie d'origine indienne.
-의 매력에 빠지다,être fasciné par,불교의 매력에 빠졌어요.,Je suis fasciné par le bouddhisme.,Chute passionnelle dans l'attrait.
초급 중급 고급,débutant/intermédiaire/avancé,초급부터 고급까지예요.,Du débutant à l'avancé.,Niveaux progressifs d'apprentissage.
얇다,"être fin, mince",종이가 얇아요.,Le papier est fin.,Faible épaisseur.
밑,"dessous, en dessous",책 밑에 있어요.,C'est en dessous du livre.,Position inférieure/inférieure.
베끼다,"tracer, copier",그림을 베껴 그렸어요.,J'ai tracé le dessin.,Reproduction exacte par superposition.
포기하다,abandonner,포기하지 마세요.,N'abandonne pas.,Arrêt définitif d'un effort.
초심,intention initiale,초심을 잃지 마세요.,Ne perds pas ton intention initiale.,Retour à la motivation pure du début.
언어,langue,한국어를 공부해요.,J'étudie la langue coréenne.,Système de communication verbal.
하루아침에 이루어진 것이 아니다.,Ça ne s'est pas fait du jour au lendemain.,성공은 하루아침에 이루어진 게 아니에요.,Le succès ne vient pas du jour au lendemain.,Processus long et graduel.
열정,"passion, ferveur",열정적으로 해요.,Fais-le avec passion.,Énergie émotionnelle intense.
진심으로 사랑하다,aimer sincèrement,진심으로 사랑해요.,Je t'aime sincèrement.,Amour profond et authentique.
,,,,
3과,,,,
발표 주제,topic of a presentation,오늘의 발표 주제는 한국 전통 음식입니다.,Le sujet de la présentation d'aujourd'hui est la cuisine traditionnelle coréenne.,Terme académique désignant le thème central d'un exposé oral. 발표 = présentation + 주제 = sujet/thème.
서론,introduction (of a paper or presentation),서론에서 발표 목적을 먼저 말해야 해요.,Il faut d'abord expliquer l'objectif dans l'introduction.,"Première partie d'un exposé où l'on pose le contexte et la problématique. Structure : 서론 → 본론 → 결론."
이등병,a private (in the army),입대하면 처음에는 이등병부터 시작해요.,"Quand on s'engage, on commence comme soldat de 2e classe.","Grade militaire le plus bas en Corée. Progression : 이등병 → 일등병 → 상등병 → 병장."
본론,body (of a paper or presentation),본론에서 세 가지 예를 들었어요.,J'ai donné trois exemples dans le développement.,"Partie centrale d'un exposé contenant les arguments principaux. Correspond au « développement » en français."
한국 사람치고 모르는 사람이 없다,there's not a Korean who hasn't heard of (something),이 노래는 한국 사람치고 모르는 사람이 없어요.,Il n'y a pas un seul Coréen qui ne connaisse cette chanson.,"Double négation emphatique. -치고 = « pour un... ». Signifie que quelque chose est universellement connu en Corée."
결론,conclusion (of a paper or presentation),결론에서 핵심 내용을 다시 정리했어요.,J'ai résumé les points clés dans la conclusion.,Dernière partie d'un exposé. On y récapitule les idées principales et on donne une ouverture.
세상을 떠나다,"to die (literally, ""to leave the world"")",할아버지가 작년에 세상을 떠나셨어요.,Mon grand-père est décédé l'année dernière.,"Euphémisme poli pour « mourir ». Littéralement « quitter le monde ». Plus respectueux que 죽다."
구성하다,"to form, to make up, to organize",발표를 세 부분으로 구성했어요.,J'ai organisé la présentation en trois parties.,Verbe formel pour structurer/composer un ensemble à partir d'éléments. Utilisé en contexte académique et professionnel.
그리워하다,to miss,고향을 그리워하고 있어요.,Mon pays natal me manque.,"Sentiment de nostalgie envers une personne/lieu absent. Plus profond et littéraire que 보고 싶다."
유익하다,to be useful,이 강의는 정말 유익했어요.,Ce cours était vraiment instructif.,Qualifie quelque chose d'enrichissant et bénéfique intellectuellement. Plus soutenu que 도움이 되다.
음반 재킷,album cover,이 음반 재킷 디자인이 정말 독특해요.,Le design de cette pochette d'album est vraiment unique.,"Emprunt de l'anglais « jacket ». Désigne la couverture/pochette d'un album musical."
요약하다,to summarize,발표 내용을 요약해 주세요.,"Résumez le contenu de la présentation, s'il vous plaît.",Condenser les points essentiels d'un texte ou d'un discours. Compétence clé en milieu académique.
즐겨 듣다,"to listen to often or regularly, to enjoy listening to",요즘 트로트를 즐겨 듣고 있어요.,"Ces jours-ci, j'écoute souvent du trot.","즐겨 = avec plaisir/régulièrement. Implique une habitude volontaire et appréciée, pas une obligation."
강조하다,to emphasize,선생님이 이 부분을 특히 강조하셨어요.,Le professeur a particulièrement insisté sur cette partie.,Mettre en avant un point important dans un discours ou un texte. Compétence essentielle en présentation.
(목소리가) 독특하다,to have a unique voice,그 가수는 목소리가 독특해서 인기가 많아요.,Ce chanteur est populaire car il a une voix unique.,"독특하다 = être singulier/original. Avec 목소리, décrit un timbre reconnaissable entre tous."
또박또박 말하다,"speak clearly and articulately, enunciate",발표할 때 또박또박 말해야 해요.,Il faut articuler clairement lors d'une présentation.,"Mot mimétique (의태어) décrivant une élocution nette, chaque syllabe bien prononcée. Conseil clé pour les exposés."
군대에 가다,"to join the army, to enlist",형이 내년에 군대에 가요.,Mon grand frère part à l'armée l'année prochaine.,"Expression courante pour le service militaire obligatoire (~18 mois). Étape incontournable pour les hommes coréens."
효과적으로,effectively,시간을 효과적으로 사용하세요.,Utilisez votre temps efficacement.,"Adverbe dérivé de 효과적이다. Manière qui produit les résultats souhaités avec un minimum d'effort."
가사,song lyrics,이 노래의 가사가 정말 감동적이에요.,Les paroles de cette chanson sont vraiment émouvantes.,"Texte chanté d'une chanson. ⚠ Ne pas confondre avec 가사 (家事) = tâches ménagères."
시각 자료,visual aid (used in a presentation or lecture),발표할 때 시각 자료를 사용하면 효과적이에요.,Utiliser des supports visuels lors d'une présentation est efficace.,"Images, graphiques ou vidéos utilisés pour renforcer un exposé. 시각 = visuel + 자료 = matériel."
의미,meaning,이 단어의 의미를 설명해 주세요.,"Expliquez-moi le sens de ce mot, s'il vous plaît.",Sens ou signification d'un mot/geste/action. Terme fondamental en apprentissage linguistique.
불필요하다,to be unnecessary,불필요한 내용은 빼세요.,Enlevez le contenu inutile.,"불 (不) = négation + 필요하다 = être nécessaire. Antonyme de 필요하다. Registre soutenu."
입대하다,"to enter the army (for one's compulsory military service), to enlist",그는 스무 살에 입대했어요.,Il s'est engagé dans l'armée à vingt ans.,"Terme formel pour l'incorporation militaire. Plus officiel que 군대에 가다. 입 = entrer + 대 = unité."
헛기침,clearing one's throat,긴장하면 헛기침을 자주 해요.,"Quand je suis nerveux, je me racle souvent la gorge.","헛 = en vain/faux + 기침 = toux. Toux volontaire pour attirer l'attention ou masquer la gêne."
아쉬움이 남다,"to feel that something is missing or incomplete, to regret",시간이 부족해서 아쉬움이 남아요.,Je regrette de ne pas avoir eu assez de temps.,"Sentiment doux de regret ou d'inachevé. Moins fort que 후회 (remords profond). Exprime un manque."
자연스럽게,"naturally, not awkwardly",자연스럽게 대화하듯이 발표하세요.,Présentez comme si vous discutiez naturellement.,"De manière fluide et sans artifice. Conseil clé pour les présentations orales réussies."
더욱,even more,연습하면 더욱 잘할 수 있어요.,"En pratiquant, vous pourrez faire encore mieux.","Adverbe d'intensification, plus soutenu que 더. Fréquent à l'écrit et dans les discours formels."
집중하다,"to concentrate, to focus",발표자의 말에 집중해 주세요.,Concentrez-vous sur les paroles du présentateur.,"集中. 집 = rassembler + 중 = centre. Focaliser toute son attention sur un point précis."
들려주다,"to let (someone) hear, to play (a song for someone)",좋아하는 노래를 들려줄게요.,Je vais te faire écouter ma chanson préférée.,"Forme causative de 듣다. Le suffixe -주다 ajoute la nuance « faire pour quelqu'un »."
충분히,"sufficiently, enough, fully",충분히 연습한 후에 발표하세요.,Présentez après avoir suffisamment pratiqué.,"Adverbe signifiant « assez, pleinement ». Insiste sur le fait d'avoir atteint le seuil nécessaire."
격식체,formal speech style,발표할 때는 격식체를 사용하세요.,Utilisez le style formel lors des présentations.,"Registre de langue formel en coréen (ex : -습니다/-ㅂ니다). Opposé à 비격식체 (informel)."
학자,scholar,세종대왕은 위대한 학자이기도 했어요.,Le roi Sejong était aussi un grand érudit.,Personne consacrée à l'étude et la recherche académique. Titre très respecté dans la culture coréenne.
지원하다,"to apply for (a job, for example)",장학금에 지원했어요.,J'ai postulé pour une bourse.,"Soumettre sa candidature (emploi, bourse, programme). Différent de 신청하다 (demande formelle administrative)."
정치가,politician,그는 유명한 정치가였어요.,C'était un homme politique célèbre.,Personne engagée dans la gestion des affaires publiques. Connotation plus noble que 정치인 (neutre).
현금 인출기,automatic teller machine (ATM),현금 인출기에서 돈을 뽑았어요.,J'ai retiré de l'argent au distributeur.,"현금 = liquide + 인출 = retrait + 기 = machine. Aussi appelé ATM (에이티엠) en konglish."
유학,Confucianism,조선 시대에는 유학이 매우 중요했어요.,Le confucianisme était très important durant la période Joseon.,"儒學. Philosophie de Confucius ayant profondément façonné la société coréenne (hiérarchie, respect des aînés)."
열정적이다,to be passionate,그 선생님은 정말 열정적이에요.,Ce professeur est vraiment passionné.,"열정 (passion) + 적 (suffixe adjectival). Qualité admirée chez les leaders et enseignants."
-에 힘을 다하다,"to devote one's energy to, to dedicate oneself to",과학 연구에 힘을 다했어요.,Il a consacré toute son énergie à la recherche scientifique.,"Expression de dévouement total. 힘 = force/énergie + 다하다 = épuiser/donner tout."
시각 자료,visual aid (used in a presentation or lecture),시각 자료를 미리 준비해 오세요.,Préparez les supports visuels à l'avance.,Rappel important : les supports visuels doivent être préparés avant l'exposé pour un résultat professionnel.
제자,"pupil, student, disciple",공자의 제자들이 유학을 전파했어요.,Les disciples de Confucius ont propagé le confucianisme.,"弟子. Relation maître-élève très respectée en Corée, impliquant un lien profond d'apprentissage."
슬라이드,slide (in a presentation),슬라이드에 글자를 너무 많이 넣지 마세요.,Ne mettez pas trop de texte sur les diapositives.,Emprunt de l'anglais. Page individuelle d'une présentation PowerPoint ou similaire.
발명,invention (of a new device),한글은 세종대왕의 위대한 발명이에요.,Le hangeul est la grande invention du roi Sejong.,"發明. 발 = produire + 명 = clarté. Création d'un nouvel objet ou système inédit."
팥빙수,"red beans over shaved ice, a popular summe treat",여름에는 팥빙수가 최고예요.,"En été, le patbingsu est ce qu'il y a de mieux.","Dessert coréen estival : glace pilée + haricots rouges sucrés + garnitures (떡, fruits, lait condensé)."
정치,politics,정치에 관심이 있어요?,Vous vous intéressez à la politique ?,政治. Domaine de la gestion des affaires publiques et du pouvoir. Sujet fréquent de discussion en Corée.
붕어빵,"carp bread, a fish-shaped pastry filled with red beans",겨울에 길거리에서 붕어빵을 사 먹어요.,"En hiver, on achète des bungeoppang dans la rue.","Pâtisserie en forme de poisson, fourrée aux haricots rouges. Snack hivernal emblématique de la street food coréenne."
경제,economy,한국 경제가 빠르게 성장했어요.,L'économie coréenne a connu une croissance rapide.,經濟. Système de production et d'échange de biens/services. La Corée = « miracle du fleuve Han ».
떠오르다,to come to mind,한국 하면 김치가 떠올라요.,"Quand on pense à la Corée, le kimchi vient à l'esprit.","떠 = flotter + 오르다 = monter. Image d'une idée qui « remonte à la surface » de la conscience."
과학,science,세종대왕은 과학 발전에도 큰 관심을 가졌어요.,Le roi Sejong s'intéressait aussi beaucoup au progrès scientifique.,科學. Ensemble des connaissances obtenues par l'observation et le raisonnement systématique.
길거리,street,길거리 음식을 좋아해요.,J'aime la nourriture de rue.,"길 (chemin) + 거리 (rue). Désigne les rues commerçantes animées, souvent associé à la street food."
예슬,art,한국의 전통 예술이 아름다워요.,L'art traditionnel coréen est magnifique.,"藝術 (예술). Ensemble des créations humaines à visée esthétique (peinture, musique, danse)."
산적,Korean shish kebab,명절에 산적을 만들어 먹어요.,On prépare des sanjeok lors des fêtes traditionnelles.,"Brochettes de viande et légumes sur des pics, plat traditionnel des fêtes coréennes (추석, 설날)."
모든 면에서,"in every area, on every side",세종대왕은 모든 면에서 뛰어난 왕이었어요.,Le roi Sejong était un roi remarquable à tous les égards.,"모든 = tous + 면 = aspect/côté + 에서 = dans. Expression de totalité, sans aucune exception."
(재료를) 꼬치에 끼우다,to put (ingredients) on a skewer,재료를 꼬치에 끼워서 구워요.,On enfile les ingrédients sur une brochette et on les grille.,"꼬치 = brochette/pic + 끼우다 = insérer/enfiler. Geste culinaire de base pour les grillades coréennes."
업적을 남기다,to leave behind lasting achievements,세종대왕은 많은 업적을 남겼어요.,Le roi Sejong a laissé de nombreuses réalisations.,"업적 = accomplissement + 남기다 = laisser derrière soi. S'utilise pour les contributions durables d'une personne."
구워 먹다,"to grill (and eat), to roast",고기를 구워 먹었어요.,On a grillé et mangé de la viande.,"Structure V1-어 V2 indiquant la séquence des actions. 굽다 (griller) + 먹다 (manger)."
지폐,"paper money, bill",만 원짜리 지폐에 세종대왕이 있어요.,Le roi Sejong figure sur le billet de 10 000 wons.,"紙幣. Les billets coréens portent des figures historiques : 세종, 이이, 이황, 신사임당."
궁중 떡볶이,palace-style stir-fried rice cake,궁중 떡볶이는 맵지 않아요.,Le tteokbokki royal n'est pas épicé.,"Version originale servie à la cour royale, à base de sauce soja (간장). Contrairement à la version moderne épicée (고추장)."
존경하다,"to respect, to admire",한국 사람들은 세종대왕을 존경해요.,Les Coréens respectent le roi Sejong.,"尊敬. Admiration profonde pour les qualités/actions de quelqu'un. Plus fort que 존중하다 (respecter les droits)."
조선 시대,the Joseon period,조선 시대는 약 500년 동안 이어졌어요.,La période Joseon a duré environ 500 ans.,"Dynastie coréenne (1392-1897). Époque de grande influence confucéenne et d'invention du hangeul."
인물,"character, historical figure",한국 역사에서 중요한 인물이 많아요.,Il y a beaucoup de personnages importants dans l'histoire coréenne.,"人物. Personne remarquable dans un contexte historique, littéraire ou médiatique."
왕,king,세종대왕은 조선의 네 번째 왕이었어요.,Le roi Sejong était le quatrième roi de Joseon.,"王. Souverain d'un royaume. Les rois de Joseon sont bien connus et étudiés à l'école en Corée."
공통점,something in common,두 사람의 공통점이 뭐예요?,Qu'est-ce que ces deux personnes ont en commun ?,"共通點. 공통 = commun + 점 = point. Antonyme : 차이점 (différence)."
양반,"Yangban, the upper class during the Joseon period",조선 시대에 양반은 학문을 중시했어요.,"Durant Joseon, les yangban accordaient une grande importance aux études.","Classe aristocratique lettrée de la période Joseon. Dirigeaient la société. Système de castes strict."
학문,"learning, one's studies",세종대왕은 학문을 매우 사랑했어요.,Le roi Sejong aimait profondément le savoir.,"學問. Savoir académique approfondi. Plus noble et formel que 공부 (études quotidiennes)."
뿐만 아니라,in addition,한글뿐만 아니라 과학도 발전시켰어요.,"Il n'a pas seulement développé le hangeul, mais aussi les sciences.","Connecteur logique : « non seulement... mais aussi ». Structure : N + 뿐만 아니라."
연구하다,"to research, to study",한국어를 연구하는 학자가 많아요.,Il y a beaucoup de chercheurs qui étudient le coréen.,研究. Investigation systématique et approfondie. Plus formel et académique que 공부하다.
끓이다,"to boil (water or soup, for example)",물을 끓여서 라면을 넣었어요.,J'ai fait bouillir l'eau et j'ai mis les ramens.,"Forme causative : faire bouillir un liquide. À distinguer de 끓다 (bouillir, intransitif)."
의복 문화,"traditional attire (literally, ""clothing culture"")",한국의 의복 문화를 소개해 주세요.,Présentez-nous la culture vestimentaire coréenne.,"衣服文化. Traditions liées aux vêtements (한복, etc.). Reflet de la hiérarchie sociale sous Joseon."
(사람들이) 신기해하다,(people) are amazed,외국인들이 한글을 보고 신기해해요.,Les étrangers sont émerveillés en voyant le hangeul.,"Émerveillement mêlé de curiosité devant quelque chose d'inhabituel. 신기하다 = être étonnant/fascinant."
신분,one's social status,조선 시대에는 신분에 따라 옷이 달랐어요.,Sous Joseon les vêtements variaient selon le statut social.,"身分. Position dans la hiérarchie sociale. Sous Joseon : 양반, 중인, 상민, 천민."
썰다,"to chop, to cut (when cooking)",양파를 잘게 썰어 주세요.,"Hachez finement l'oignon, s'il vous plaît.","Verbe culinaire pour couper en morceaux. Conjugaison irrégulière : 썰다 → 썰어요."
역할,"role, part",한글은 한국 문화에서 중요한 역할을 해요.,Le hangeul joue un rôle important dans la culture coréenne.,"役割. Fonction ou responsabilité assignée. 역할을 하다 = jouer un rôle."
어묵,fish cake,어묵을 국물에 넣어서 끓여요.,On fait cuire le fishcake dans du bouillon.,"Pâte de poisson transformée, très populaire en street food (어묵탕) et dans les plats du quotidien."
관리,"bureaucrat, government official",조선 시대의 관리는 시험을 봐야 했어요.,Les fonctionnaires de Joseon devaient passer un examen.,"官吏. Fonctionnaire d'État. Sous Joseon, recrutés par le 과거 시험 (examen national)."
삶은 계란,boiled egg,떡볶이에 삶은 계란을 넣어 먹어요.,On ajoute des œufs durs dans le tteokbokki.,"삶다 (faire bouillir) + 계란 (œuf). Garniture classique de la street food coréenne."
숨은 그림,hidden picture,지폐 속에 숨은 그림이 있어요.,Il y a des images cachées dans les billets de banque.,"숨다 (se cacher) + 그림 (image). Dispositif anti-contrefaçon sur les billets ou jeu « cherchez et trouvez »."
(양념이) 걸쭉해지다,to thicken (when the seasoning is evenly distributed in a soup),양념이 걸쭉해질 때까지 볶아 주세요.,Faites revenir jusqu'à ce que la sauce épaississe.,"걸쭉하다 = être épais/consistant + -아/어지다 = devenir. Terme culinaire pour la réduction d'une sauce."
반짝이다,"to glitter, to sparkle",밤하늘에 별이 반짝이고 있어요.,Les étoiles scintillent dans le ciel nocturne.,Onomatopée visuelle (의태어). Décrit un éclat lumineux intermittent et délicat.
참깨,sesame seeds,마지막에 참깨를 뿌려 주세요.,Saupoudrez de graines de sésame à la fin.,"Ingrédient omniprésent en cuisine coréenne, utilisé comme garniture et dans l'huile de sésame (참기름)."
숫자,number,지폐에 있는 숫자를 확인하세요.,Vérifiez les numéros sur le billet.,數字. Chiffre ou nombre. Terme générique couvrant toute valeur numérique.
고춧가루,red pepper powder,고춧가루를 넣어야 매운 맛이 나요.,Il faut ajouter du piment en poudre pour que ce soit épicé.,"고추 (piment) + 가루 (poudre). Ingrédient essentiel du kimchi et de nombreux plats coréens."
태극 무늬,Taegeuk pattern (the circular object in the center of the Korean flag),한국 국기에는 태극 무늬가 있어요.,Le drapeau coréen comporte le motif Taegeuk.,"Symbole yin-yang coréen au centre du 태극기. Représente l'harmonie des forces opposées (음/양)."
평가하다,"to assess, to evaluate",발표를 공정하게 평가해 주세요.,Évaluez la présentation de manière équitable.,"評價. Juger la valeur/qualité selon des critères définis. Contexte académique et professionnel."
(빛에) 비추다,to shine a light on,지폐를 빛에 비추면 숨은 그림이 보여요.,"Si on expose le billet à la lumière, on voit les images cachées.",Projeter de la lumière sur un objet. Technique utilisée pour vérifier l'authenticité des billets.
발표 태도,attitude during the presentation,발표 태도도 평가에 포함돼요.,L'attitude lors de la présentation fait aussi partie de l'évaluation.,"발표 = présentation + 태도 = attitude/comportement. Inclut le regard, la posture et l'aisance."
돈을 들어서 비춰 보세요,Try holding the bill up to the light.,진짜인지 확인하려면 돈을 들어서 비춰 보세요.,"Pour vérifier si c'est vrai, tenez le billet face à la lumière.","Phrase pratique pour détecter les faux billets. 들다 = lever + 비추다 = éclairer + 보다 = regarder."
흥미롭다,"interesting, engaging",발표 내용이 매우 흥미로웠어요.,Le contenu de la présentation était très intéressant.,"興味 + 롭다. Plus soutenu que 재미있다. Intérêt intellectuel plutôt que simple divertissement."
위조 지폐,counterfeit currency,위조 지폐를 사용하면 범죄예요.,Utiliser de la fausse monnaie est un crime.,"偽造紙幣. 위조 = contrefaçon + 지폐 = billet. Problème de sécurité monétaire mondial."
눈을 맞추다,to make eye contact,발표할 때 청중과 눈을 맞추세요.,Faites un contact visuel avec le public lors de la présentation.,"눈 = yeux + 맞추다 = accorder/ajuster. Technique de communication essentielle en présentation."
방지하다,"to prevent, to stop (something from happening)",위조를 방지하기 위한 기술이에요.,C'est une technologie pour prévenir la contrefaçon.,防止. Empêcher qu'un événement indésirable ne se produise. Registre formel.
그러므로,"therefore, for that reason",연습이 중요합니다. 그러므로 매일 연습하세요.,"La pratique est importante. Par conséquent, pratiquez tous les jours.","Connecteur logique formel de conséquence. Plus soutenu que 그래서. Utilisé à l'écrit et en exposés."
관심 분야,area of interest,관심 분야가 뭐예요?,Quel est votre domaine d'intérêt ?,관심 = intérêt + 분야 = domaine. Question fréquente en entretien ou présentation personnelle.
수집하다,to collect (items or information),자료를 수집해서 발표를 준비했어요.,J'ai collecté des documents pour préparer la présentation.,收集. Rassembler méthodiquement des objets ou informations. Plus formel que 모으다.
설문 조사,"a survey, a poll",설문 조사를 통해 의견을 모았어요.,Nous avons recueilli les avis à travers un sondage.,設問調査. Méthode de recherche par questionnaire. Outil courant en sciences sociales et marketing.
동영상,video,발표에 동영상을 넣으면 좋아요.,C'est bien d'inclure une vidéo dans la présentation.,"動映像. 동 = mouvement + 영상 = image. Terme standard pour les vidéos numériques."
평가하다,"to assess, to evaluate",서로의 발표를 평가해 봅시다.,Évaluons les présentations les uns des autres.,"L'évaluation par les pairs (동료 평가) est une pratique courante en pédagogie coréenne."
,,,,
4과,,,,
상담실,"counselling room, consultation room",학교 상담실에 가서 선생님과 이야기했어요.,Je suis allé au bureau de conseil pour parler avec le professeur.,Espace dédié aux consultations personnelles ou professionnelles. Lieu de confidentialité et de soutien.
게시판에 글을 올리다,to post (something) on a message board,고민이 있어서 게시판에 글을 올렸어요.,J'avais un problème alors j'ai posté un message sur le tableau d'affichage.,Partager un texte sur un forum ou tableau en ligne. Action courante pour demander conseil ou partager des infos.
사연,"personal story, situation (often used in the media when someone sends in a personal story)",라디오에 사연을 보냈어요.,J'ai envoyé mon histoire personnelle à la radio.,Histoire personnelle touchante partagée avec un animateur ou un public. Souvent utilisé dans les émissions radio.
룸메이트,roommate,룸메이트와 사이좋게 지내고 있어요.,Je m'entends bien avec mon colocataire.,"Personne avec qui on partage une chambre ou un appartement. Emprunt de l'anglais « roommate »."
남,"someone else, other people (someone who is not part of one's immediate circle)",남의 일에 너무 신경 쓰지 마세요.,N'accordez pas trop d'attention aux affaires des autres.,Désigne une personne extérieure à soi ou à son groupe proche. S'oppose à 나 (moi) ou 우리 (nous).
자기,"oneself, one's own",자기 물건은 자기가 챙기세요.,Occupez-vous de vos propres affaires.,"Pronom réfléchi qui renvoie au sujet lui-même. Peut aussi servir de terme affectueux entre couples (« chéri(e) »)."
남의 것을 자기 것처럼 써요,(He) uses other people's things like (his) own,룸메이트가 남의 것을 자기 것처럼 써서 화가 나요.,Mon colocataire utilise les affaires des autres comme si c'était les siennes et ça m'énerve.,Expression pour décrire quelqu'un qui manque de respect envers les possessions d'autrui. Cause fréquente de conflits entre colocs.
-에 넣어 두다,to put in - (for future use),냉장고에 넣어 두면 신선해요.,Si vous le mettez au réfrigérateur ça reste frais.,"넣다 (mettre) + 두다 (laisser en place). La combinaison implique une action faite pour un usage futur."
날이 갈수록 더 심해지다,to get worse with each passing day,룸메이트 문제가 날이 갈수록 더 심해져요.,Le problème avec mon colocataire s'aggrave de jour en jour.,"날이 갈수록 = au fil des jours + 심해지다 = s'aggraver. Exprime une dégradation progressive."
사이가 불편해지다,the relationship becomes awkward or uncomfortable,그 일 이후로 사이가 불편해졌어요.,Depuis cet incident notre relation est devenue gênante.,사이 = relation/entre + 불편하다 = être gêné/mal à l'aise + -아/어지다 = devenir.
냉장고 칸을 나눠 쓰다,to use separate sections of the refrigerator,룸메이트와 냉장고 칸을 나눠 써요.,Je partage le réfrigérateur par sections avec mon colocataire.,Solution pratique pour éviter les conflits entre colocataires. Chacun a son espace désigné.
콩 한 쪽도 나눠 먹다,to share even a single bean (refers to the Korean tendency to view food and possessions as being the property of the community),진정한 친구는 콩 한 쪽도 나눠 먹어요.,Un vrai ami partage même son dernier haricot.,Proverbe coréen sur l'esprit de partage et la générosité en amitié. Valorise l'entraide collective.
인정이 없다,"to be heartless, to be unfeeling, to be cold hearted",그 사람은 인정이 없어서 도와주지 않았어요.,Cette personne est sans cœur et n'a pas aidé.,인정 = humanité/compassion + 없다 = ne pas avoir. Qualifie quelqu'un de froid et indifférent à la souffrance des autres.
얌체 같다,"to be selfish, to think only of oneself",저 사람은 얌체 같아요. 항상 혼자 챙겨요.,Cette personne est vraiment égoïste. Elle pense toujours à elle.,Expression familière et légèrement péjorative pour quelqu'un de profiteur et égocentrique.
이런저런,"various, all kinds of",이런저런 이유로 늦었어요.,Je suis en retard pour toutes sortes de raisons.,Expression vague pour mentionner plusieurs choses sans les détailler. Équivalent de « diverses raisons ».
핑계를 대다,to make excuses,또 핑계를 대고 있어요!,Il est encore en train de faire des excuses !,핑계 = excuse/prétexte + 대다 = avancer/présenter. Présenter une raison peu convaincante pour éviter une responsabilité.
일을 미루다,"to pass (one's work to someone else), to put off (something), to delay",숙제를 미루면 나중에 더 힘들어요.,Si vous repoussez les devoirs ce sera encore plus dur après.,미루다 = reporter/remettre à plus tard. Mauvaise habitude souvent associée à la procrastination.
불평하다,to complain,끊임없이 불평하는 사람은 피곤해요.,Les gens qui se plaignent sans cesse sont épuisants.,불평 = plainte/mécontentement + 하다. Exprimer son mécontentement de manière répétée et négative.
진짜 이해가 안 돼요,I really don't understand,그 사람 행동은 진짜 이해가 안 돼요.,Je ne comprends vraiment pas le comportement de cette personne.,진짜 = vraiment (renforce) + 이해가 안 되다 = ne pas comprendre. Expression de frustration ou d'incrédulité.
당장,"right away, at once",당장 방을 치워야 해요!,Il faut ranger la chambre tout de suite !,"당장 = immédiatement, sans délai. Indique l'urgence ou l'impatience."
노래 한 곡,one song,노래 한 곡만 들을게요.,Je vais juste écouter une chanson.,곡 est le compteur (classificateur) pour les chansons et morceaux musicaux en coréen.
소리를 줄이다,to turn down (the volume),밤늦게는 소리를 줄여 주세요.,"La nuit, baissez le volume s'il vous plaît.",소리 = son/volume + 줄이다 = réduire/diminuer. Expression très utile dans le contexte de la vie en appartement.
감동적이다,"to be touching, to be moving",그 영화는 정말 감동적이었어요.,Ce film était vraiment émouvant.,감동 = émotion profonde/être touché + 적이다. Qualifie quelque chose qui touche le cœur profondément.
장학금,"a financial scholarship, financial support",열심히 공부해서 장학금을 받았어요.,J'ai étudié dur et j'ai obtenu une bourse.,Aide financière accordée aux étudiants méritants ou dans le besoin. Très recherchée en Corée.
환경을 보호하다,to protect or preserve the environment,우리 모두 환경을 보호해야 해요.,Nous devons tous protéger l'environnement.,환경 = environnement + 보호하다 = protéger. Expression clé dans les campagnes écologiques coréennes.
아니긴 뭐가 아니야,Of course it is! (used to strongly contradict what someone else has said),그게 문제가 아니라고? 아니긴 뭐가 아니야!,Ce n'est pas un problème ? Bien sûr que si !,"Réfutation émotionnelle et directe. Littéralement : « Qu'est-ce qui n'est pas... ? » = bien sûr que si !"
얼굴에 고민이 있다고 쓰여 있어,"It's clear that you are struggling with something (""It's written on your face that you have a dilemma"")",얼굴에 고민이 있다고 쓰여 있어. 무슨 일이야?,Ton visage dit clairement que tu te poses des questions. Qu'est-ce qu'il se passe ?,Expression imagée et bienveillante pour remarquer qu'on voit la préoccupation de quelqu'un sur son visage.
반대하다,"to be against, to oppose (i.e.. someone's plans)",부모님이 내 계획에 반대하셨어요.,Mes parents se sont opposés à mon plan.,반대 = opposition/contraire + 하다. Exprimer son désaccord actif face à une décision ou projet.
안정된 생활을 하다,to have a stable lifestyle,취직 후에 안정된 생활을 하고 싶어요.,Après avoir trouvé un emploi je veux mener une vie stable.,안정되다 = être stable/sécurisé + 생활 = mode de vie. Aspiration très commune chez les jeunes coréens.
때로는,"sometimes, from time to time",때로는 혼자만의 시간이 필요해요.,Parfois on a besoin de temps pour soi.,"Adverbe de fréquence indiquant l'occasionnel, équivalent de « parfois » ou « de temps à autre »."
효과적이다,to be effective,이 방법이 가장 효과적이에요.,Cette méthode est la plus efficace.,효과 = effet/résultat + 적이다. Qualifie quelque chose qui produit les résultats attendus.
쑥스럽다,"to be shy, to feel uncomfortable",칭찬을 들으면 쑥스러워요.,Je deviens gêné quand on me fait des compliments.,"Sentiment de timidité ou de malaise, souvent dans des situations sociales. Plus doux que 부끄럽다."
성공하다,to succeed,열심히 노력하면 성공할 수 있어요.,Si on travaille dur on peut réussir.,성공 = succès + 하다. Atteindre un objectif important. Très valorisé dans la culture coréenne.
밥이나 사,Just by me a meal sometime (a way to respond to someone who is thanking you for doing them a favour),도와줘서 감사해요! - 괜찮아요. 나중에 밥이나 사.,Merci de m'avoir aidé ! - Pas de souci. Tu m'achètes à manger une prochaine fois.,Réponse coréenne classique pour minimiser un service rendu. Preuve de modestie et de convivialité.
문화 차이,cultural difference,룸메이트와 문화 차이로 오해가 생겼어요.,Des malentendus sont nés des différences culturelles avec mon colocataire.,문화 = culture + 차이 = différence. Concept clé pour comprendre les tensions entre personnes de pays différents.
존댓말을 쓰다,to use respectful or honorific language,처음 만난 사람에게는 존댓말을 써야 해요.,Il faut utiliser le langage respectueux avec les personnes qu'on rencontre pour la première fois.,존댓말 = langage honorifique coréen. Système linguistique qui reflète les relations sociales et l'âge.
도움이 되다,to be helpful,이 조언이 많은 도움이 됐어요.,Ce conseil a été très utile.,도움 = aide + 이 되다 = devenir/être. Exprimer que quelque chose a eu un effet bénéfique.
사연을 올리다,"to submit a story (to radio, TV, etc)",라디오에 사연을 올렸는데 방송됐어요.,J'ai envoyé mon histoire à la radio et elle a été diffusée.,올리다 = poster/soumettre + 사연 = histoire personnelle. Action de partager son vécu avec un large public médiatique.
챙겨 주다,to take good care of (a person),친구가 항상 저를 챙겨 줘요.,Mon ami prend toujours bien soin de moi.,챙기다 = s'occuper/veiller sur + -아/어 주다 = faire pour quelqu'un. Geste de sollicitude et d'attention envers l'autre.
심부름을 시키다,to have (someone) run an errand,자꾸 심부름을 시켜서 힘들어요.,Il m'envoie constamment faire des courses et c'est épuisant.,심부름 = commission/course + 시키다 = faire faire. Faire accomplir une tâche par quelqu'un d'autre.
힘들게 하다,to make things hard for (someone),왜 저를 힘들게 해요?,Pourquoi vous me compliquez la vie ?,힘들다 = être difficile/épuisant + -게 하다 = rendre/faire devenir. Exprimer qu'on est opprimé ou mis à rude épreuve.
심부름을 하다,to run an errand,매일 심부름을 해서 공부할 시간이 없어요.,Je fais des courses tous les jours et je n'ai plus de temps pour étudier.,심부름 = commission + 하다. Accomplir des petites tâches pour quelqu'un. Gestion courante du quotidien.
-기 어렵다,- to be difficult (to do something),혼자 하기 어려워요. 도와주세요.,C'est difficile à faire seul. Aidez-moi s'il vous plaît.,Structure grammaticale : base verbale + -기 어렵다. Exprime la difficulté d'une action.
든든하다,"to feel secure, to feel safe",친구가 옆에 있으면 든든해요.,Quand mon ami est à mes côtés je me sens en sécurité.,Sentiment de réconfort et de sécurité grâce à la présence ou au soutien de quelqu'un.
힘이 세다,to be strong (physically),그 사람은 힘이 정말 세요.,Cette personne est vraiment forte physiquement.,힘 = force/énergie + 세다 = être fort/puissant. Décrit la puissance physique d'une personne.
툭 치다,to tap or punch (i.e.. on the shoulder),친구가 어깨를 툭 쳤어요.,Mon ami m'a donné une tape sur l'épaule.,툭 = onomatopée d'un coup léger + 치다 = frapper. Geste affectueux ou pour attirer l'attention en Corée.
버릇,habit (not 습관),나쁜 버릇을 고쳐야 해요.,Il faut corriger les mauvaises habitudes.,"버릇 = habitude souvent négative ou involontaire, surtout comportementale. Différent de 습관 (habitude neutre ou positive)."
-에 멍이 들다,to be bruised on -,팔에 멍이 들었어요.,J'ai une bleu sur le bras.,멍 = bleu/hématome + 들다 = apparaître/se former. Résultat d'un choc physique sur la peau.
때리다,"to hit, to slap",때리는 것은 절대 안 돼요.,Frapper n'est absolument pas acceptable.,"Verbe général pour frapper quelqu'un. Peut désigner une gifle, un coup de poing, etc."
상사,"boss, superior (at work)",상사에게 보고해야 해요.,Je dois faire un rapport à mon supérieur.,Personne hiérarchiquement supérieure dans le cadre professionnel. Relation sociale très codifiée en Corée.
욕하다,"to curse, to use bad language, to speak badly of (someone)",화가 나도 욕하면 안 돼요.,Même en colère il ne faut pas insulter.,욕 = insulte/grossièreté + 하다. Utiliser un langage grossier ou médire de quelqu'un. Comportement socialement répréhensible.
술자리를 갖다,"to have a drinking party, to go out drinking (as a group)",금요일에 팀원들과 술자리를 가졌어요.,Vendredi nous avons organisé une soirée avec les membres de l'équipe.,술자리 = soirée arrosée + 갖다 = tenir/avoir. Pratique sociale très importante dans la culture professionnelle coréenne.
술자리 분위기가 좋다,the drinking party's atmosphere is good,오늘 술자리 분위기가 정말 좋네요.,L'ambiance de la soirée est vraiment bien ce soir.,분위기 = ambiance/atmosphère. Une bonne ambiance est essentielle pour les soirées de groupe en Corée.
어쩔 수 없이,"unavoidably, something cannot be helped",어쩔 수 없이 참석했어요.,J'ai participé sans vraiment pouvoir faire autrement.,"어쩌다 = que faire + 수 없이 = sans pouvoir. Exprimer qu'on n'avait pas le choix face à une situation."
권하다,"to recommend, to push (alcohol on someone)",술을 자꾸 권해서 거절하기 어려웠어요.,Il continuait à me proposer de l'alcool et c'était difficile de refuser.,"권하다 = recommander/proposer insistamment. Dans le contexte coréen, refuser plusieurs fois est mal perçu."
심리적인 특징,psychological characteristics,사람마다 심리적인 특징이 달라요.,Chaque personne a des caractéristiques psychologiques différentes.,심리적 = psychologique + 특징 = caractéristique/trait. Terme académique utilisé en sciences humaines.
-과 관련이 있다,"to be related to -, to be connected to -",이 현상은 문화와 관련이 있어요.,Ce phénomène est lié à la culture.,관련 = lien/rapport + 있다. Exprimer qu'il existe une connexion entre deux éléments.
인간 관계,"personal relationships, relationships with others",좋은 인간 관계를 유지하는 게 중요해요.,Il est important de maintenir de bonnes relations humaines.,인간 = être humain + 관계 = relation. Terme global pour toutes les interactions sociales interpersonnelles.
단결,"solidarity, unity (especially that shared by a group)",팀의 단결이 성공의 열쇠예요.,La solidarité de l'équipe est la clé du succès.,"단결 = cohésion/union. Valeur collective très appréciée en Corée, surtout en contexte de groupe ou d'entreprise."
기회가 많다,there are many opportunities (to do something),한국에서는 네트워킹 기회가 많아요.,Il y a beaucoup d'opportunités de networking en Corée.,기회 = opportunité/occasion + 많다 = être nombreux. Exprimer l'abondance de possibilités dans un domaine.
지위,"position, rank, status",회사에서 지위가 높아졌어요.,Mon statut dans l'entreprise a augmenté.,Rang que l'on occupe dans une hiérarchie sociale ou professionnelle. Très important en société coréenne.
평소,"usually, normally",평소에는 조용한 사람이에요.,D'habitude c'est quelqu'un de calme.,Désigne le comportement ou l'état habituel dans les circonstances normales. Équivalent de « en temps normal ».
줄어들다,to decrease,요즘 혼밥하는 사람이 늘고 술자리는 줄어들어요.,"Ces jours-ci, de plus en plus de gens mangent seuls et les soirées diminuent.",줄다 (diminuer) + 들다 (entrer/commencer). Indique une réduction progressive et continue.
개인적으로,"on a personal level, personally",개인적으로 이 의견에 동의해요.,Personnellement je suis d'accord avec cette opinion.,개인 = individu + 적으로 = de manière. Marque qu'on donne son point de vue subjectif.
최근,"recently, lately",최근에 한국 드라마가 세계적으로 인기예요.,"Ces derniers temps, les dramas coréens sont populaires dans le monde entier.",최근 = période récente + 에. Adverbe de temps désignant une époque proche du présent.
늘다,to increase,운동 후에 식욕이 늘었어요.,Après l'exercice mon appétit a augmenté.,Verbe intransitif signifiant augmenter/grandir. Antonyme de 줄어들다. S'utilise pour quantités et aptitudes.
,,,,
5과,,,,
다른 게 아니고 좀 물어볼 게 있어서,The thing is I have something to ask you,다른 게 아니고 좀 물어볼 게 있어서 연락했어요.,Je t'ai contacté parce que j'ai quelque chose à te demander.,Expression pour introduire poliment une demande sans passer pour trop direct. 다른 게 아니고 = ce n'est pas autre chose.
방면,"toward, in the direction of (i.e.. the endpoint of a subway line)",이 버스는 강남 방면이에요?,Ce bus va bien vers Gangnam ?,"방면 = direction/côté. Utilisé surtout dans les annonces de métro et bus : « 2호선 강남 방면 »."
2번 출구로 나가다,to go out exit 2,2번 출구로 나가면 바로 보여요.,Si vous sortez par la sortie 2 vous le verrez tout de suite.,출구 = sortie + 번 = numéro. Informations essentielles pour se repérer dans le métro coréen.
나간 방향으로 가다,to go in the direction you came out (of the subway),나간 방향으로 쭉 가세요.,Continuez tout droit dans la direction où vous êtes sorti.,Instruction simple pour guider quelqu'un depuis une sortie de métro ou de bâtiment.
뒤로 돌다,to turn around,뒤로 돌아서 100미터 가세요.,Faites demi-tour et allez 100 mètres.,뒤 = derrière + 돌다 = tourner. Instruction pour faire face à la direction opposée.
건물을 끼고 돌다,to turn at the corner of the building,저 건물을 끼고 오른쪽으로 돌아요.,Tournez à droite au coin de ce bâtiment.,끼다 = coller/longer + 건물 = bâtiment. Instruction détaillée pour tourner en longeant un bâtiment précis.
오른쪽으로 돌다,to turn right,다음 신호에서 오른쪽으로 돌아요.,Tournez à droite au prochain signal.,오른쪽 = droite + 돌다 = tourner. Instruction de navigation très fréquente.
정면에 있다,to be right in front of (someone),학교가 정면에 있어요.,L'école est juste en face.,"정면 = face avant/face. Indique que quelque chose est directement devant soi, sans déviation."
찾다가 잘 모르겠으면 다시 전화해요,Call me back if you have trouble finding it,찾다가 잘 모르겠으면 다시 전화해요. 기다릴게요.,"Si tu as du mal à trouver, rappelle-moi. Je t'attendrai.",Expression bienveillante pour rassurer quelqu'un qui cherche un lieu. Très naturelle dans les échanges informels.
어디 갈 만한 데 알아요?,Do you know any places worth going to?,이 근처에 어디 갈 만한 데 알아요?,Connaissez-vous des endroits qui valent le coup par ici ?,-ㄹ 만한 = qui vaut la peine de. Expression pour demander des recommandations de lieux.
미술 학원,art academy,아이가 미술 학원에 다니고 있어요.,Mon enfant va à un atelier d'art.,"학원 = école privée/académie. Les 학원 sont très populaires en Corée (수학, 영어, 미술, 음악...)."
길을 따라 가다,to follow the road,이 길을 따라 죽 가세요.,Suivez cette route tout droit.,길 = rue/chemin + 따라 = en suivant. Instruction simple pour indiquer un itinéraire à pied.
길을 따라 걷다,to walk along the road,강변을 따라 걸었어요.,On a marché le long de la rivière.,걷다 = marcher. Met l'accent sur l'action de marcher en longeant un chemin ou cours d'eau.
골목,"side street, alley",골목 안에 작은 카페가 있어요.,Il y a un petit café dans la ruelle.,Petite rue secondaire entre les immeubles. Les golmok coréens sont souvent charmants et pleins de petites boutiques.
지나가다,to pass by,편의점을 지나가면 바로 있어요.,C'est juste après avoir dépassé le convenience store.,지나다 = passer + 가다 = aller. Dépasser un point de repère lors d'un trajet.
평범하다,to be ordinary,외관은 평범하지만 음식이 맛있어요.,L'extérieur est ordinaire mais la nourriture est délicieuse.,Qualifie quelque chose de banal sans caractéristique particulière. Ni bon ni mauvais spécialement.
3층짜리 건물,a three-storey building,3층짜리 건물 앞에서 기다려요.,Je t'attends devant le bâtiment de trois étages.,-짜리 = en indique la taille/valeur (aussi 천 원짜리 = pièce de 1000 wons).
눈에 잘 안 띄어요,It doesn't stand out.,간판이 작아서 눈에 잘 안 띄어요.,L'enseigne est petite donc ça ne saute pas aux yeux.,눈에 띄다 = se faire remarquer + 안 = négation. Très utile quand un lieu est difficile à repérer.
세로로 쓰여 있다,to be written vertically,간판이 세로로 쓰여 있어요.,L'enseigne est écrite verticalement.,세로 = vertical + 로 = en direction de + 쓰여 있다 = être écrit. Traditionnellement le coréen s'écrivait de haut en bas.
-이 붙어 있다,"to be attached to -, to be stuck to -",문에 안내문이 붙어 있어요.,Un avis est affiché sur la porte.,붙다 = être collé/attaché + -어 있다 = état résultant. Décrit quelque chose fixé à une surface.
마음껏,to one's heart's content,마음껏 드세요!,Mangez autant que vous voulez !,"마음 = cœur/esprit + 껏 = pleinement. Indique qu'on peut faire quelque chose sans limite, à sa guise."
ㄷ자 모양,in the shape of a ㄷ,건물이 ㄷ자 모양으로 되어 있어요.,Le bâtiment est en forme de ㄷ.,Utilisation de la lettre coréenne ㄷ pour décrire une forme en U ouvert d'un côté. Très coréen comme repère!
천장이 높다,to have a high ceiling,이 카페는 천장이 높아서 시원해요.,Ce café a un plafond haut ce qui le rend aéré.,천장 = plafond + 높다 = être haut. Caractéristique architecturale qui donne une sensation d'espace et de modernité.
갤러리,art gallery (콩글리쉬),갤러리에서 전시회를 봤어요.,J'ai vu une exposition dans une galerie d'art.,"Emprunt de l'anglais « gallery ». En coréen standard on dirait 화랑 ou 미술관, mais 갤러리 est très courant."
우동,udon,우동 한 그릇 시킬게요.,Je vais commander un bol d'udon.,"Nouilles épaisses japonaises très populaires en Corée. On les sert en soupe (국물 우동) ou sautées."
튀김,deep-fried food,우동에 튀김을 곁들여 먹었어요.,On a mangé des tempuras avec l'udon.,"Aliments frits dans une pâte légère. Accompagnement courant avec l'udon ou le 떡볶이."
양쪽,both sides (e.g.. street),길 양쪽에 벚꽃이 피어 있어요.,Des cerisiers sont en fleurs des deux côtés de la rue.,양쪽 = les deux côtés. S'utilise pour indiquer que quelque chose se trouve sur les deux rives ou faces.
기둥,a pillar or column (supporting the roof),건물 앞에 기둥이 있어요.,Il y a des piliers à l'entrée du bâtiment.,Élément architectural vertical porteur. Peut désigner aussi un poteau ou une colonne décorative.
정수장,water treatment plant,이 공원은 옛날 정수장 자리예요.,Ce parc était autrefois l'emplacement d'une station de traitement des eaux.,Lieu où l'eau est purifiée avant distribution. Certains anciens 정수장 à Séoul ont été transformés en parcs.
재활용하다,to recycle,병과 캔은 꼭 재활용해야 해요.,Il faut absolument recycler les bouteilles et les canettes.,재활용 = réutilisation/recyclage + 하다. Pratique obligatoire et très répandue en Corée.
최초,the very first,이 공원은 한국 최초의 생태 공원이에요.,Ce parc est le tout premier parc écologique de Corée.,최초 = le tout premier. Souligne un caractère pionnier et historique.
생태 공원,ecological park,생태 공원에서 다양한 동물을 볼 수 있어요.,On peut voir divers animaux dans un parc écologique.,생태 = écologie + 공원 = parc. Espace naturel préservé intégrant des espèces locales.
촬용지,"movie set, filming location",그 드라마의 촬영지를 방문했어요.,J'ai visité le lieu de tournage de ce drame.,"촬영 = tournage/prise de vue + 지 = lieu. Les lieux de tournage de dramas sont des destinations touristiques populaires en Corée."
잘 꾸며져 있다,to be nicely decorated,공원이 잘 꾸며져 있어서 예뻐요.,Le parc est joliment aménagé et c'est beau.,꾸미다 = décorer/aménager + -어져 있다 = état résultant passif. Décrit un lieu arrangé avec soin.
도시락,lunch box,공원에서 도시락을 먹었어요.,On a mangé nos lunchboxes au parc.,Repas préparé à l'avance dans une boîte. Très populaire pour les sorties et pique-niques en Corée.
야경,"night scape, view at night",한강에서 서울 야경을 봤어요.,On a admiré le panorama nocturne de Séoul depuis l'Han.,야 = nuit + 경 = paysage/vue. Les vues nocturnes de Séoul sont very parmi les plus belles d'Asie.
식물,plant (i.e.. grass),공원에 식물이 많아요.,Il y a beaucoup de plantes dans ce parc.,식물 = végétal/plante. Terme générique pour tout organisme végétal.
행사가 열리다,an event is held,이번 주말에 공원에서 행사가 열려요.,Ce week-end un événement est organisé dans le parc.,행사 = événement + 열리다 = s'ouvrir/se tenir. Forme passive naturelle pour annoncer un événement.
탁 트이다,to be wide open (when one can see the full landscape),전망대에서 보면 시야가 탁 트여 있어요.,Depuis l'observatoire la vue est totalement dégagée.,"탁 = onomatopée d'un espace ouvert + 트이다 = s'ouvrir. Sensation de grand espace, sans obstruction."
일상의 피로를 풀다,to escape the monotony of one's routine,공원 산책으로 일상의 피로를 풀었어요.,J'ai évacué la fatigue quotidienne en me promenant dans le parc.,일상 = quotidien + 피로 = fatigue + 풀다 = relâcher/dénouer. Expression pour se ressourcer après une journée chargée.
해가 지다,the sun sets,해가 지면 한강이 더 아름다워요.,L'Han devient encore plus beau quand le soleil se couche.,해 = soleil + 지다 = se coucher/tomber. Moment magique surtout au bord du fleuve Han.
유람선,"tour boat (on a river), cruise ship",한강에서 유람선을 탔어요.,On a pris un bateau de croisière sur l'Han.,유람 = excursion/promenade + 선 = bateau. Bateau touristique navigant sur un cours d'eau ou en mer.
환상적이다,"to be fantastic, to be amazing",유람선에서 본 야경이 환상적이었어요.,Le panorama nocturne vu depuis le bateau était fantastique.,환상 = fantastique/illusion + 적이다. Qualifie quelque chose d'extraordinaire qui dépasse les attentes.
물이 흐르다,water flows,공원 옆으로 물이 흘러요.,L'eau coule à côté du parc.,물 = eau + 흐르다 = couler. Décrit le mouvement naturel d'un cours d'eau.
배경,"background, backdrop",사진을 찍을 때 배경이 중요해요.,Le fond est important quand on prend des photos.,배경 = arrière-plan/fond. Désigne l'environnement visuel derrière le sujet principal.
공연을 감상하다,to watch a performance,야외에서 공연을 감상했어요.,On a regardé un spectacle en plein air.,감상하다 = apprécier/savourer. Plus que simplement regarder : implique une appréciation artistique active.
분수,fountain (i.e.. in a park),광장에 분수가 있어요.,Il y a une fontaine sur la place.,Jet d'eau décoratif dans un espace public. Points de rendez-vous populaires dans les parcs coréens.
놀이터,"playground, neighbourhood park",아이들이 놀이터에서 놀고 있어요.,Les enfants jouent sur l'aire de jeux.,놀이 = jeu + 터 = espace/terrain. Espace équipé pour les jeux des enfants. Très présent dans les parcs et quartiers coréens.
남녀노소,"men and woman, old and young (everyone, regardless of gender)",남녀노소 모두 즐길 수 있는 공원이에요.,C'est un parc que tout le monde peut apprécier quelle que soit l'âge ou le genre.,Expression idiomatique signifiant « tout le monde sans exception ». 남 = hommes + 녀 = femmes + 노 = vieux + 소 = jeunes.
윈드서핑,windsurfing,한강에서 윈드서핑을 배워 보고 싶어요.,J'aimerais apprendre le windsurf sur l'Han.,Sport nautique combinant surf et voile. Pratiqué sur le fleuve Han avec des conditions favorables.
수상스키,waterskiing,여름에 수상스키를 즐겼어요.,On a profité du ski nautique en été.,"수상 = sur l'eau + 스키 = ski. Sport nautique populaire l'été en Corée, notamment sur le lac Soyang."
야외 수영장,outdoor swimming pool,여름에 야외 수영장이 개방돼요.,Les piscines extérieures ouvrent en été.,야외 = plein air + 수영장 = piscine. Les parcs au bord du fleuve Han ont des piscines estivales accessibles.
나눔 장터,community market,주말에 나눔 장터가 열려요.,Un marché communautaire a lieu le week-end.,나눔 = partage + 장터 = marché. Marché où les habitants échangent ou donnent des objets d'occasion.
즐거움이 두 배가 되다,to double the fun,친구와 함께하면 즐거움이 두 배가 돼요.,Avec un ami le plaisir est multiplié par deux.,두 배 = deux fois + 되다 = devenir. Expression positive sur la valeur du partage des expériences.
전망대,"observatory, lookout point",남산 전망대에서 서울 전체를 볼 수 있어요.,On peut voir tout Séoul depuis l'observatoire de Namsan.,전망 = vue/perspective + 대 = plateforme. Point élevé d'où l'on observe le paysage.
눈썰매장,sledding slope,겨울에 눈썰매장에서 신나게 놀았어요.,On s'est bien amusés sur les pistes de luge en hiver.,눈 = neige + 썰매 = luge + 장 = espace. Piste de luge très appréciée des familles en hiver en Corée.
카페테리아,"cafeteria, food court",공원 안에 카페테리아가 있어요.,Il y a une cafétéria dans le parc.,"De l'anglais « cafeteria ». Espace de restauration en libre-service dans les parcs, écoles ou entreprises."
사계절 내내,"in each season, all year round (""throughout the four seasons"")",이 공원은 사계절 내내 아름다워요.,Ce parc est magnifique tout au long de l'année.,사계절 = quatre saisons + 내내 = pendant tout. Expression soulignant la beauté permanente d'un lieu.
청와대,the Blue House,청와대가 일반에 개방됐어요.,La Maison Bleue a été ouverte au public.,Ancienne résidence officielle du président sud-coréen. Ouverte au public en 2022. Nom littéral = « maison au toit bleu ».
북악산,Bukak Mountain (behind the Blue House),북악산 등산로가 다시 개방됐어요.,Le sentier de randonnée du mont Bugak a été rouvert.,Montagne derrière l'ancienne présidence à Séoul. Longtemps fermée pour raisons de sécurité après l'incident du 21 janvier 1968.
성곽길,the trail following the old city wall,서울 성곽길을 걸어봤어요?,Vous avez essayé de marcher sur le chemin de l'ancienne muraille de Séoul ?,성곽 = enceinte/muraille + 길 = chemin. Sentier touristique longeant les remparts historiques de Séoul.
어디론가,"somewhere (as in ""going somewhere"")",어디론가 여행을 떠나고 싶어요.,J'ai envie de partir quelque part en voyage.,"어디 + 론가 = vers quelque part. Exprime un désir flou de partir, sans destination précise."
화창하다,"to be nice, to be clear (weather)",오늘은 날씨가 화창해요.,Le temps est magnifique aujourd'hui.,Adjectif décrivant un temps clair et ensoleillé. Mot très utilisé lors des bulletins météo coréens.
붐비다,"to be bustling, to be crowded",주말에 한강공원은 정말 붐벼요.,Le parc du fleuve Han est vraiment bondé le week-end.,Décrit un lieu plein de monde et d'animation. Souvent utilisé pour les marchés et parcs populaires.
풍경,"scenery, landscape",가을에는 풍경이 정말 아름다워요.,Le paysage est vraiment magnifique en automne.,풍 = vent/ambiance + 경 = vue. Panorama naturel ou urbain qui s'offre au regard.
1.21 상태,"North Korean commando attack on the Blue House on January 21st, 1968",1.21 사태 이후 북악산이 통제됐어요.,Après l'incident du 21 janvier le mont Bugak a été fermé.,"Tentative d'assassinat du président Park 정희 par des commandos nord-coréens. L'incident a conduit à fermer la zone pendant des décennies."
통제되다,"to be placed off limits, to be closed",보안상의 이유로 이 지역이 통제됐어요.,Cette zone a été fermée pour des raisons de sécurité.,통제 = contrôle/restriction + 되다 = être (passif). Mise en place de restrictions d'accès par les autorités.
개방되다,to be opened to the public,오랫동안 통제됐던 곳이 드디어 개방됐어요.,Le lieu longtemps fermé a enfin été ouvert au public.,개방 = ouverture + 되다. Levée des restrictions permettant l'accès libre à un lieu.
보호되다,"to be protected, to be preserved",이 지역의 자연이 잘 보호되고 있어요.,La nature de cette zone est bien préservée.,보호 = protection + 되다 (passif). Mesures de conservation d'un environnement naturel ou d'un site historique.
신분증을 제시하다,to show one's ID card,입장하려면 신분증을 제시해야 해요.,Pour entrer il faut montrer sa pièce d'identité.,신분증 = carte d'identité + 제시하다 = présenter/montrer. Procédure obligatoire dans les lieux sécurisés.
출입증,a pass (that allows one to enter a certain area),방문자는 출입증을 받아야 해요.,Les visiteurs doivent recevoir un badge d'accès.,출입 = entrée et sortie + 증 = carte/document. Badge autorisant l'accès à une zone réglementée.
목에 걸다,to hang (something) around one's neck,출입증을 목에 걸고 들어가세요.,Mettez votre badge autour du cou avant d'entrer.,목 = cou + 걸다 = accrocher/suspendre. Geste courant pour porter son badge dans les lieux officiels.
평상시,ordinarily,평상시에는 조용한 동네예요.,C'est habituellement un quartier calme.,평상시 = dans les conditions ordinaires. Proche de 평소 mais met encore plus l'accent sur la normalité de la situation.
한참,"for a while, for a long time",한참 동안 기다렸어요.,J'ai attendu un bon moment.,한참 = un long moment/une bonne durée. Exprime une durée subjective qui semble longue.
구조,"structure, composition, organization",이 건물의 구조가 특이해요.,La structure de ce bâtiment est unique.,구조 = structure/composition. S'utilise pour décrire l'organisation physique ou conceptuelle de quelque chose.
한눈에 보이다,to be seen at a glance,지도가 있으면 전체 구조가 한눈에 보여요.,Avec une carte toute la structure est visible d'un seul coup d'œil.,한눈 = un seul coup d'œil + 보이다 = être visible. Exprimer qu'on comprend ou voit tout immédiatement.
전망이 좋다,the view is good,이 카페는 전망이 정말 좋아요.,La vue depuis ce café est vraiment magnifique.,전망 = perspective/panorama + 좋다 = être bon. Qualité très recherchée pour les restaurants et cafés coréens.
북한,North Korea,북한과 남한은 아직 분단되어 있어요.,La Corée du Nord et la Corée du Sud sont encore divisées.,북한 = Nord + 한 = Corée. Dans le contexte de l'histoire coréenne depuis 1945 et la guerre de Corée.
간첩,spy,간첩이 침투했다는 소식이 들렸어요.,On a entendu dire qu'un espion avait infiltré.,Agent secret envoyé par un pays ennemi. Dans le contexte coréen notamment lié aux tensions avec le Nord.
총,gun,총소리가 들렸어요.,On a entendu des coups de feu.,총 = arme à feu. Terme générique pour désigner un pistolet ou un fusil.
총싸움,gunfight,영화에서 긴 총싸움 장면이 있었어요.,Il y avait une longue scène de fusillade dans le film.,총 = arme + 싸움 = combat/bagarre. Échange de coups de feu entre deux parties.
자국,"marks, tracks, trail (a physical impression left by some object)",북악산 성벽에 총알 자국이 남아 있어요.,Des marques de balles restent visibles sur les remparts du mont Bugak.,자국 = trace/marque laissée physiquement. Empreinte durable sur une surface.
정상,"the peak, the highest point",산 정상에 오르면 멋진 전망이 펼쳐져요.,Une vue magnifique s'offre à soi quand on atteint le sommet.,정상 = sommet. S'utilise pour les montagnes mais aussi en expression figurée (le "top" de quelque chose).
-으로 둘러싸여 있다,to be surrounded by -,서울은 산으로 둘러싸여 있어요.,Séoul est entourée de montagnes.,둘러싸다 = entourer + -어 있다 = état. Décrit un espace entouré de toutes parts par quelque chose.
반납하다,to return,출입증을 반납해야 해요.,Il faut rendre le badge.,반납 = retour d'un objet emprunté + 하다. Remettre quelque chose dont on avait eu l'usage temporaire.
-으로 떠나다,"to head for -, to leave in the direction of -",제주도로 떠났어요.,On est partis vers l'île de Jeju.,떠나다 = quitter/partir + -으로 = en direction de. Exprimer le départ vers une destination.
탐방 코스,"hiking trail, exploration course",북악산 탐방 코스가 인기 있어요.,Le parcours d'exploration du mont Bugak est populaire.,탐방 = exploration/visite + 코스 = parcours. Itinéraire guidé pour découvrir un site naturel ou historique.
블로그,blog,여행 후기를 블로그에 올렸어요.,J'ai posté mon compte rendu de voyage sur mon blog.,"Emprunt de l'anglais « blog ». Très populaire en Corée, notamment pour les avis food et voyage."
,,,,
6과,,,,
사슴,deer,숲에서 사슴을 봤어요.,J'ai vu un cerf dans la forêt.,Animal sauvage emblématique des forêts coréennes. Dans les contes il est souvent blanc et symbolise la grâce.
쫓아오다,to chase,사냥꾼이 사슴을 쫓아왔어요.,Le chasseur a poursuivi le cerf.,쫓다 = chasser/poursuivre + 아오다 = venir. Indique que quelqu'un vient en courant dans la même direction que le sujet.
살려 주세요,Help me !,살려 주세요! 사냥꾼이 쫓아와요!,Au secours ! Le chasseur me pourchasse !,살리다 = sauver la vie + -아 주세요 = s'il vous plaît (pour quelqu'un). Cri de détresse urgent.
얼른,"quickly, at once",얼른 숨어요!,Cachez-vous vite !,"얼른 = rapidement, sans tarder. Mot familier et énergique pour inciter à agir immédiatement."
숨겨주다,to hide someone from danger,나무꾼이 사슴을 숨겨줬어요.,Le bûcheron a caché le cerf.,숨기다 = cacher + -아 주다 = faire pour quelqu'un. Geste de protection face à un danger imminent.
뛰어오다,"to run up to, to run towards",사슴이 나무꾼에게 뛰어왔어요.,Le cerf est venu en courant vers le bûcheron.,뛰다 = courir/sauter + 아오다 = venir. Mouvement dynamique en direction de quelqu'un.
가리키다,to point at,사슴이 연못을 가리켰어요.,Le cerf a pointé vers l'étang.,Geste de désignation avec le doigt ou la patte. Peut aussi indiquer une direction.
은혜를 갚다,to return a favor,사슴이 나무꾼의 은혜를 갚기로 했어요.,Le cerf a décidé de rembourser la faveur du bûcheron.,은혜 = grâce/faveur reçue + 갚다 = rembourser. Valeur culturelle forte en Corée : toujours rendre ce qu'on a reçu.
소원,wish,소원이 뭐예요?,Quel est votre vœu ?,Désir profond que l'on espère voir exaucé. Souvent utilisé dans les contes et lors de fêtes comme le Nouvel An.
그러자,"After that, at that",그러자 갑자기 하늘이 맑아졌어요.,Alors soudainement le ciel s'est éclairci.,Connecteur narratif pour indiquer ce qui se passe immédiatement après. Typique des contes.
장가를 가다,to get married (man),나무꾼이 드디어 장가를 갔어요.,Le bûcheron s'est finalement marié.,Expression traditionnelle pour le mariage masculin. Équivalent de 시집가다 pour les femmes.
비밀,secret,이건 우리 둘만의 비밀이에요.,C'est notre secret à tous les deux.,Information qu'on ne doit pas révéler. Souvent au cœur des tensions dans les contes coréens.
보름달,full moon,보름달이 정말 밝고 아름다워요.,La pleine lune est vraiment brillante et belle.,"보름 = 15ème jour du mois lunaire + 달 = lune. La pleine lune est importante dans les fêtes (추석, 대보름)."
보름달이 뜨다,the full moon rises,보름달이 뜨는 날 선녀들이 내려와요.,Les fées descendent le jour où la pleine lune se lève.,뜨다 = se lever/monter (pour un astre). Expression poétique du lever de la pleine lune.
산꼭대기,"mountaintop, summit",산꼭대기에 오르면 구름을 만져요.,"En haut du sommet, on touche les nuages.",산 = montagne + 꼭대기 = point le plus haut. Mettre l'accent sur le sommet très élevé.
연못,a pond,산꼭대기에 작은 연못이 있어요.,Il y a un petit étang au sommet de la montagne.,Étendue d'eau calme et peu profonde. Dans ce conte coréen les fées descendent pour se baigner dans l'étang.
선녀,a fairy,선녀들이 연못에서 목욕을 했어요.,Les fées ont pris un bain dans l'étang.,Être surnaturel féminin beau et pur dans la mythologie coréenne. Vivent au ciel et descendent parfois sur Terre.
날개옷,winged clothing,나무꾼이 선녀의 날개옷을 숨겼어요.,Le bûcheron a caché la robe ailée de la fée.,날개 = ailes + 옷 = vêtement. Vêtement magique permettant aux fées de retourner au ciel.
아기를 낳다,to give birth,선녀가 세 아이를 낳을 때까지 기다려야 해요.,Il faut attendre jusqu'à ce que la fée accouche de trois enfants.,낳다 = mettre au monde. Verbe pour l'accouchement. Dans ce conte le conseil du cerf fixe la condition de révéler l'habit.
절대로 안/못,"never, absolutely not",날개옷을 절대로 돌려주면 안 돼요.,Il ne faut absolument jamais rendre la robe ailée.,절대로 = absolument + 안/못 = ne pas. Renforce l'interdiction ou l'impossibilité de manière extrême.
몰래,secretly,나무꾼이 몰래 날개옷을 돌려줬어요.,Le bûcheron a rendu la robe ailée en secret.,Adverbe indiquant une action faite sans que les autres le sachent. Souvent associé à une transgression dans les contes.
아기를 안다,To hold a baby,엄마가 아기를 살며시 안았어요.,La mère a doucement tenu son bébé dans les bras.,안다 = tenir dans ses bras/embrasser. Geste tendre de protection envers un nourrisson.
훨훨 날다,fly with ease,선녀가 훨훨 날아서 하늘로 올라갔어요.,La fée s'est envolée légèrement vers le ciel.,훨훨 = onomatopée du vol gracieux et libre. Décrit un vol léger sans effort.
의성어,onomatopoetic words,한국어에는 의성어가 매우 많아요.,Il y a énormément de mots onomatopéiques en coréen.,의성어 = mots qui imitent des sons réels. Riche catégorie de la langue coréenne avec des nuances très précises.
훨훨,flapping wings,새가 훨훨 날아가요.,L'oiseau s'envole en battant des ailes.,Imitation du son et du mouvement des ailes. Évoque une légèreté et une liberté totale dans le vol.
훌쩍훌쩍,crying,아이가 훌쩍훌쩍 울었어요.,L'enfant pleurait en reniflant.,Imitation du son de quelqu'un qui pleure en reniflant. Plus discret que 엉엉 (pleur bruyant).
의태어,mimetic word,의태어는 모양이나 동작을 흉내 내는 말이에요.,Les mots mimétiques imitent des formes ou des mouvements.,의태어 = mots imitant des états ou mouvements visuels. Complémentaires des 의성어 (son).
끄덕끄덕,nodding one's head,아이가 끄덕끄덕 고개를 끄덕였어요.,L'enfant a hochait la tête d'un signe d'acquiescement.,Répétition visuelle du hochement de tête. Indique l'accord ou la compréhension.
소곤소곤,speaking in hushed tones to keep other people from hearing,두 사람이 소곤소곤 이야기했어요.,Les deux personnes parlaient en chuchotant.,Imitation du son doux du chuchotement. Contraste avec 와글와글 (bruit de foule).
글썽글썽,brimming with tears,눈이 글썽글썽해요. 무슨 일이 있어요?,Vos yeux sont pleins de larmes. Il se passe quelque chose ?,Mot mimétique décrivant les yeux brillants de larmes retenues. Avant de vraiment pleurer.
활짝,wide (as when opening a door),문을 활짝 열었어요.,On a ouvert la porte en grand.,활짝 = complètement ouvert. S'utilise aussi pour les fleurs (활짝 피다 = s'épanouir pleinement).
나비,butterfly,봄에 나비가 꽃 위를 날아다녀요.,Au printemps les papillons voltigent au-dessus des fleurs.,Insecte léger et gracieux. Symbole de transformation et de liberté dans la culture coréenne.
고개,head,고개를 끄덕이거나 저으세요.,Hochez ou secouez la tête.,고개 = tête ou col de montagne selon le contexte. Ici désigne la tête dans un geste corporel.
올려다 보다,to look up,하늘을 올려다 봤어요.,J'ai levé les yeux vers le ciel.,올리다 = lever + 다 보다 = regarder dans une direction. Contraire de 내려다 보다 (regarder vers le bas).
꼬리를 흔들다,to wag one's tail,강아지가 꼬리를 흔들어요.,Le chien remue la queue.,꼬리 = queue + 흔들다 = agiter/secouer. Geste d'émotion ou de salutation chez l'animal.
이야기를 지어내다,to make up a story,그 이야기는 지어낸 거예요.,Cette histoire est inventée.,지어내다 = fabriquer/inventer. Raconter quelque chose qui n'est pas vrai.
불쌍하다,"to be pitiful, to be poor",이 이야기의 나무꾼이 불쌍해요.,Le bûcheron de cette histoire est pitoyable.,Sentiment de compassion et de pitié envers quelqu'un dans une situation difficile.
속이다,"to trick, to deceive",나무꾼이 선녀를 속였어요.,Le bûcheron a trompé la fée.,Amener quelqu'un à croire quelque chose de faux. Acte moral négatif dans les contes.
용서하다,to forgive,선녀가 나무꾼을 용서했나요?,Est-ce que la fée a pardonné au bûcheron ?,용서 = pardon + 하다. Acte de grâce permettant de relâcher la rancœur envers quelqu'un qui a mal agi.
감동을 받다,"to be touched, to be moved",이 이야기에 감동을 받았어요.,J'ai été profondément touché par cette histoire.,감동 = émotion profonde + 받다 = recevoir. Être ému jusqu'au cœur par quelque chose.
두레박,a bucket,두레박으로 물을 길었어요.,On a tiré de l'eau avec le seau.,Seau traditionnel coréen utilisé avec une corde pour puiser l'eau dans un puits.
물을 퍼 가다,to scoop up water,선녀들이 연못에서 물을 퍼 갔어요.,Les fées ont puisé de l'eau dans l'étang.,퍼다 = puiser/écoper + 가다 = s'en aller avec. Prendre de l'eau et partir avec.
말,horse,말을 타고 빨리 달릴 수 있어요.,On peut aller vite à cheval.,Animal de transport traditionnel. Symbole de vitesse et de puissance dans la culture coréenne.
땅,ground,땅에 씨앗을 심었어요.,On a planté des graines dans la terre.,땅 = sol/terre. Désigne la surface du sol ou la terre en général.
활짝 웃다,to smile brightly,그 소식을 듣고 활짝 웃었어요.,En entendant cette nouvelle on a souri largement.,활짝 = en grand/pleinement + 웃다 = sourire. Sourire large et spontané exprimant une joie pure.
땅을 밟다,to step on the ground,오랜만에 고향 땅을 밟았어요.,J'ai foulé le sol de mon pays natal pour la première fois depuis longtemps.,밟다 = marcher sur/fouler. Geste symboliquement fort notamment pour le retour au pays.
끄덕거리다,to nod one's head (in agreement),선생님 말씀에 끄덕거렸어요.,J'ai hoché la tête en écoutant le professeur.,-거리다 = suffixe indiquant une répétition ou une continuité du mouvement. Forme continue de 끄덕이다.
뵙다,"to see, to meet",오랜만에 선생님을 뵙게 되었어요.,J'ai eu l'occasion de rencontrer mon professeur après longtemps.,"Form honorifique de 보다 (voir/rencontrer). S'utilise uniquement pour une personne de rang supérieur (supérieur, professeur, parents)."
어머니 얼굴을 뵙다,to visit one's mother,어머니 얼굴을 다시 뵐 수 있어서 너무 행복해요.,Je suis si heureux de pouvoir revoir le visage de ma mère.,Expression affective et respectueuse pour dire qu'on revoit sa mère. Le verbe 뵙다 marque le profond respect.
꿈만 같다,to be like (only) a dream,이 일이 꿈만 같아요.,Tout cela me semble être un rêve.,Expression pour quelque chose d'incroyablement beau ou heureux qui paraît irréel.
편찮으시다,to be sick,할머니께서 편찮으세요.,Ma grand-mère est malade.,"Forme honorifique de 아프다 (être malade). S'utilise uniquement pour les personnes âgées ou de rang élevé."
편찮으신 데는 없으시지요?,"You are in good health, right?",할아버지 편찮으신 데는 없으시지요?,Grand-père vous allez bien n'est-ce pas ?,"Question polie et bienveillante pour demander des nouvelles de la santé d'un aîné. Très respectueux, doublement honorifique."
얘야,boy ! Girl !,얘야 이리 와 봐라.,Mon garçon/Ma fille viens par ici.,"Terme affectueux utilisé par les adultes plus âgés pour s'adresser à un enfant. Familier, chaleureux."
죽,porridge,할머니가 죽을 만들어 주셨어요.,La grand-mère a préparé de la bouillie.,Plat coréen de riz cuit longuement dans beaucoup d'eau. Donné aux malades ou aux jeunes enfants.
등,back,등이 아파요.,J'ai mal au dos.,Partie postérieure du torse. Aussi utilisé pour indiquer « on son dos » (등에 업다 = porter sur le dos).
쏟다,to spill,물을 쏟았어요. 죄송합니다.,J'ai renversé de l'eau. Je suis désolé.,"쏟다 = renverser/répandre accidentellement. Dans le conte, le fils renverse la bouillie sur le dos de sa mère."
날개를 펴다,to spread one's wings,선녀가 날개를 펴고 날아올랐어요.,La fée a déployé ses ailes et s'est envolée.,날개 = aile + 펴다 = étendre/déployer. Geste de liberté retrouvée. Peut aussi s'utiliser au sens figuré.
올려다 보다,to look up,아이들이 하늘을 올려다 봤어요.,Les enfants ont regardé vers le haut dans le ciel.,올리다 = lever + 보다 = regarder. Direction du regard vers le haut. Répété pour signifier que les enfants regardent la fée s'envoler.
단막극,one-act play,단막극을 직접 써보세요.,Essayez d'écrire vous-même une pièce en un acte.,"단 = un seul + 막 = acte + 극 = pièce. Pièce de théâtre courte, sans entracte."
역할을 나누다,to divide up the roles,우리 반이 역할을 나눠서 연습했어요.,Notre classe a réparti les rôles et s'est entraînée.,역할 = rôle + 나누다 = diviser/partager. Distribution des personnages pour une représentation ou un jeu de rôle.
UCC,user-created content,UCC 영상을 만들어 올렸어요.,Nous avons créé et publié une vidéo UCC.,"User Created Content. Terme coréen très utilisé pour les vidéos créées par des amateurs, prédécesseur de « YouTube »."
제작,production (movie),영화 제작에 참여하고 싶어요.,Je veux participer à la production d'un film.,"제작 = fabrication/production artistique. Désigne le processus de création d'un film, d'un drama ou d'un programme."
대한민국,Republic of Korea,저는 대한민국 사람이에요.,Je suis citoyen de la République de Corée.,Nom officiel de la Corée du Sud. 대한 = grande Corée + 민국 = republic du peuple.
신화,legendy,한국에는 재미있는 신화가 많아요.,Il y a de nombreux mythes fascinants en Corée.,신화 = mythe/légende. Récit fondateur expliquant l'origine du monde ou d'un peuple.
거울,mirror,거울에 비친 내 얼굴을 봤어요.,J'ai vu mon visage reflété dans le miroir.,Objet réfléchissant. Dans la mythologie coréenne le miroir a une valeur symbolique sacrée.
칼,"knife, sword",칼로 과일을 잘랐어요.,J'ai coupé les fruits avec un couteau.,Outil tranchant. Symbole de pouvoir et de protection dans certains contextes historiques coréens.
방울,A bell,방울 소리가 났어요.,On a entendu le son d'une clochette.,Petite clochette ronde. Dans le mythe de Dangun les trois objets sacrés sont le miroir la cloche et l'épée.
태양,sun,태양이 밝게 빛나요.,Le soleil brille avec éclat.,Astre central du système solaire. Symbole de vie et d'énergie. Lié au nom Dangun (단군 = maître de l'autel du soleil).
뜻하다,to mean,이 단어가 무엇을 뜻해요?,Que signifie ce mot ?,Exprimer la signification ou l'intention derrière une expression ou un acte.
반성하다,to reflect upon one's mistakes,내 행동을 반성하고 있어요.,Je réfléchis à mes erreurs.,Processus intérieur d'autocritique constructive. Valeur confucéenne très présente dans la culture coréenne.
백성,the people (of a country),세종대왕은 백성을 위해 한글을 만들었어요.,Le roi Sejong a créé le hangeul pour le peuple.,Terme historique désignant les sujets d'un roi. Remplacé dans le langage moderne par 국민 (citoyens).
다스리다,"to rule, to govern",단군이 나라를 지혜롭게 다스렸어요.,Dangun a gouverné le pays avec sagesse.,Exercer le pouvoir souverain sur un peuple ou un territoire. S'utilise aussi au sens figuré.
감동시키다,to move or touch someone's emotions,이 이야기가 관객을 감동시켰어요.,Cette histoire a profondément ému le public.,감동 = émotion + 시키다 = faire faire (causatif). Provoquer une émotion profonde chez quelqu'un.
훌륭하다,to be great,단군은 훌륭한 지도자였어요.,Dangun était un grand leader.,Qualifie quelqu'un d'admirable par ses qualités morales et ses accomplissements. Plus fort que 좋다.
신,god,하늘 신이 아들에게 땅을 다스리게 했어요.,Le dieu du ciel a chargé son fils de gouverner la terre.,Être divin ou surnaturel. Dans le mythe de Dangun son père est Hwanung fils du dieu du ciel Hwanim.
쑥,a species of mugwort,곰과 호랑이가 쑥을 먹었어요.,L'ours et le tigre ont mangé de l'armoise.,Plante herbacée (artemisia) communément utilisée en cuisine coréenne (쑥국, 쑥떡) et en médecine traditionnelle.
-여,more than,백 명여 명이 모였어요.,Plus d'une centaine de personnes se sont rassemblées.,여 = environ/plus de. Suffixe numérique indiquant un chiffre approximatif supérieur.
마늘,garlic,마늘을 많이 먹으면 건강에 좋아요.,Manger beaucoup d'ail est bon pour la santé.,Ingrédient indispensable de la cuisine coréenne. Dans le mythe de Dangun l'ours et le tigre doivent manger de l'ail et de l'armoise.
깜깜하다,to be dark,동굴 안이 깜깜해요.,L'intérieur de la grotte est plongé dans le noir.,깜깜 = obscurité totale. Plus intense que 어둡다. Décrit une noirceur totale sans aucune lumière.
참다,to endure,100일 동안 고통을 참아야 해요.,Il faut endurer la douleur pendant 100 jours.,Supporter quelque chose de difficile sans céder. Valeur de persévérance très valorisée dans la culture coréenne.
뛰쳐나가다,to run outside,호랑이가 참지 못하고 동굴 밖으로 뛰쳐나갔어요.,Le tigre n'a pas pu tenir et a bondi hors de la grotte.,뛰다 = courir + 쳐 = soudainement + 나가다 = sortir. Sortie brusque et impulsive.
기도하다,to pray,곰은 매일 열심히 기도했어요.,L'ours priait diligemment chaque jour.,기도 = prière + 하다. Acte de communication spirituelle avec une divinité.
성장하다,"to grow, to grow up",아이가 건강하게 성장했어요.,L'enfant a grandi en bonne santé.,성장 = croissance + 하다. Développement physique et/ou psychologique d'un être vivant.
나라를 세우다,to found a country,단군이 고조선이라는 나라를 세웠어요.,Dangun a fondé un pays appelé Gojoseon.,나라 = pays + 세우다 = ériger/fonder. Acte fondateur d'un État. Dans la mythologie coréenne Dangun fonde Gojoseon en 2333 avant J.-C.
한반도,Korean Peninsula,한반도는 삼면이 바다로 둘러싸여 있어요.,La péninsule coréenne est entourée d'eau sur trois côtés.,한 = coréen + 반도 = péninsule. Territoire géographique demi-insulaire où se trouvent les deux Corées.
최초,the first,단군은 한반도 최초의 지도자예요.,Dangun est le premier dirigeant de la péninsule coréenne.,최초 = tout premier. Caractère pionnier historique ou mythologique.
국가,"state, nation",강한 국가를 만들기 위해 노력했어요.,On a travaillé dur pour bâtir un État fort.,"국가 = État/nation (plus formel que 나라). Désigne aussi l'hymne national (애국가)."
,,,,
7과,,,,
의견이 다르다,to have a different opinion,부모님과 의견이 달라요.,Mon opinion diffère de celle de mes parents.,의견 = avis/opinion + 다르다 = être différent. Exprimer un désaccord ou une divergence de perspective.
마음을 바꾸다,to change one's mind,설득 끝에 마음을 바꿨어요.,Après avoir été persuadé j'ai changé d'avis.,마음 = cœur/esprit/décision + 바꾸다 = changer. Modifier sa position suite à une réflexion ou une pression externe.
드릴 말씀이 있는데요,I have something to tell you,드릴 말씀이 있는데요. 잠깐 시간 되세요?,J'ai quelque chose à vous dire. Vous avez un moment ?,Formule très polie pour introduire une conversation importante avec une personne supérieure.
독립하다,to be independent,대학교를 졸업하면 독립하고 싶어요.,Quand je termine l'université je veux être indépendant.,독립 = indépendance + 하다. Vivre de manière autonome sans dépendre de ses parents.
독립해서 살다,"to live on one's own, to live independently",혼자 독립해서 사는 게 쉽지 않아요.,Vivre seul de manière indépendante n'est pas facile.,독립하다 + 살다 = vivre de façon autonome. Reality check souvent abordé entre parents et enfants en Corée.
제정신이니?,Are you in your right mind?,그걸 혼자 하겠다고? 제정신이니?,Tu veux faire ça tout seul ? Tu es dans ton bon sens ?,"Expression familière et directe pour exprimer sa stupéfaction face à une décision irrationnelle. 제정신 = bon sens, lucidité."
파김치가 되다,to be completely worn out,하루 종일 일하고 파김치가 됐어요.,J'ai travaillé toute la journée et je suis épuisé.,파김치 = kimchi de poireaux (mou et fatigué) → métaphore. Expression imagée pour décrire un épuisement total.
예전,"in the past, a long time ago",예전에는 이 동네가 조용했어요.,Cette quartier était calme autrefois.,"예전 = le passé, jadis. Plus vague que 옛날 (temps très anciens). Désigne un passé récent ou personnel."
무조건,"unconditionally, absolutely (used to tell someone they have no choice in a decision)",무조건 조심해야 해요.,Il faut absolument faire attention.,"무조건 = sans condition. Indique qu'il n'y a aucune exception possible, généralement utilisé par quelqu'un d'autoritaire."
경비 시스템,home security system,요즘 많은 아파트에 경비 시스템이 있어요.,De nos jours beaucoup d'appartements ont un système de sécurité.,경비 = garde/sécurité + 시스템 = système. Désigne les systèmes électroniques de surveillance résidentielle.
집값,"price of a house, rent",서울의 집값이 정말 비싸요.,Le prix des logements à Séoul est vraiment élevé.,집 = maison + 값 = prix. Sujet très sensible en Corée notamment chez les jeunes générations.
저금하다,to save money (in a savings account),매달 조금씩 저금하고 있어요.,Je mets un peu d'argent de côté chaque mois.,저금 = épargne bancaire + 하다. Déposer régulièrement de l'argent sur un compte d'épargne.
모아두다,"to save up, to put aside",돈을 모아뒀다가 여행을 갈 거예요.,Je vais mettre de l'argent de côté pour voyager.,모으다 = accumuler + 두다 = laisser en réserve. Mettre quelque chose de côté pour une utilisation future.
보증금,"deposit, key money",보증금이 너무 많아서 걱정이에요.,Je suis inquiet car la caution est trop élevée.,"En Corée le système 전세 implique un dépôt important, et 보증금 désigne ce dépôt initial pour louer."
절약하다,to save money (by being frugal),전기를 절약하기 위해 불을 꺼요.,J'éteins les lumières pour économiser de l'électricité.,절약 = économie/frugalité + 하다. Réduire ses dépenses par des comportements consciencieux.
아껴 쓰다,"to use sparingly, to conserve",물을 아껴 쓰는 게 중요해요.,Il est important d'utiliser l'eau avec parcimonie.,아끼다 = ménager/économiser + 쓰다 = utiliser. Utiliser une ressource avec soin pour ne pas la gaspiller.
도움 없이,without (someone's) help,도움 없이 혼자 해냈어요!,Je l'ai fait seul sans aide !,도움 = aide + 없이 = sans. Réaliser quelque chose par ses propres moyens. Exprime la fierté de l'autonomie.
아무리 생각해도 이해가 안 된다,"Try as I might, I just don't understand",아무리 생각해도 이해가 안 돼요.,J'ai beau essayer je ne comprends vraiment pas.,"아무리 = avoir beau + -아도 = même si. Expression de frustration face à quelque chose d'incompréhensible malgré tous les efforts."
신경 써야 할 게 한두 가지가 아니야,You will have your hands full,혼자 살면 신경 써야 할 게 한두 가지가 아니야.,Quand on vit seul les choses auxquelles il faut faire attention ne se comptent pas sur les doigts.,한두 가지 = une ou deux choses + 아니야 = ce n'est pas. Expression pour dire qu'il y a énormément de choses à gérer.
고생을 사서 하다,to choose to suffer,굳이 혼자 살겠다니 고생을 사서 하는 꼴이야.,Vouloir vivre seul à tout prix c'est se créer des problèmes soi-même.,Idiome : s'imposer des difficultés inutiles par choix. 사다 = acheter + 고생 = souffrance. Critique affectueuse.
길에 버리는 시간이 너무 아까워요,It's a shame to waste so much time on the road,통근하면 길에 버리는 시간이 너무 아까워요.,Faire la navette c'est vraiment dommage de perdre autant de temps en route.,"아깝다 = être dommage de gaspiller. Expression pour déplorer le temps perdu dans les transports, très courante à Séoul."
차라리,"rather, instead (when choosing the lesser of two evils)",차라리 집 근처에서 살겠어요.,Je préférerais habiter près de chez moi.,"차라리 = préférablement, autant. Choisir la moins mauvaise option parmi deux alternatives indésirables."
-게 해 주세요,Please let me (do something),혼자 살게 해 주세요!,Laissez-moi vivre seul s'il vous plaît !,(-게) 해 주다 = autoriser/laisser faire quelque chose pour quelqu'un. Formule de requête polie mais directe.
설득하다,to persuade,부모님을 설득하는 데 성공했어요.,J'ai réussi à persuader mes parents.,설득 = persuasion + 하다. Convaincre quelqu'un par des arguments logiques ou émotionnels.
품질이 좋다/나쁘다,to be of good/bad quality,이 제품은 품질이 좋지 않아요.,Ce produit n'est pas de bonne qualité.,품질 = qualité du produit + 좋다/나쁘다 = être bon/mauvais. Évaluation de la valeur d'un bien.
성공하다,"to succeed, to be successful",열심히 노력하면 성공할 수 있어요.,Si on travaille dur on peut réussir.,성공 = succès + 하다. Atteindre ses objectifs après des efforts soutenus. Grande valeur en Corée.
키우다,to raise,부모님이 저를 키워주셨어요.,Mes parents m'ont élevé.,키우다 = élever/nourrir. S'utilise pour les enfants et les animaux. Implique un investissement affectif sur la durée.
제대로,"properly, formally",제대로 해야 나중에 문제가 없어요.,Si on le fait correctement il n'y aura pas de problèmes plus tard.,제대로 = comme il se doit/correctement. Adverbe indiquant qu'une action est réalisée dans les règles.
환불이 안 되다,to be non-refundable,이 티켓은 환불이 안 돼요.,Ce billet n'est pas remboursable.,환불 = remboursement + 이 안 되다 = ne pas être possible. Important à vérifier avant tout achat en ligne.
공익광고,public service announcement,한국 TV에서 공익광고를 자주 봐요.,On voit souvent des annonces d'intérêt public à la télé coréenne.,공익 = intérêt public + 광고 = publicité. Message diffusé pour sensibiliser le public à des causes sociales.
메시지,message,이 광고의 메시지가 뭔가요?,Quel est le message de cette publicité ?,"메시지 = message (emprunt à l'anglais). Idée ou contenu principal qu'on veut transmettre à travers une communication."
(음식을) 남기다,"to leave food, to have leftovers",음식을 남기지 않는 게 좋아요.,Il vaut mieux ne pas laisser de restes.,"남기다 = laisser/garder. Dans ce contexte, ne pas finir son assiette. En Corée, laisser de la nourriture peut parfois être perçu différemment selon le contexte."
음식물 쓰레기,food garbage,음식물 쓰레기를 줄여야 해요.,Il faut réduire les déchets alimentaires.,음식물 = aliments + 쓰레기 = déchets. Problème environnemental majeur traité par les campagnes publiques coréennes.
-을 줄이다,"to reduce, to decrease -",탄소 배출을 줄이는 게 중요해요.,Il est important de réduire les émissions de carbone.,줄이다 = diminuer/réduire (transitif). Contraire de 늘리다 (augmenter).
선율,"melody, tune",이 곡의 선율이 정말 아름다워요.,La mélodie de ce morceau est vraiment belle.,선율 = mélodie. Suite de notes formant un air reconnaissable. Terme musical et poétique.
이웃,neighbor,이웃과 사이좋게 지내는 게 중요해요.,S'entendre bien avec ses voisins est important.,이웃 = voisin/voisinage. Relations de proximité très valorisées dans la culture communautaire coréenne.
고통,pain,고통 없이는 성공도 없어요.,Sans douleur il n'y a pas de succès.,고통 = souffrance physique ou morale. Terme plus fort que 아픔. S'utilise aussi au sens figuré.
배려,consideration,다른 사람을 위한 배려가 필요해요.,Il faut de la considération pour les autres.,배려 = égard/attention envers les autres. Valeur sociale essentielle mise en avant dans les PSA coréens.
층간 소음,noise between floors (in a building),층간 소음 때문에 이웃과 갈등이 생겼어요.,Des conflits avec les voisins sont nés à cause du bruit entre les étages.,"층 = étage + 간 = entre + 소음 = bruit. Problème majeur dans les grandes villes coréennes, souvent sujet de PSA."
갈등,"conflict, feud",이웃 간의 갈등을 해결하는 게 쉽지 않아요.,Résoudre les conflits entre voisins n'est pas facile.,갈등 = tension/conflit interpersonnel. Désaccord profond pouvant mener à une rupture de la relation.
마음 쓰다,"to be considerate of, to think about someone else",이웃에게 마음을 써야 해요.,Il faut faire attention à ses voisins.,마음 = cœur + 쓰다 = utiliser. Dépenser de l'énergie émotionnelle pour se soucier des autres.
만원 버스,a packed bus,아침에 만원 버스를 타야 해서 힘들어요.,Le matin c'est dur de devoir prendre le bus bondé.,만원 = complet/plein à craquer + 버스. Expression souvent utilisée aux heures de pointe à Séoul.
일으켜 주다,"to pick up, to lift an object",넘어진 할머니를 일으켜 줬어요.,J'ai aidé la vieille dame qui était tombée à se relever.,일으키다 = relever/redresser + -아 주다 = faire pour quelqu'un. Acte de civisme et de bienveillance.
휠체어,a wheelchair,휠체어를 타는 분을 도와줬어요.,J'ai aidé quelqu'un en fauteuil roulant.,휠체어 = fauteuil roulant (de l'anglais wheelchair). Objet d'accessibilité pour les personnes à mobilité réduite.
충분하다,"to be sufficient, to be enough",이 정도면 충분해요.,Ça suffit comme ça.,충분하다 = être suffisant/adéquat. Atteindre le seuil nécessaire. Contraire de 부족하다 (insuffisant).
매연,"smoke, exhaust, fumes",자동차 매연이 공기를 오염시켜요.,Les gaz d'échappement des voitures polluent l'air.,매연 = fumée toxique des moteurs. Terme clé dans les campagnes contre la pollution atmosphérique urbaine.
-을 오염시키다,"to pollute, contaminate",공장이 강을 오염시키고 있어요.,L'usine pollue la rivière.,"오염 = contamination/pollution + 시키다 = faire (causatif). Rendre un environnement impropre à la vie."
환경 보호,conservation of environment,환경 보호에 관심을 가져야 해요.,Il faut s'intéresser à la protection de l'environnement.,환경 = environnement + 보호 = protection. Enjeu majeur des PSA coréens et des politiques publiques.
국제 영화제,International movie festival,부산 국제 영화제에 가고 싶어요.,Je veux aller au Festival International du Film de Busan.,"국제 = international + 영화제 = festival de cinéma. La Corée accueille plusieurs festivals dont le célèbre 부산국제영화제 (BIFF)."
단풍이 지다,the autumn leaves fall,10월에 단풍이 지기 시작해요.,Les feuilles d'automne commencent à tomber en octobre.,단풍 = feuillage d'automne coloré + 지다 = tomber. Phénomène saisonnier très apprécié des randonneurs coréens.
A는 B가 최고야,2 is best for 1 (Jeju (2) is the best place for tangerines (1)),귤은 제주가 최고야.,Pour les mandarines c'est Jeju le meilleur.,Structure pour dire qu'un lieu ou une personne est inégalable pour quelque chose de particulier.
감독,director (of a movie),봉준호 감독이 아카데미상을 받았어요.,Le réalisateur Bong Joon-ho a remporté un Oscar.,감독 = superviseur/directeur. Dans le cinéma désigne le réalisateur. Peut aussi désigner un entraîneur sportif.
북한산,Bukhan Mountain,북한산 등산이 서울 시민들에게 인기 있어요.,La randonnée au mont Bukhan est populaire parmi les habitants de Séoul.,Montagne populaire à Séoul. À ne pas confondre avec 북한 (Corée du Nord). 북한산 = montagne au nord de l'ancienne Séoul.
전라도,Jeolla Province,전라도는 한국 음식의 고장이에요.,La province de Jeolla est le berceau de la cuisine coréenne.,Province du sud-ouest de la Corée connue pour sa riche tradition culinaire et ses arts.
내장산,Naejang Mountain,가을에 내장산 단풍이 정말 아름다워요.,Le feuillage d'automne du mont Naejang est vraiment magnifique en automne.,Montagne de la province de Jeolla célèbre pour ses couleurs automnales exceptionnelles.
역시 너밖에 없어,You're the best!,정말 고마워. 역시 너밖에 없어!,Merci vraiment. C'est toi le meilleur !,"역시 = comme toujours/décidément + 너밖에 없어 = il n'y a que toi. Expression affectueuse pour valoriser quelqu'un d'irremplaçable."
추억을 쌓다,to make good memories,친구들과 소중한 추억을 쌓았어요.,J'ai créé de précieux souvenirs avec mes amis.,추억 = souvenir chaleureux + 쌓다 = accumuler. Expression pour les expériences vécues dont on gardera un beau souvenir.
생각이 들다,"to get the idea, to occur (to one)",갑자기 여행을 가야겠다는 생각이 들었어요.,L'idée de partir en voyage m'est soudainement venue.,"생각 = pensée/idée + 들다 = entrer/survenir. Exprimer qu'une idée ou un sentiment surgit spontanément, sans l'avoir cherché."
프러포즈,proposal,한강에서 프러포즈를 했어요.,Il a fait sa demande au bord du fleuve Han.,"Emprunt de l'anglais « propose ». Demande en mariage. Le Han est un lieu populaire pour les 프러포즈 à Séoul."
진지하게,seriously,진지하게 생각해 보세요.,Réfléchissez-y sérieusement.,"진지하다 = être sérieux/sincère + -게. Adoptez une attitude concentrée et sincère, sans légèreté."
경제가 안 좋다,the economy is in trouble,요즘 경제가 안 좋아서 취업이 어려워요.,Ces jours-ci l'économie va mal et trouver un emploi est difficile.,경제 = économie + 안 좋다 = ne pas aller bien. Contexte socio-économique souvent évoqué par les jeunes coréens.
승진하다,to get promoted (at one's job),열심히 일해서 승진했어요.,J'ai travaillé dur et j'ai été promu.,승진 = promotion professionnelle + 하다. Avancement dans la hiérarchie d'une entreprise.
자기 소개서,"cover letter, letter of introduction",취업 지원 시 자기 소개서가 중요해요.,La lettre de présentation est importante lors d'une candidature.,자기 = soi-même + 소개 = présentation + 서 = document. Document personnel essentiel dans les candidatures coréennes.
성장 과정,growing up,자기소개서에 성장 과정을 써야 해요.,Il faut écrire son parcours de vie dans la lettre de présentation.,성장 = croissance + 과정 = processus. Section obligatoire d'un CV coréen décrivant son développement personnel.
경력,"job experience, career",경력이 3년 이상 있어야 해요.,Il faut avoir au moins 3 ans d'expérience professionnelle.,경력 = expérience professionnelle accumulée. Valorisée dans les recrutements coréens. Différent de 경험 (expérience générale).
지원 동기,reason or motivation for applying (for a job),지원 동기를 구체적으로 써야 해요.,Il faut écrire en détail sa motivation pour postuler.,지원 = candidature + 동기 = motivation/raison. Section incontournable du formulaire de candidature coréen.
포부,"aspiration, ambition",입사 후의 포부를 말씀해 주세요.,Exprimez vos ambitions une fois recruté dans l'entreprise.,포부 = aspiration/grand projet personnel. Terme soutenu pour désigner une ambition à long terme. Souvent demandé en entretien.
전형적이다,to be typical (of a  given category or class),그 답변은 너무 전형적이에요.,Cette réponse est trop typique/banale.,전형 = archétype/modèle + 적이다. Qualifie quelque chose de conforme à un schéma attendu. Parfois péjoratif.
자녀,one's children,자녀 교육에 열심인 부모가 많아요.,De nombreux parents sont très investis dans l'éducation de leurs enfants.,자녀 = enfants (terme formel). Plus respectueux que 아이. Utilisé dans les contextes officiels et écrits.
매사,"all the time, in every situation",매사에 최선을 다해요.,Je fais de mon mieux en toutes circonstances.,매사 = chaque chose/toute chose. Indique qu'une attitude s'applique à absolument toutes les situations.
책임감이 강하다,to have a strong sense of responsibility,책임감이 강한 사람을 찾고 있어요.,On cherche quelqu'un avec un fort sens des responsabilités.,책임감 = sens des responsabilités + 강하다 = être fort. Qualité très appréciée dans le milieu professionnel coréen.
다만,"but, however",열심히 했습니다. 다만 결과가 아쉬웠어요.,J'ai travaillé dur. Cependant les résultats étaient décevants.,"Connecteur de restriction ou de nuance. Plus formel que 그런데, introduit une limite ou une réserve."
상상력이 풍부하다,to have an active imagination,아이들은 상상력이 풍부해요.,Les enfants ont une imagination débordante.,상상력 = imagination + 풍부하다 = être riche/abondant. Qualité créative très valorisée notamment dans les arts.
엉뚱하다,"to be unexpected, to be inappropriate",엉뚱한 대답을 해서 모두 웃었어요.,Tout le monde a ri à cause de ma réponse inattendue.,Qualifie quelque chose d'absurde ou hors-sujet de manière souvent amusante. Peut être perçu comme maladroit ou créatif.
사회 심리,social psychology,사회 심리 과목을 수강하고 있어요.,Je suis cours de psychologie sociale.,사회 = social + 심리 = psychologie. Discipline étudiant le comportement des individus en groupe.
졸업 논문,graduation thesis,졸업 논문을 쓰고 있어요.,Je suis en train d'écrire mon mémoire de fin d'études.,졸업 = diplôme/fin d'études + 논문 = thèse/mémoire. Document académique requis pour obtenir son diplôme.
관련성,correlation,이 두 현상 사이에 관련성이 있어요.,Il y a une corrélation entre ces deux phénomènes.,관련 = lien/rapport + 성 = caractère. Degré de connexion entre deux variables ou éléments.
소중하다,"to be precious, to mean a lot (to one)",이 경험은 정말 소중해요.,Cette expérience est vraiment précieuse.,소중하다 = avoir une grande valeur sentimentale ou morale. Plus affectif que 중요하다 (important).
자신감을 얻다,to gain more confidence,발표 후에 자신감을 얻었어요.,Après la présentation j'ai gagné en confiance.,자신감 = confiance en soi + 얻다 = acquérir/obtenir. Processus de construction de l'estime de soi.
(회사에) 지원하다,to apply (to a company),대기업에 지원했어요.,J'ai postulé dans une grande entreprise.,"지원하다 = candidater. Dans ce contexte, soumettre sa candidature à une entreprise. Aussi utilisé pour les bourses et concours."
직원 대우,treatment of employees,이 회사는 직원 대우가 좋아요.,Cette entreprise traite bien ses employés.,직원 = employé + 대우 = traitement/conditions. Conditions de travail offertes aux membres du personnel.
자부심을 갖다,to take pride in,자신의 일에 자부심을 가지세요.,Soyez fier(e) de votre travail.,자부심 = fierté personnelle + 갖다 = avoir. Sentiment positif d'estime de soi face à ses propres accomplissements.
전공을 살리다,to make use of one's major,전공을 살려서 취업하고 싶어요.,Je veux trouver un emploi qui utilise ma spécialité.,전공 = spécialité/majeure + 살리다 = mettre en valeur/exploiter. Trouver un emploi en rapport direct avec ses études.
최선을 다하다,to do one's best,무슨 일이든 최선을 다해요.,Quoi qu'il en soit je fais de mon mieux.,최선 = le mieux possible + 다하다 = épuiser/consacrer tout. Expression de l'engagement total dans une tâche.
,,,,
8과,,,,
가습기,humidifier,겨울에 가습기를 틀면 건조함이 줄어요.,En hiver allumer l'humidificateur réduit la sécheresse.,가습 = humidification + 기 = appareil. Appareil qui diffuse de la vapeur d'eau pour humidifier l'air intérieur.
에어컨,air conditioner,여름에 에어컨 없이는 못 살아요.,L'été on ne peut pas vivre sans climatiseur.,"에어컨 = air conditioner (anglais). Incontournable en été coréen où les températures atteignent 35°C et plus."
전기 장판,electric mattress pad,한국 겨울에 전기 장판이 필수예요.,Un matelas chauffant électrique est indispensable en hiver coréen.,Tapis chauffant électrique posé sur le matelas. Alternative au ondol (chauffage par le sol). Très utilisé en Corée.
제습기,dehumidifier,장마철에 제습기가 정말 필요해요.,Un déshumidificateur est vraiment nécessaire pendant la saison des pluies.,제습 = déshumidification + 기. Appareil absorbant l'humidité. Essentiel pendant 장마 (mousson coréenne).
선풍기,fan,에어컨 대신 선풍기를 써요.,On utilise un ventilateur à la place du climatiseur.,선풍기 = ventilateur électrique. Option plus économique et écologique que l'air conditionné. Très courant en Corée.
전기 히터,electric heater,방이 추워서 전기 히터를 켰어요.,Il faisait froid dans la chambre donc j'ai allumé le radiateur électrique.,전기 = électrique + 히터 = heater (anglais). Radiateur portable alimenté par l'électricité.
학기 말,end of semester,학기 말에 시험이 많아요.,Il y a beaucoup d'examens à la fin du semestre.,학기 = semestre + 말 = fin. Période d'examens intensifs à la fin de chaque semestre universitaire.
귀국하다,to return to one's country,졸업 후에 귀국할 예정이에요.,Je prévois de rentrer dans mon pays après les études.,귀국 = retour au pays + 하다. Retour dans son pays d'origine après un séjour à l'étranger.
얼마 안 남다,not much is left,이제 귀국까지 얼마 안 남았어요.,Il ne reste plus longtemps avant le retour dans mon pays.,얼마 = combien + 안 남다 = ne pas rester beaucoup. Exprime qu'un délai est court ou qu'une quantité est faible.
눈 깜짝할 사이에 시간이 지나갔어요.,time passed in the blink of an eye,1년이 눈 깜짝할 사이에 지나갔어요.,Une année a passé en un clin d'œil.,눈 깜짝할 사이 = le temps de cligner des yeux. Métaphore pour une durée qui semble très courte.
짐,luggage,귀국 전에 짐을 미리 정리해야 해요.,Il faut ranger ses bagages à l'avance avant de rentrer.,짐 = bagages/affaires à transporter. Terme générique pour tout ce qu'on emporte lors d'un déplacement.
전압이 안 맞다,the voltage doesn't match,이 제품은 한국에서 전압이 안 맞아요.,Ce produit a un voltage incompatible avec la Corée.,전압 = voltage/tension électrique + 안 맞다= ne pas correspondre. Problème courant lors du retour dans son pays après avoir acheté des appareils à l'étranger.
부피가 크다,to be bulky,소파는 부피가 커서 가져가기 힘들어요.,Le canapé est trop volumineux à emporter.,부피 = volume/encombrement + 크다 = être grand. Décrit un objet qui prend beaucoup de place.
중고 물건,"used items, secondhand goods",중고 물건을 싸게 팔고 있어요.,On vend des articles d'occasion à bas prix.,중고 = de seconde main/usagé + 물건 = objet. Marché de l'occasion très développé en Corée (당근마켓).
1인용,for the use of one person,1인용 텐트를 샀어요.,J'ai acheté une tente pour une personne.,1인 = une personne + 용 = destiné à. Suffixe indiquant à qui ou à combien l'objet est destiné.
가로,width,이 책상의 가로가 120cm예요.,La largeur de ce bureau est de 120 cm.,가로 = largeur/dimension horizontale. Dimension mesurée de gauche à droite.
세로,length vertical,세로가 80cm, 가로가 60cm예요.,La hauteur est de 80 cm et la largeur de 60 cm.,세로 = longueur verticale. Dimension mesurée de haut en bas.
높이,height,이 선반의 높이가 얼마예요?,Quelle est la hauteur de cette étagère ?,높이 = hauteur. Dimension mesurée vers le haut. Distinguer de 키 (taille d'une personne).
시간을 맞춰 놓고 자다,set the time and go to sleep,시간을 맞춰 놓고 자면 에너지가 절약돼요.,Programmer l'heure avant de dormir permet d'économiser de l'énergie.,"맞추다 = régler/programmer + 놓다 = laisser ainsi + 자다 = dormir. Régler une minuterie avant de se coucher."
저절로,"by itself, automatically",불이 저절로 꺼저요.,La lumière s'éteint toute seule.,저절로 = automatiquement/de lui-même. Décrit quelque chose qui se produit sans intervention humaine.
꺼지다,to be turned off,에어컨이 저절로 꺼졌어요.,Le climatiseur s'est éteint tout seul.,꺼지다 = s'éteindre (passif de 끄다). État d'arrêt d'un appareil électrique. Opposé de 켜지다.
전기 포트,electric kettle,전기 포트로 물을 빨리 끓일 수 있어요.,On peut faire bouillir l'eau rapidement avec une bouilloire électrique.,전기 = électrique + 포트 = pot/bouilloire (anglais pot). Très utilisé en Corée pour préparer le thé le café ou les ramens.
크기,size,이 상자의 크기가 딱 맞아요.,La taille de cette boîte est parfaite.,크다 = être grand + 기 = nominalisation. Mesure générale des dimensions d'un objet.
리터,liter,이 물통은 2리터짜리예요.,Cette gourde est d'une contenance de 2 litres.,리터 = litre (unité de volume). Emprunt du français/anglais. Largement utilisé pour les liquides.
온도 조절 기능,temperature control function,이 포트는 온도 조절 기능이 있어요.,Cette bouilloire a une fonction de contrôle de température.,온도 = température + 조절 = réglage + 기능 = fonction. Caractéristique précieuse pour les personnes qui préparent du thé vert à différentes températures.
저야 좋지요,that sounds good to me!,그렇게 해주신다면 저야 좋지요!,Si vous faites comme ça pour moi ça m'arrange vraiment !,"저야 = moi en particulier (particule 야 souligne le sujet) + 좋지요 = c'est bien. Réponse polie exprimant qu'on est content d'accepter une proposition."
뚜껑이 잘 안 닫히다,the lid doesn't close very well,이 냄비는 뚜껑이 잘 안 닫혀요.,Le couvercle de cette casserole ne se ferme pas très bien.,뚜껑 = couvercle + 닫히다 = se fermer (passif). Décrit un défaut fonctionnel d'un ustensile.
세게 탁 치다,to tap firmly,뚜껑을 열려면 세게 탁 치세요.,Pour ouvrir le couvercle frappez-le fermement.,세게 = fort/avec force + 탁 = onomatopée d'un coup + 치다 = frapper. Instructions pratiques pour ouvrir un objet bloqué.
모양,appearance/shape,이 물건은 모양이 독특해요.,Cet objet a une forme unique.,모양 = forme/apparence. Terme général pour décrire l'aspect visuel d'un objet en 2D ou 3D.
감촉,"texture, how something feels to touch",이 천의 감촉이 정말 부드러워요.,La texture de ce tissu est vraiment douce.,감촉 = sensation au toucher. Comment quelque chose se ressent quand on le touche.
길쭉하다,to be a little long on both ends,이 열쇠는 길쭉하게 생겼어요.,Cette clé a une forme allongée.,길다 (être long) + 쭉 (tout droit). Décrit quelque chose d'allongé dans sa dimension principale.
네모나다,to be in the shape of a square,이 쿠션은 네모나게 생겼어요.,Ce coussin est en forme de carré.,네모 = carré + 나다 = avoir la forme de. Décrit un objet dont la forme est carrée ou rectangulaire.
둥글다,to be in the shape of a circle,지구는 둥글어요.,La Terre est ronde.,둥글다 = être rond/circulaire. Décrit une forme circulaire ou sphérique.
세모나다,to be in the shape of a triangle,이 표지판은 세모나게 생겼어요.,Ce panneau a une forme triangulaire.,세모 = triangle + 나다 = avoir la forme de. Décrit un objet dont le profil forme un triangle.
부드럽다,"to be not rough or hard, but smooth against the skin",이 담요는 정말 부드러워요.,Cette couverture est vraiment douce.,Qualifie une surface agréable au toucher. Contraire de 딱딱하다 (dur) ou 거칠다 (rugueux).
푹신하다,"cushioning, to be soft and comfortable",이 소파는 정말 푹신해요.,Ce canapé est vraiment moelleux.,"Décrit quelque chose de doucement rembourré qui absorbe le poids confortablement. Différent de 부드럽다 (doux au toucher)."
딱딱하다,to be firm and hard,이 베개가 너무 딱딱해요.,Cet oreiller est trop dur.,Qualifie une surface rigide qui ne cède pas à la pression. Peut aussi décrire une attitude formelle ou froide.
비닐,thin plastic vinyl,비닐봉지를 줄이는 게 중요해요.,Il est important de réduire les sacs plastiques.,비닐 = plastique souple (PVC). Terme générique pour les emballages plastiques fins. Sujet de débat écologique en Corée.
유리,glass,유리컵이 예뻐요.,Le verre en verre est joli.,"Matière transparente et fragile. En chimie : dioxyde de silicium. S'utilise pour les fenêtres, vaisselle, etc."
천,fabric,이 가방은 천으로 만들어졌어요.,Ce sac est fabriqué en tissu.,천 = tissu/étoffe. Matière souple en fibres naturelles ou synthétiques. Souvent utilisé pour les vêtements et sacs.
플라스틱,plastic,이 물병은 플라스틱으로 만들어졌어요.,Cette bouteille est fabriquée en plastique.,"플라스틱 = plastique. Matière synthétique omniprésente. Emprunt de l'anglais « plastic »."
이만하다,to be this big,이만한 크기면 딱 맞아요.,Cette taille-là c'est parfait.,이만하다 = être approximativement de cette taille (accompagné d'un geste de la main). Sert à indiquer une dimension par approximation.
스탠드,floor lamp,책상 옆에 스탠드를 놓았어요.,J'ai posé une lampe de bureau à côté du bureau.,"스탠드 = lampe de bureau ou lampadaire. Emprunt de l'anglais « stand ». En coréen peut désigner une lampe à pied ou de bureau."
서랍장,dresser,옷을 서랍장에 넣었어요.,J'ai rangé les vêtements dans la commode.,서랍 = tiroir + 장 = meuble. Meuble de rangement à plusieurs tiroirs. Commode ou chiffonnier.
텀블러,water bottle,환경을 위해 텀블러를 들고 다니세요.,Pour l'environnement emportez une gourde réutilisable.,"텀블러 = tumbler (anglais). Gourde/mug réutilisable. Très populaire en Corée pour l'esthétique et l'écologie."
묘사하기,describe an object or scene,물건을 정확하게 묘사하는 연습을 해요.,On s'entraîne à décrire précisément des objets.,묘사 = description détaillée + 하기 = nominalisation de faire. Compétence utile en coréen pour acheter ou retrouver des objets.
잠이 안 깨다,to be groggy in the morning,아침에 잠이 잘 안 깨요.,Je n'arrive pas à me réveiller correctement le matin.,잠 = sommeil + 안 깨다 = ne pas se réveiller. Décrit l'état de somnolence en début de journée.
아령,dumbbell,아령으로 운동하고 있어요.,Je fais de l'exercice avec des haltères.,"아령 = haltère. Instrument de musculation léger, souvent utilisé à domicile."
기대했던 것 이상으로 좋았어,it was even better than I had expected,그 식당은 기대했던 것 이상으로 좋았어.,Ce restaurant était encore meilleur que ce à quoi je m'attendais.,"기대하다 = s'attendre à + 이상으로 = au-delà de. Exprimer une agréable surprise, surpassant les attentes initiales."
운동이 되다,serves as exerise,이 청소가 생각보다 운동이 돼요.,Ce ménage est plus sportif qu'on ne le pense.,운동 = exercice + 이 되다 = devenir/servir de. Exprimer qu'une activité ordinaire est physiquement bénéfique.
알람이 올리다,the alarm goes off,아침마다 알람이 울려요.,Chaque matin l'alarme sonne.,"알람 = alarme + 울리다 = sonner. (Note : le verbe correct est 울리다, 올리다 est une coquille dans le manuel.)"
회,"times, repetitions",하루에 두 번씩 복용하세요.,Prenez deux fois par jour.,Classificateur (compteur) coréen pour les répétitions ou occurrences d'une action.
30회,30 times,이 운동을 30회 반복하세요.,Répétez cet exercice 30 fois.,30 + 회 = 30 fois. Utilisé pour les séries d'exercice ou les posologies médicales.
그런 게 있어?,I hadn't heard of that before. is there such a thing?,그런 물건이 있어? 신기하다!,Il existe vraiment un tel objet ? C'est fascinant !,Expression de surprise et d'étonnement face à quelque chose d'inattendu ou d'inconnu.
길이,length(가),이 선반의 길이가 얼마예요?,Quelle est la longueur de cette étagère ?,길이 = longueur. Dimension mesurée dans le sens le plus long d'un objet.
무게,weight,이 가방의 무게가 얼마나 돼요?,Combien pèse ce sac ?,무게 = poids. Mesure de la force gravitationnelle exercée sur un objet.
길로그램,kilogram,이 짐이 20킬로그램이에요.,Ce bagage pèse 20 kilogrammes.,"킬로그램 = kilogramme. Unité de poids standard international. (Note : 길로그램 est une variante phonétique, 킬로그램 est la forme standard.)"
잠이 깨다,to wake up,시끄러운 소리에 잠이 깼어요.,Je me suis réveillé à cause d'un bruit fort.,잠 = sommeil + 깨다 = se briser/se réveiller. Se réveiller d'un sommeil. Opposé de 잠이 들다 (s'endormir).
열쇠고리,keychain,귀엽고 예쁜 열쇠고리를 샀어요.,J'ai acheté un joli porte-clés.,열쇠 = clé + 고리 = anneau. Objet décoratif accroché aux clés. Les 열쇠고리 coréens sont souvent des cadeaux souvenirs.
콘센트,power outlet,콘센트에 플러그를 꽂았어요.,J'ai branché la prise de courant.,"콘센트 = prise électrique (de l'anglais « concentric »). Terme coréen spécifique pour la prise murale."
플러그,plug (noun),플러그를 뽑아야 안전해요.,Il faut débrancher la prise pour la sécurité.,"플러그 = fiche électrique (de l'anglais « plug »). Partie de l'appareil qui s'insère dans la prise."
꽂다,to plug in,충전기를 콘센트에 꽂아 주세요.,Branchez le chargeur à la prise s'il vous plaît.,꽂다 = enfoncer/insérer. Introduire un objet dans un espace prévu. Utilisé pour les prises et les clés.
보관하다,to store,음식을 냉장고에 보관하면 오래 가요.,Conserver les aliments au réfrigérateur les fait durer plus longtemps.,보관 = conservation/stockage + 하다. Garder quelque chose dans de bonnes conditions pour un usage futur.
빼다,"to pull out, remove",사용 후에 플러그를 빼 주세요.,Après utilisation veuillez retirer la fiche.,"빼다 = retirer/extraire. Sortir quelque chose d'un espace où il était inséré. Opposé de 꽂다."
케이블,cable,이 기기에는 긴 케이블이 필요해요.,Cet appareil nécessite un long câble.,케이블 = câble (de l'anglais). Fil conducteur reliant des appareils électroniques.
손/발이 시리다,one's hands or feet are cold,겨울에 손발이 시려요.,En hiver mes mains et pieds sont glacés.,시리다 = être glacé/douloureux de froid. Décrit une douleur provoquée par le froid extrême dans les extrémités.
고생하다,"to have a hard time, to suffer",한국에서 처음 살 때 많이 고생했어요.,J'ai beaucoup souffert quand je vivais en Corée pour la première fois.,고생 = peine/effort pénible + 하다. Traverser une période difficile physiquement ou moralement.
즐겨 쓰다,"to use frequently, to use a lot",이 앱을 즐겨 쓰고 있어요.,J'utilise fréquemment cette appli.,"즐겨 = avec plaisir/régulièrement + 쓰다 = utiliser. Indique une utilisation habituelle et appréciée, une préférence."
아이디어 상품,Novelty item,이 아이디어 상품이 정말 유용해요.,Cet article original est vraiment pratique.,아이디어 = idée + 상품 = produit. Objet innovant et créatif qui résout un problème de façon ingénieuse.
일석이조,to kill two birds with one stone,운동도 되고 재미도 있어서 일석이조예요.,C'est bon pour la santé et amusant en même temps : d'une pierre deux coups.,일석이조 = une pierre deux oiseaux. Expression idiomatique pour une action qui apporte deux bénéfices.
작심삼일로 끝나다,a resolution is short-lived,항상 작심삼일로 끝나요.,Mes décisions ne tiennent jamais plus de trois jours.,작심삼일 = résolution de trois jours. Expression culturelle coréenne pour les résolutions abandonnées rapidement (comme les bonnes résolutions).
담배를 끊다,to quit smoking,드디어 담배를 끊었어요.,J'ai enfin arrêté de fumer.,담배 = cigarette + 끊다 = couper/arrêter. Mettre fin à l'habitude de fumer. Souvent lié à une résolution.
대표적이다,"to be a good example, to be representative of",작심삼일이 가장 대표적인 예예요.,La résolution de trois jours est l'exemple le plus représentatif.,대표 = représentant + 적이다. Être l'exemple type ou emblématique d'une catégorie.
올해,this year,올해 목표가 뭐예요?,Quel est votre objectif pour cette année ?,올 = cet(te) + 해 = année. Désigne l'année en cours. Souvent utilisé en début d'année pour fixer des objectifs.
멋지다,"to be nice, wonderful",이 아이디어 상품이 정말 멋지네요.,Cet article original est vraiment génial !,멋 = style/cool + 지다. Qualifie quelque chose d'impressionnant et de stylé.
아침형 인간,an early bird,저는 아침형 인간이에요.,Je suis un lève-tôt.,"아침 = matin + 형 = type + 인간 = être humain. Personne productive le matin. Opposé de 저녁형 인간 (couche-tard)."
소리를 내다,to make a sound,이 장난감은 소리를 내요.,Ce jouet fait du bruit.,소리 = son + 내다 = émettre/produire. Produire un son de manière active.
한 손에 쏙 들어오다,to fit right in one's hand,이 텀블러는 한 손에 쏙 들어와요.,Cette gourde tient parfaitement dans une seule main.,"한 손 = une seule main + 쏙 = parfaitement/exactement + 들어오다 = entrer dans. Décrit quelque chose d'ergonomique."
양쪽,both sides,양쪽 주머니에 손을 넣었어요.,J'ai mis les mains dans les deux poches.,양쪽 = les deux côtés. S'utilise autant pour les directions que pour les parties d'un objet.
바퀴,wheel,이 여행 가방은 바퀴가 4개예요.,Cette valise de voyage a 4 roues.,바퀴 = roue. Élément circulaire permettant le roulement. Très utile sur les valises et trottinettes.
이리저리,"in various ways, here and there",물건을 이리저리 옮겼어요.,J'ai déplacé les objets dans tous les sens.,"이리 = par ici + 저리 = par là. Indique des mouvements dans différentes directions, sans ordre précis."
고무,rubber,이 장갑은 고무로 만들어졌어요.,Ces gants sont fabriqués en caoutchouc.,고무 = caoutchouc/gomme. Matière élastique et imperméable. Utilisée pour les gants de cuisine et tuyaux.
부서지다,"to break, to fall apart",이 물건은 부서지기 쉬워요.,Cet objet se casse facilement.,부서지다 = se briser/s'effondrer (passif de 부수다). Décrit la destruction d'un objet sous l'effet d'un choc.
제시간,"at the right time, on time",제시간에 도착했어요.,Je suis arrivé à l'heure.,제 = propre/ exact + 시간 = temps. Le moment exactement prévu. Synonyme de 정시에.
변신하다,"to transform into, to turn into",이 제품은 다양하게 변신해요.,Ce produit se transforme de diverses façons.,변신 = transformation + 하다. Changer radicalement d'apparence ou de forme. Souvent utilisé pour des objets polyvalents.
운동 도구,exercise tool,집에 운동 도구가 있어요?,Vous avez des équipements de sport chez vous ?,운동 = sport/exercice + 도구 = outil/accessoire. Equipements pour faire du sport à domicile.
발목에 감다,to wrap around one's ankle,이 밴드를 발목에 감아요.,On enroule cette bande autour de la cheville.,발목 = cheville + 감다 = enrouler/envelopper. Geste médical (bandage) ou sportif (échauffement).
실내 장식,interior decorating,실내 장식에 관심이 많아요.,Je m'intéresse beaucoup à la décoration intérieure.,실내 = intérieur + 장식 = décoration. Art d'aménager et embellir l'espace de vie.
휴대폰 꽃이,cell phone stand or holder,휴대폰 꽂이가 있으면 편리해요.,C'est pratique d'avoir un support pour téléphone.,휴대폰 = téléphone portable + 꽂이 = support/porte. Accessoire pour poser ou maintenir le téléphone en position.
장난감,toy,어릴 때 좋아하던 장난감이 있어요?,Avez-vous un jouet que vous aimiez quand vous étiez enfant ?,장난 = plaisanterie/jeu + 감 = matière/objet. Objet destiné aux jeux des enfants. Peut aussi s'utiliser au sens figuré pour adultes.
활용하다,to make use of,일상에서 이 표현을 잘 활용해 보세요.,Essayez de bien utiliser cette expression dans votre quotidien.,활용 = utilisation pratique + 하다. Mettre quelque chose en application de manière efficace.
금연,not smoking,이 건물은 금연이에요.,Ce bâtiment est non-fumeur.,금 = interdire + 연 = tabac/fumer. Interdiction de fumer dans un espace. Affiché dans les lieux publics coréens.
몸에 해롭다,"to be bad for one, to be unhealthy",담배는 몸에 해로워요.,Le tabac est mauvais pour la santé.,몸 = corps + 해롭다 = être nuisible. Exprimer qu'une substance ou habitude est nocive pour le corps.
강력하다,"to be strong, powerful",이 세제는 기름때 제거에 강력해요.,Ce détergent est puissant pour enlever les taches de graisse.,강력 = force/puissance + 하다. Qualifie quelque chose d'extrêmement efficace ou de très intense.
재떨이,ashtray,재떨이를 치워서 금연을 도왔어요.,J'ai enlevé le cendrier pour aider à arrêter de fumer.,재 = cendre + 떨이 = espace de dépôt. Récipient pour les cendres et mégots de cigarette.
폐,lungs,담배는 폐를 손상시켜요.,Le tabac endommage les poumons.,폐 = poumons. Organes respiratoires. Sujet fréquent dans les campagnes anti-tabac coréennes.
담뱃재를 떨다,to flick cigarette ash,담뱃재를 함부로 떨면 안 돼요.,On ne doit pas faire tomber la cendre de cigarette n'importe où.,담뱃재 = cendre de cigarette + 떨다 = secouer/faire tomber. Geste de fumer qui laisse des traces.
구멍이 나다,there is a hole,옷에 구멍이 났어요.,Il y a un trou dans le vêtement.,구멍 = trou/orifice + 나다 = apparaître. Décrit l'apparition d'un trou dans un tissu ou une surface.
콜록콜록,cough! cough!,담배를 많이 피면 콜록콜록해요.,Si on fume beaucoup on tousse ainsi : cough cough.,콜록콜록 = onomatopée de la toux. Son imité d'une quinte de toux sèche et répétée.
-이 쌓여 있다,"to be stacked, to be piled up",책이 쌓여 있어요.,Des livres sont empilés.,쌓다 = empiler + -어 있다 = état résultant. Décrit des objets accumulés les uns sur les autres.
서랍,drawer in a dresser,서랍에 서류를 넣었어요.,J'ai mis les documents dans le tiroir.,서랍 = tiroir. Compartiment coulissant dans un meuble servant au rangement.
의미를 두다,to find meaning in,이 물건에 큰 의미를 두고 있어요.,J'attache une grande signification à cet objet.,의미 = signification + 두다 = placer/accorder. Attribuer une valeur symbolique ou émotionnelle à quelque chose.
추억하다,to remember fondly,옛날 사진을 보며 추억했어요.,J'ai remémoré de bons souvenirs en regardant de vieilles photos.,추억 = souvenir agréable + 하다. Se remémorer avec nostalgie des moments heureux du passé.
심각하다,"to be serious, severe",상황이 심각해졌어요.,La situation est devenue grave.,심각 = gravité/sévérité + 하다. Qualifie une situation préoccupante qui nécessite une attention immédiate.
간직하다,"to have, to keep, cherish",이 반지를 평생 간직할게요.,Je garderai cette bague toute ma vie.,간직하다 = conserver précieusement. Garder quelque chose avec soin et affection pour ne pas le perdre.
추억이 담겨 있다,to contain memories,이 사진에는 많은 추억이 담겨 있어요.,Cette photo renferme beaucoup de souvenirs.,추억 = souvenir + 담기다 = être contenu dans + -어 있다 = état. Un objet porteur de nombreuses émotions du passé.
늘어놓다,"to spread out, to arrange",물건을 바닥에 늘어놓고 정리했어요.,J'ai étalé les objets par terre et les ai rangés.,늘어놓다 = étaler/disposer en rangée. Mettre des objets en ordre de manière linéaire ou étalée.
만지다,"to touch, feel",아이들이 전시물을 만지면 안 돼요.,Les enfants ne doivent pas toucher les objets exposés.,만지다 = toucher avec les mains. Entrer en contact physique avec un objet.
수첩,small notebook,수첩에 중요한 내용을 적었어요.,J'ai noté les informations importantes dans mon carnet.,"수첩 = petit carnet de notes à portée de main. 수 = reçu/note + 첩 = livre plié. Utilisé pour les rendez-vous, contacts et mémos."
가들,fully,수첩이 메모로 가득 찼어요.,Le carnet est complètement rempli de notes.,"가득 = plein/rempli entièrement. (Note : « 가들 » dans le manuel est probablement une variante ou coquille de 가득.)"
적혀 있다,to be written,수첩에 중요한 전화번호가 적혀 있어요.,Les numéros de téléphone importants sont inscrits dans le carnet.,적다 = noter/écrire + -어 있다 = état résultant. Quelque chose a été écrit et reste visible.
골동품,an antique,이 가구는 100년 된 골동품이에요.,Ce meuble est un antique de 100 ans.,골동품 = antiquité/objet ancien. Objet ancien ayant une valeur historique ou artistique.
생생하다,"to be vivid, lifelike",그 기억이 아직도 생생해요.,Ce souvenir est encore très vivace.,"생생하다 = être vivant/frais/vif. Décrit quelque chose de clair et précis, comme si c'était hier."
떠오르다,to come to mind,그 시절이 떠올라요.,Cette époque me revient en mémoire.,떠오르다 = surgir/remonter à la surface. Une pensée ou un souvenir qui émerge spontanément à l'esprit.